# https://github.com/mikedh/trimesh
v 0.01199935 -0.01592797 -0.00387204
v 0.01199500 -0.01580000 -0.00400000
v 0.01428841 -0.01592797 -0.00387203
v 0.01504723 -0.01580000 -0.00400000
v 0.01429477 -0.01600000 -0.00380000
v 0.01504723 -0.01600000 -0.00380000
v 0.01200000 -0.01600000 -0.00387204
v -0.01210906 -0.01271383 -0.00387203
v -0.00300000 -0.01307214 -0.00387204
v -0.01098574 -0.01560718 -0.00387204
v -0.00300000 -0.01600000 -0.00387203
v 0.00200000 -0.04326048 -0.00387204
v 0.00370158 -0.04310058 -0.00387204
v 0.00450780 -0.04996866 -0.00387203
v -0.00313397 -0.01650000 -0.00387203
v -0.00350000 -0.01686603 -0.00387203
v -0.00400000 -0.01700000 -0.00387204
v -0.01100000 -0.01700000 -0.00387204
v -0.01423537 -0.01560651 -0.00387204
v -0.01150000 -0.01713397 -0.00387204
v -0.01429494 -0.01627788 -0.00387204
v 0.01298701 -0.03887229 -0.00387204
v 0.01179592 -0.04240958 -0.00387204
v 0.00907107 -0.04119757 -0.00387204
v 0.01133358 -0.04348247 -0.00387204
v 0.01008711 -0.04576472 -0.00387204
v 0.00726782 -0.04262650 -0.00387204
v 0.00867472 -0.04752532 -0.00387204
v 0.00534358 -0.04262650 -0.00387203
v 0.00826183 -0.04791261 -0.00387204
v 0.00668108 -0.04903372 -0.00387204
v -0.01186603 -0.01750000 -0.00387204
v -0.01200000 -0.01800000 -0.00387204
v -0.01465305 -0.02088345 -0.00387204
v -0.00530348 -0.04968055 -0.00387204
v -0.00370158 -0.04310058 -0.00387204
v -0.00449686 -0.04996680 -0.00387204
v -0.00200000 -0.04326047 -0.00387204
v 0.00226639 -0.05047658 -0.00387204
v 0.00000533 -0.05063087 -0.00387204
v -0.00225566 -0.05047565 -0.00387204
v -0.01200000 -0.03412650 -0.00387203
v -0.01165926 -0.03671469 -0.00387204
v -0.01297148 -0.03886692 -0.00387204
v -0.01066025 -0.03912650 -0.00387204
v -0.01178185 -0.04240470 -0.00387204
v -0.00907107 -0.04119756 -0.00387203
v -0.01037294 -0.04528497 -0.00387204
v -0.00726783 -0.04262650 -0.00387204
v -0.00904637 -0.04711452 -0.00387204
v -0.00534357 -0.04262650 -0.00387204
v -0.00866277 -0.04752173 -0.00387204
v -0.00706573 -0.04879412 -0.00387203
v 0.01431983 -0.01628381 -0.00387204
v 0.01467604 -0.02088952 -0.00387204
v 0.01200000 -0.03412650 -0.00387204
v 0.01482021 -0.02533847 -0.00387204
v 0.01066025 -0.03912650 -0.00387204
v 0.01165926 -0.03671469 -0.00387204
v 0.01392533 -0.03479511 -0.00387203
v 0.01458675 -0.03008704 -0.00387204
v -0.01390813 -0.03478935 -0.00387203
v -0.01456758 -0.03008100 -0.00387204
v -0.01479910 -0.02533233 -0.00387204
v -0.00534358 -0.04262650 -0.00550000
v -0.00370157 -0.04310058 -0.00550000
v -0.00200000 -0.04326047 -0.00550000
v 0.00200000 -0.04326048 -0.00550000
v 0.00370157 -0.04310058 -0.00550000
v 0.00534357 -0.04262650 -0.00550000
v -0.00300000 -0.01600000 0.00312796
v -0.00300000 -0.01600000 -0.00000000
v 0.00901082 -0.01600000 0.00312797
v -0.00057063 -0.01600000 0.00000000
v 0.00977619 -0.01600000 0.00297572
v -0.00057063 -0.01600000 -0.00087204
v 0.01101082 -0.01600000 -0.00087204
v 0.01101082 -0.01600000 0.00112796
v 0.01085858 -0.01600000 0.00189333
v 0.01042503 -0.01600000 0.00254218
v -0.01098577 -0.01581010 0.00000000
v -0.01098579 -0.01586922 0.00112796
v -0.01098651 -0.01932615 -0.00000000
v -0.01098990 -0.03570717 0.00112796
v -0.01098650 -0.01932614 -0.00087204
v -0.01098990 -0.03570717 -0.00087204
v 0.01100674 -0.03571173 0.00112796
v 0.01100674 -0.03571173 -0.00087204
v -0.00099196 -0.04570925 0.00112797
v -0.00099197 -0.04570925 -0.00087204
v -0.00272842 -0.04555697 0.00112796
v -0.00358009 -0.04536797 -0.00087204
v -0.00358008 -0.04536797 0.00112797
v -0.00441204 -0.04510546 0.00112797
v -0.00599169 -0.04436846 -0.00087204
v -0.00599169 -0.04436846 0.00112796
v -0.00741936 -0.04336836 0.00112796
v -0.00806243 -0.04277885 -0.00087204
v -0.00806243 -0.04277885 0.00112796
v -0.00865167 -0.04213553 0.00112797
v -0.00965119 -0.04070746 -0.00087204
v -0.00965119 -0.04070746 0.00112796
v -0.01038753 -0.03912750 0.00112797
v -0.01064969 -0.03829544 -0.00087204
v -0.01064969 -0.03829544 0.00112796
v -0.01083833 -0.03744369 0.00112796
v 0.00100467 -0.04570966 0.00112796
v 0.00100467 -0.04570966 -0.00087203
v 0.01085446 -0.03744818 0.00112797
v 0.01066546 -0.03829985 -0.00087204
v 0.01066546 -0.03829985 0.00112796
v 0.01040295 -0.03913180 0.00112796
v 0.00966596 -0.04071145 -0.00087203
v 0.00966595 -0.04071145 0.00112796
v 0.00866586 -0.04213912 0.00112797
v 0.00807635 -0.04278219 -0.00087203
v 0.00807634 -0.04278219 0.00112796
v 0.00743303 -0.04337144 0.00112796
v 0.00600494 -0.04437095 -0.00087204
v 0.00600494 -0.04437095 0.00112796
v 0.00442499 -0.04510729 0.00112796
v 0.00359293 -0.04536945 -0.00087204
v 0.00359293 -0.04536946 0.00112796
v 0.00274118 -0.04555810 0.00112796
v 0.00026918 -0.02161496 0.00262797
v 0.00126877 -0.02174073 -0.00087204
v -0.00073747 -0.02165544 -0.00087204
v 0.00126877 -0.02174073 0.00262796
v 0.00223402 -0.02202930 0.00262796
v 0.00313861 -0.02247283 -0.00087204
v 0.00313861 -0.02247283 0.00262796
v 0.00395787 -0.02305919 0.00262797
v 0.00466943 -0.02377239 -0.00087204
v 0.00466943 -0.02377239 0.00262797
v 0.00525390 -0.02459300 0.00262796
v 0.00569534 -0.02549860 -0.00087204
v 0.00569534 -0.02549860 0.00262797
v 0.00598169 -0.02646452 0.00262796
v 0.00610515 -0.02746440 -0.00087204
v 0.00610515 -0.02746440 0.00262797
v 0.00606236 -0.02847096 0.00262797
v 0.00585448 -0.02945674 -0.00087203
v 0.00585447 -0.02945674 0.00262796
v 0.00548717 -0.03039486 0.00262796
v 0.00497046 -0.03125974 -0.00087204
v 0.00497047 -0.03125974 0.00262796
v 0.00431846 -0.03202777 0.00262796
v 0.00354892 -0.03267802 -0.00087204
v 0.00354892 -0.03267802 0.00262796
v 0.00268286 -0.03319272 0.00262797
v 0.00174389 -0.03355786 -0.00087204
v 0.00174389 -0.03355786 0.00262797
v 0.00075763 -0.03376348 0.00262797
v -0.00024903 -0.03380395 -0.00087204
v -0.00024903 -0.03380395 0.00262797
v -0.00124862 -0.03367818 0.00262796
v -0.00221387 -0.03338960 -0.00087204
v -0.00221387 -0.03338960 0.00262796
v -0.00311845 -0.03294608 0.00262797
v -0.00393771 -0.03235972 -0.00087204
v -0.00393771 -0.03235972 0.00262796
v -0.00464927 -0.03164651 0.00262797
v -0.00523375 -0.03082591 -0.00087204
v -0.00523374 -0.03082591 0.00262797
v -0.00567518 -0.02992030 0.00262796
v -0.00596153 -0.02895439 -0.00087204
v -0.00596153 -0.02895439 0.00262797
v -0.00608521 -0.02746969 -0.00087204
v -0.00608500 -0.02795451 0.00262796
v -0.00604220 -0.02694796 -0.00087204
v -0.00604221 -0.02694795 0.00262796
v -0.00583432 -0.02596216 0.00262796
v -0.00546702 -0.02502404 -0.00087204
v -0.00546702 -0.02502404 0.00262796
v -0.00495031 -0.02415917 0.00262797
v -0.00429830 -0.02339113 -0.00087204
v -0.00429830 -0.02339113 0.00262797
v -0.00352877 -0.02274090 0.00262797
v -0.00266271 -0.02222618 -0.00087204
v -0.00266270 -0.02222619 0.00262797
v -0.00172374 -0.02186104 0.00262796
v -0.00073747 -0.02165543 0.00262796
v -0.00071735 -0.01973008 -0.00087203
v -0.00071736 -0.01973009 -0.00000000
v -0.00300000 -0.00155268 0.00000000
v -0.00300000 -0.00112583 0.00065000
v -0.00300000 -0.00130000 -0.00000000
v -0.00300000 -0.00195915 -0.00451001
v -0.00300000 -0.00195914 -0.00300000
v -0.00300000 -0.00132281 -0.00451001
v -0.00300000 -0.00155268 -0.00300000
v -0.00300000 0.00043316 -0.00468000
v -0.00300000 -0.00621097 0.00274103
v -0.00300000 -0.00160749 0.00441656
v -0.00300000 -0.00636664 0.00189265
v -0.00300000 -0.00572696 0.00104081
v -0.00300000 -0.00550000 -0.00000000
v -0.00300000 -0.00065000 0.00112583
v -0.00300000 -0.00001370 0.00129993
v -0.00300000 0.00013407 0.00469809
v -0.00300000 0.00000000 0.00130000
v -0.00300000 0.00065000 0.00112583
v -0.00300000 -0.00651156 0.00210506
v -0.00300000 -0.00653175 0.00236142
v -0.00300000 -0.00642187 0.00259390
v -0.00300000 0.00185675 0.00431769
v -0.00300000 0.00331783 0.00332896
v -0.00300000 0.00112583 0.00065000
v -0.00300000 0.00431145 0.00187121
v -0.00300000 0.00130000 0.00000000
v -0.00300000 0.00469761 0.00014982
v -0.00300000 0.00112583 -0.00065000
v -0.00300000 -0.00112583 -0.00065000
v -0.00300000 -0.00065000 -0.00112583
v -0.00300000 0.00000000 -0.00130000
v -0.00300000 0.00212810 -0.00419061
v -0.00300000 0.00065000 -0.00112583
v -0.00300000 0.00352321 -0.00311079
v -0.00300000 0.00442192 -0.00159269
v -0.00300000 -0.00262281 -0.00300000
v -0.00300000 -0.01307214 -0.00300000
v -0.00997955 -0.00201592 -0.00300000
v -0.01210906 -0.01271383 -0.00300000
v -0.01359060 -0.00144119 -0.00300000
v -0.01592290 -0.01016359 -0.00300000
v -0.01409396 -0.00134667 -0.00300000
v -0.01613732 -0.00829874 -0.00300000
v -0.01098574 -0.01565288 -0.00300000
v -0.01423442 -0.01565213 -0.00300000
v -0.01098573 -0.01560718 -0.00300000
v -0.01571983 -0.01218899 -0.00300000
v -0.01506748 -0.01594897 -0.00300000
v -0.01553629 -0.01547081 -0.00300000
v -0.01455846 -0.01594897 -0.00300000
v -0.01555682 -0.01470365 -0.00300000
v -0.01571276 -0.01227002 -0.00300000
v -0.01657481 -0.00431276 -0.00300000
v -0.01665733 -0.00334232 -0.00300000
v -0.01678908 -0.00077953 -0.00300000
v -0.00826822 -0.00159009 -0.00451001
v -0.01054320 -0.00132281 -0.00451001
v -0.01094282 -0.01482693 0.00492232
v -0.01152863 -0.01481135 0.00411069
v -0.01140071 -0.01447391 0.00435437
v -0.01292943 -0.01483241 0.00097749
v -0.01302863 -0.01583518 0.00048663
v -0.01314524 -0.01580966 -0.00000000
v -0.01257402 -0.01481939 0.00203805
v -0.01211123 -0.01481211 0.00308971
v -0.01265161 -0.01589969 0.00171604
v -0.01216950 -0.01596037 0.00287188
v -0.00913297 -0.01550766 0.00662551
v -0.00903128 -0.01560515 0.00669772
v -0.00904284 -0.01570875 0.00668704
v -0.00895944 -0.01573491 0.00674686
v -0.00917479 -0.01547833 0.00659508
v -0.00898351 -0.01603540 0.00672740
v -0.00895263 -0.01590964 0.00674980
v -0.00894357 -0.01582979 0.00675691
v -0.00901413 -0.01616192 0.00670526
v -0.01031252 -0.01510640 0.00561085
v -0.00941740 -0.01537236 0.00641020
v -0.00960413 -0.01613751 0.00624185
v -0.00992682 -0.01612242 0.00595520
v -0.01041120 -0.01507296 0.00551030
v -0.01045729 -0.01609439 0.00542235
v -0.01121216 -0.01604561 0.00449474
v -0.01157726 -0.01601700 0.00395029
v -0.01178265 -0.01402399 0.00384853
v -0.01271193 -0.01341164 0.00208512
v -0.01245681 -0.01367455 0.00262674
v -0.01228157 -0.01378057 0.00297969
v -0.01201228 -0.01385693 0.00348765
v -0.01187897 -0.01391925 0.00370985
v -0.01298831 -0.01348472 0.00121662
v -0.01284749 -0.01320296 0.00178928
v -0.01304413 -0.01278525 0.00136664
v -0.01333517 -0.01303629 -0.00000000
v -0.01329802 -0.01196911 0.00090087
v -0.01314738 -0.01249733 0.00115927
v -0.01337642 -0.01163280 0.00080258
v -0.01358012 -0.01107482 0.00018384
v -0.01348973 -0.01105311 0.00073708
v -0.01349649 -0.01101436 0.00073719
v -0.01360718 -0.01107358 0.00000000
v -0.01317422 -0.01487390 -0.00000000
v -0.01479854 0.00000000 -0.00420000
v -0.01475921 -0.00000000 0.00067225
v -0.01479684 -0.00033358 -0.00418713
v -0.01479166 -0.00063134 -0.00300000
v -0.01479255 -0.00063117 -0.00415372
v -0.01445203 -0.00505562 0.00000000
v -0.01459537 -0.00363881 -0.00000000
v -0.01463425 -0.00309442 0.00030961
v -0.01464134 -0.00309380 -0.00000000
v -0.01475512 -0.00109029 0.00000000
v -0.01416197 -0.00612162 0.00232708
v -0.01427248 -0.00569706 0.00187459
v -0.01441373 -0.00380087 0.00315605
v -0.01432936 -0.00547230 0.00154016
v -0.01439507 -0.00521686 0.00097949
v -0.01472582 -0.00154357 0.00057475
v -0.01456303 -0.00309122 0.00215481
v -0.01442523 -0.00511219 0.00058687
v -0.01455596 -0.00075190 0.00418652
v -0.01454439 -0.00146433 0.00399663
v -0.01465259 -0.00154551 0.00250997
v -0.01447166 -0.00305872 0.00342232
v -0.01456069 0.00000000 0.00425222
v -0.01468520 -0.00000000 0.00264060
v -0.01478022 -0.00108931 -0.00300000
v -0.01367186 -0.00636664 0.00189265
v -0.01377940 -0.00602105 0.00152767
v -0.01395492 -0.00550000 -0.00000000
v -0.01392903 -0.00554504 0.00047242
v -0.01389941 -0.00563001 0.00079569
v -0.01383499 -0.00583800 0.00125528
v -0.01310762 -0.01050000 -0.00000000
v -0.00300000 -0.01050000 0.00000000
v -0.01309166 -0.01049833 0.00009135
v -0.00300000 -0.01044127 0.00053872
v -0.01301216 -0.01044126 0.00053872
v -0.01440563 -0.00521690 -0.00000000
v -0.01430846 -0.00535374 -0.00000000
v -0.01436838 -0.00528145 0.00000000
v -0.01434236 -0.00533400 0.00053899
v -0.01417146 -0.00545073 0.00000000
v -0.01431329 -0.00543115 0.00090011
v -0.01425045 -0.00566829 0.00141479
v -0.01419650 -0.00587702 0.00172075
v -0.01401737 -0.00599472 0.00159473
v -0.01407124 -0.00580086 0.00131152
v -0.01413399 -0.00558060 0.00083362
v -0.01416301 -0.00549046 0.00049762
v -0.01409276 -0.00627138 0.00213229
v -0.01391683 -0.00636014 0.00197541
v -0.01391385 -0.00636082 0.00197370
v -0.01327658 -0.01052868 -0.00000000
v -0.01329908 -0.01054325 0.00012331
v -0.01342651 -0.01061181 0.00000000
v -0.01346828 -0.01067196 0.00015275
v -0.01349095 -0.01067378 0.00000000
v -0.01353914 -0.01073933 0.00000000
v -0.01356809 -0.01086075 0.00017425
v -0.01360175 -0.01089515 0.00000000
v -0.01350037 -0.01083476 0.00069814
v -0.01322483 -0.01048201 0.00057933
v -0.01323586 -0.01048701 0.00058207
v -0.01339621 -0.01060963 0.00063297
v -0.01349303 -0.01079936 0.00068923
v -0.00300000 -0.01600000 0.00359193
v -0.00870284 -0.01616730 0.00680658
v 0.00650000 -0.01600000 0.00355440
v -0.00300000 -0.01616847 0.00680639
v -0.01040002 -0.01594346 0.00254218
v -0.00975118 -0.01596631 0.00297572
v -0.00898581 -0.01597445 0.00312796
v -0.00911471 -0.01627090 0.00878516
v -0.00897434 -0.01627623 0.00888631
v -0.00847863 -0.01628939 0.00913536
v -0.00788211 -0.01631252 0.00957429
v -0.00718906 -0.01632000 0.00971450
v -0.00731903 -0.01632778 0.00986340
v -0.00616190 -0.01633892 0.01007151
v -0.00672629 -0.01634123 0.01011732
v -0.00671670 -0.01634142 0.01012113
v 0.00708173 -0.01633699 0.00998227
v 0.00841837 -0.01630009 0.00927279
v 0.00848436 -0.01629793 0.00923133
v -0.00300000 -0.01597568 0.00312796
v -0.00885440 -0.01616609 0.00678430
v -0.00669650 -0.01634183 0.01012917
v -0.00659562 -0.01634384 0.01016733
v -0.00657363 -0.01634428 0.01017301
v 0.01235613 -0.01609671 0.00537661
v 0.01284357 -0.01605276 0.00453615
v 0.01325382 -0.01600648 0.00365145
v 0.01330343 -0.01600000 0.00352752
v -0.01083355 -0.01590936 0.00189333
v 0.00481060 -0.01637126 0.01064514
v 0.00574996 -0.01636083 0.01044243
v 0.00658468 -0.01634725 0.01018009
v -0.00656577 -0.01634443 0.01017463
v -0.00655983 -0.01634453 0.01018009
v -0.00462227 -0.01635993 0.01046624
v -0.00503579 -0.01636681 0.01059903
v -0.00300000 -0.01637421 0.01073230
v -0.00294711 -0.01638063 0.01085456
v 0.00001242 -0.01638439 0.01091460
v 0.00262133 -0.01638279 0.01087372
v 0.01006766 -0.01623552 0.00803425
v 0.01155696 -0.01615424 0.00647753
v -0.00300000 -0.01329444 0.00328579
v -0.00300000 -0.01292595 0.00218831
v -0.00300000 -0.01206951 0.00140936
v -0.00300000 -0.01094210 0.00114630
v -0.00300000 -0.01339713 0.00366258
v -0.00300000 -0.01363629 0.00397131
v -0.00300000 -0.01419299 0.00459504
v -0.00300000 -0.01457517 0.00533861
v -0.00300000 -0.01600000 0.00500000
v -0.00300000 -0.01488567 0.00619172
v -0.00300000 -0.01586783 0.00571498
v -0.00300000 -0.01513675 0.00657482
v -0.00300000 -0.01548880 0.00633547
v -0.00300000 -0.01518078 0.00661423
v -0.00300000 -0.01072194 0.00110133
v -0.00300000 -0.01054370 0.00096449
v -0.00300000 -0.01044340 0.00076341
v -0.00300000 -0.00262281 -0.00614345
v -0.00300000 -0.01600000 -0.00650000
v -0.00300000 0.00000000 -0.00650000
v -0.00300000 -0.00261123 -0.00603648
v -0.00300000 -0.00256722 -0.00591442
v -0.00300000 -0.00195915 -0.00567113
v -0.00300000 -0.01157357 0.00262642
v -0.00300000 -0.01188701 0.00298382
v -0.00300000 -0.01156086 0.00446763
v -0.00300000 -0.01200000 0.00344557
v -0.00300000 -0.01200071 0.00453546
v -0.00300000 -0.01113053 0.00245413
v -0.00300000 -0.01078957 0.00458634
v -0.00300000 -0.01065798 0.00250588
v -0.00300000 -0.00205212 0.00563816
v -0.00300000 -0.00553183 0.00650000
v -0.00300000 -0.00017126 0.00599756
v -0.00300000 0.00000000 0.00650000
v -0.00300000 0.00172704 0.00574607
v -0.00300000 0.00200861 0.00618187
v -0.00300000 0.00344944 0.00490932
v -0.00300000 0.00382060 0.00525861
v -0.00300000 0.00482049 0.00357252
v -0.00300000 0.00525861 0.00382060
v -0.00300000 0.00570054 0.00187184
v -0.00300000 0.00618187 0.00200861
v -0.00300000 0.00599997 -0.00001949
v -0.00300000 0.00650000 0.00000000
v -0.00300000 0.00568826 -0.00190884
v -0.00300000 0.00618187 -0.00200861
v -0.00300000 0.00479717 -0.00360377
v -0.00300000 0.00525861 -0.00382060
v -0.00300000 0.00341747 -0.00493163
v -0.00300000 0.00382060 -0.00525861
v -0.00300000 0.00168967 -0.00575717
v -0.00300000 0.00200861 -0.00618187
v -0.00300000 -0.00021023 -0.00599632
v -0.00300000 -0.00243728 -0.00575491
v -0.00300000 -0.00229067 -0.00567270
v -0.00300000 -0.00254828 -0.00588093
v -0.00300000 -0.00219391 -0.00564877
v -0.00300000 -0.00212504 -0.00564368
v -0.01123207 -0.00122887 -0.00300000
v -0.00826822 -0.00159009 -0.00300000
v -0.01412780 -0.01620024 0.00179452
v -0.01386662 -0.01625315 0.00280419
v -0.01427739 -0.01619383 0.00167242
v -0.01480370 -0.01607984 -0.00050262
v -0.01449144 -0.01604469 -0.00117335
v -0.01443144 -0.01608954 -0.00031768
v -0.01414458 -0.01619614 0.00171637
v -0.01412928 -0.01619993 0.00178867
v -0.00300000 -0.01450659 0.00688847
v -0.00300000 -0.01409131 0.00682066
v -0.00300000 -0.01511005 0.01060912
v -0.00300000 -0.01374069 0.00658802
v -0.00300000 -0.01351681 0.00623174
v -0.00300000 -0.01598934 0.00683616
v -0.00300000 -0.01553230 0.00680579
v -0.00300000 -0.01515830 0.01070730
v -0.00300000 -0.01521731 0.01078339
v -0.00300000 -0.01527110 0.01083288
v -0.00300000 -0.01491300 0.00677945
v -0.00300000 -0.01617065 0.01094145
v -0.00300000 -0.01558357 0.01094187
v -0.00300000 -0.01541806 0.01091393
v -0.01276503 -0.01627935 0.00507821
v -0.01289483 -0.01590327 0.00558027
v -0.01338749 -0.01626240 0.00394870
v -0.01392715 -0.01581784 0.00383371
v -0.01353920 -0.01625885 0.00362037
v -0.01526425 -0.01560497 -0.00039801
v -0.01418922 -0.01578982 0.00326636
v -0.01472296 -0.01571858 0.00183868
v -0.01504058 -0.01566062 0.00069189
v -0.01260940 -0.01628368 0.00531972
v -0.01182923 -0.01630057 0.00636610
v -0.01225580 -0.01594342 0.00640653
v -0.01165574 -0.01630270 0.00656939
v -0.01154173 -0.01598090 0.00717758
v -0.01080364 -0.01630377 0.00745264
v -0.01077066 -0.01601531 0.00787354
v -0.00978060 -0.01628730 0.00831569
v -0.00994378 -0.01604669 0.00849716
v -0.00893107 -0.01607834 0.00912451
v -0.00813270 -0.01609899 0.00953296
v -0.00716928 -0.01611972 0.00994218
v -0.00614157 -0.01613756 0.01029322
v -0.00512015 -0.01615154 0.01056763
v -0.00391588 -0.01616389 0.01080937
v -0.00866202 -0.01598933 0.00683616
v -0.00869134 -0.01611739 0.00681488
v -0.00884530 -0.01607861 0.00679538
v -0.00881504 -0.01595173 0.00681687
v -0.01404767 -0.00160749 0.00441655
v -0.01391968 -0.00391178 0.00357786
v -0.01367186 -0.00621097 0.00274103
v -0.01446054 -0.00154000 0.00420903
v -0.01407272 -0.00618517 0.00253238
v -0.01432775 -0.00387002 0.00336642
v -0.01405827 -0.00619005 0.00255075
v -0.01414967 -0.00391000 0.00351846
v -0.01389663 -0.00621728 0.00268110
v -0.01387468 -0.00621846 0.00269190
v -0.01428112 -0.00159172 0.00436071
v -0.01215380 -0.01341560 0.00300558
v -0.01200733 -0.01329018 0.00296206
v -0.01175346 -0.01334383 0.00338025
v -0.01199174 -0.01365133 0.00349060
v -0.01190025 -0.01346998 0.00345264
v -0.01225024 -0.01358804 0.00301178
v -0.01241945 -0.01349313 0.00267912
v -0.01266718 -0.01325171 0.00216886
v -0.01279946 -0.01305801 0.00189028
v -0.01232018 -0.01332893 0.00269459
v -0.01256434 -0.01310447 0.00221722
v -0.01269499 -0.01292306 0.00195653
v -0.01288555 -0.01255691 0.00158434
v -0.01217371 -0.01320629 0.00267085
v -0.01241763 -0.01299031 0.00222351
v -0.01254807 -0.01281619 0.00197917
v -0.01273828 -0.01246531 0.00163045
v -0.01283859 -0.01222265 0.00145970
v -0.01256923 -0.01240533 0.00162485
v -0.01237841 -0.01275174 0.00195513
v -0.01224737 -0.01292502 0.00218688
v -0.01200175 -0.01314340 0.00261142
v -0.01183372 -0.01323140 0.00288801
v -0.01157643 -0.01329445 0.00328579
v -0.01281702 -0.01173015 0.00126454
v -0.01270593 -0.01207006 0.00140965
v -0.01266978 -0.01216691 0.00146357
v -0.01343011 -0.01104463 0.00089850
v -0.01332009 -0.01102710 0.00102991
v -0.01331881 -0.01158875 0.00096109
v -0.01320956 -0.01154009 0.00108790
v -0.01324168 -0.01190415 0.00105390
v -0.01313301 -0.01183731 0.00117445
v -0.01309350 -0.01239901 0.00129728
v -0.01298604 -0.01230342 0.00140183
v -0.01299208 -0.01266834 0.00149246
v -0.01317271 -0.01100262 0.00111571
v -0.01306195 -0.01149273 0.00116760
v -0.01298539 -0.01177682 0.00124768
v -0.01343674 -0.01100824 0.00089852
v -0.01340356 -0.01100384 0.00094860
v -0.01332668 -0.01099279 0.00102997
v -0.01323134 -0.01097813 0.00109323
v -0.01317933 -0.01096984 0.00111596
v -0.01289392 -0.01145242 0.00119051
v -0.01300548 -0.01097407 0.00114572
v -0.01301216 -0.01094210 0.00114630
v -0.01638920 -0.00000000 0.00566733
v -0.01671691 -0.00000000 0.00202506
v -0.01660865 -0.00206952 0.00286573
v -0.01285073 -0.01389387 0.00590682
v -0.01274213 -0.01419989 0.00598274
v -0.01195513 -0.01422728 0.00690428
v -0.01581004 -0.00264282 0.00722010
v -0.01582941 -0.00205797 0.00740583
v -0.01617118 -0.00208638 0.00624905
v -0.01585832 -0.00104313 0.00761110
v -0.01587064 -0.00000000 0.00768018
v -0.01631337 -0.00603755 0.00091049
v -0.01630036 -0.00609851 0.00100419
v -0.01626335 -0.00612462 0.00153917
v -0.01622829 -0.00645016 0.00138466
v -0.01609978 -0.00613219 0.00316689
v -0.01621187 -0.00653228 0.00144815
v -0.01612154 -0.00699440 0.00169579
v -0.01583844 -0.00613602 0.00461356
v -0.01600000 -0.00765640 0.00181781
v -0.01561659 -0.00813084 0.00352312
v -0.01604296 -0.00741465 0.00180019
v -0.01610300 -0.00709163 0.00172889
v -0.01638725 -0.00610569 -0.00229493
v -0.01638327 -0.00598745 -0.00096807
v -0.01659196 -0.00407549 -0.00200663
v -0.01638770 -0.00592669 -0.00084186
v -0.01639117 -0.00586851 -0.00069250
v -0.01639230 -0.00578295 -0.00033559
v -0.01639030 -0.00576908 -0.00020476
v -0.01636914 -0.00580342 0.00031559
v -0.01636105 -0.00583207 0.00043457
v -0.01646529 -0.00410748 0.00231496
v -0.01615386 -0.00813378 -0.00262361
v -0.01614185 -0.00816409 -0.00198508
v -0.01620752 -0.00762472 -0.00202300
v -0.01622327 -0.00749176 -0.00201001
v -0.01628325 -0.00697154 -0.00186896
v -0.01629793 -0.00683996 -0.00180774
v -0.01633027 -0.00654133 -0.00162044
v -0.01634492 -0.00640019 -0.00150276
v -0.01635538 -0.00629604 -0.00140008
v -0.01580489 -0.01013950 -0.00022214
v -0.01583206 -0.00966210 0.00025840
v -0.01587069 -0.00970134 -0.00025737
v -0.01588127 -0.00968966 -0.00037727
v -0.01593118 -0.00955159 -0.00087474
v -0.01592248 -0.01016192 -0.00294946
v -0.01594205 -0.00950655 -0.00097045
v -0.01597303 -0.00935466 -0.00121997
v -0.01600000 -0.00919835 -0.00140942
v -0.01606264 -0.00877387 -0.00174909
v -0.01608627 -0.00859824 -0.00184153
v -0.01612736 -0.00827959 -0.00195750
v -0.01582485 -0.00895166 0.00137821
v -0.01580722 -0.00932350 0.00099736
v -0.01539665 -0.01012669 0.00244208
v -0.01591305 -0.00819533 0.00175220
v -0.01589260 -0.00833916 0.00170928
v -0.01583584 -0.00882363 0.00147095
v -0.01580752 -0.00941141 0.00086909
v -0.01581807 -0.00958653 0.00051518
v -0.01582423 -0.00962763 0.00039227
v -0.01567664 -0.00438734 0.00659353
v -0.01545684 -0.00613588 0.00588805
v -0.01534818 -0.00657607 0.00581653
v -0.01524170 -0.00813077 0.00479762
v -0.01484776 -0.00928343 0.00484647
v -0.01502842 -0.01012670 0.00371660
v -0.01461422 -0.01075066 0.00431040
v -0.01452228 -0.01125485 0.00418613
v -0.01484529 -0.01213942 0.00278841
v -0.01445220 -0.01153847 0.00416633
v -0.01383375 -0.01301050 0.00466113
v -0.01422603 -0.01418935 0.00345123
v -0.01353119 -0.01340654 0.00503800
v -0.01357378 -0.01419476 0.00473656
v -0.01335156 -0.01358111 0.00526954
v -0.01396311 -0.01279235 0.00451258
v -0.01419410 -0.01230586 0.00428760
v -0.01434567 -0.01214529 0.00405209
v -0.01428783 -0.01206245 0.00422065
v -0.01296708 -0.01384042 0.00576152
v -0.01096004 -0.01452518 0.00780131
v -0.01022314 -0.01470915 0.00835573
v -0.00319071 -0.01557519 0.01091786
v -0.00904565 -0.01495302 0.00908824
v -0.00778518 -0.01515941 0.00970335
v -0.00717311 -0.01524264 0.00994951
v -0.00631183 -0.01534335 0.01024558
v -0.00479632 -0.01547965 0.01064256
v -0.01472061 -0.01418467 0.00215645
v -0.01547550 -0.01420021 -0.00148761
v -0.01560892 -0.01215875 -0.00097501
v -0.01673730 -0.00204098 -0.00180196
v -0.01679854 0.00000000 -0.00596502
v -0.01679854 0.00000000 -0.00750000
v -0.01679589 -0.00042834 -0.00748811
v -0.01507923 -0.01418459 0.00088192
v -0.01520781 -0.01213935 0.00151388
v -0.01643994 -0.00208075 0.00470505
v -0.01629871 -0.00412011 0.00406642
v -0.01603303 -0.00412646 0.00557001
v -0.01678990 -0.00077934 -0.00746054
v -0.01450000 0.00342880 0.00610273
v -0.01450000 0.00465312 0.00522958
v -0.01450000 0.00549949 0.00580996
v -0.01450000 0.00551697 -0.00430848
v -0.01450000 0.00446945 -0.00538739
v -0.01450000 0.00529377 -0.00599800
v -0.01450000 0.00489569 -0.00632710
v -0.01450000 0.00321567 -0.00621767
v -0.01450000 0.00345346 -0.00721620
v -0.01450000 0.00383941 0.00701847
v -0.01450000 0.00370273 0.00709153
v -0.01450000 0.00204625 0.00669424
v -0.01450000 0.00162418 0.00783339
v -0.01450000 0.00056927 0.00697681
v -0.01450000 0.00686331 0.00137657
v -0.01450000 0.00773249 0.00205150
v -0.01450000 0.00641093 0.00281068
v -0.01450000 0.00700603 0.00386207
v -0.01450000 0.00566269 0.00411509
v -0.01450000 0.00687770 0.00408622
v -0.01450000 0.00564771 0.00566599
v -0.01450000 0.00699895 -0.00012107
v -0.01450000 0.00799879 -0.00013936
v -0.01450000 0.00780615 0.00175044
v -0.01450000 -0.00085558 -0.00694752
v -0.01450000 -0.00085558 -0.00795412
v -0.01450000 0.00032762 -0.00699233
v -0.01450000 0.00073587 -0.00796608
v -0.01450000 0.00181349 -0.00676101
v -0.01450000 0.00135033 -0.00788521
v -0.01450000 0.00293261 -0.00744310
v -0.01450000 -0.00900000 0.00523637
v -0.01450000 -0.00900000 0.00417351
v -0.01450000 -0.00880348 0.00530922
v -0.01450000 -0.00239414 0.00657785
v -0.01450000 -0.00093399 0.00693741
v -0.01450000 -0.00057799 0.00797909
v -0.01450000 -0.00273616 0.00751754
v -0.01450000 0.00646872 -0.00470699
v -0.01450000 0.00673119 -0.00432332
v -0.01450000 0.00630988 -0.00303074
v -0.01450000 0.00752634 -0.00271185
v -0.01450000 0.00681159 -0.00161313
v -0.01450000 0.00765633 -0.00231960
v -0.01450000 0.00798432 -0.00050065
v -0.01430244 -0.00125373 -0.00790115
v -0.01409396 -0.00134667 -0.00788584
v -0.01628847 -0.00089271 -0.00795004
v -0.01629854 0.00264805 -0.00754903
v -0.01629854 0.00293261 -0.00744310
v -0.01628040 0.00798432 -0.00050064
v -0.01593903 0.00564770 0.00566599
v -0.01536569 -0.00212763 0.00771189
v -0.01534717 -0.00273616 0.00751754
v -0.01539282 -0.00107618 0.00792728
v -0.01540134 -0.00052648 0.00798266
v -0.01546952 0.00172545 0.00781171
v -0.01545213 0.00147160 0.00786349
v -0.01542109 0.00086651 0.00795294
v -0.01540424 -0.00000000 0.00800000
v -0.01569181 0.00383942 0.00701847
v -0.01564544 0.00347144 0.00720757
v -0.01553550 0.00248759 0.00760341
v -0.01593865 0.00564500 0.00566868
v -0.01582495 0.00482899 0.00637816
v -0.01570356 0.00393004 0.00696813
v -0.01612394 0.00700596 0.00386219
v -0.01607771 0.00665879 0.00443402
v -0.01598892 0.00600724 0.00528328
v -0.01617766 0.00741414 0.00300508
v -0.01614878 0.00719453 0.00349839
v -0.01626643 0.00799066 0.00038645
v -0.01625483 0.00794628 0.00092558
v -0.01623130 0.00780614 0.00175048
v -0.01622302 0.00774926 0.00198721
v -0.01629204 0.00780487 -0.00175614
v -0.01628266 0.00797042 -0.00068729
v -0.01629779 0.00729396 -0.00328606
v -0.01629644 0.00752634 -0.00271185
v -0.01629483 0.00766867 -0.00227849
v -0.01629854 0.00648238 -0.00468815
v -0.01629854 0.00678361 -0.00424060
v -0.01629854 0.00499754 -0.00624696
v -0.01629854 0.00579518 -0.00551506
v -0.01629854 0.00646872 -0.00470699
v -0.01629854 0.00364298 -0.00712241
v -0.01629854 0.00456516 -0.00656958
v -0.01629854 0.00489569 -0.00632710
v -0.01629854 0.00213325 -0.00771033
v -0.01629854 0.00108006 -0.00792676
v -0.01629854 0.00073587 -0.00796608
v -0.01629854 -0.00000000 -0.00800000
v -0.01629593 -0.00045036 -0.00798731
v -0.01444789 -0.00107781 -0.00792706
v -0.00387815 -0.00192168 -0.00568394
v -0.00708097 -0.00170359 -0.00575307
v -0.01028855 -0.00135598 -0.00584477
v -0.01350000 -0.00205212 0.00563816
v -0.01350000 -0.00080056 0.00594635
v -0.01350000 -0.00017126 0.00599756
v -0.01350000 0.00048794 0.00598013
v -0.01350000 0.00175393 0.00573792
v -0.01350000 0.00293898 0.00523091
v -0.01350000 0.00344944 0.00490932
v -0.01350000 0.00398839 0.00448250
v -0.01350000 0.00485373 0.00352722
v -0.01350000 0.00549508 0.00240916
v -0.01350000 0.00570054 0.00187184
v -0.01350000 0.00588284 0.00117992
v -0.01350000 0.00599910 -0.00010378
v -0.01350000 0.00583851 -0.00138268
v -0.01350000 0.00568826 -0.00190884
v -0.01350000 0.00540847 -0.00259778
v -0.01350000 0.00472883 -0.00369298
v -0.01350000 0.00383096 -0.00461776
v -0.01350000 0.00341747 -0.00493162
v -0.01350000 0.00275629 -0.00532943
v -0.01350000 0.00155442 -0.00579515
v -0.01350000 0.00028081 -0.00599343
v -0.01350000 -0.00021023 -0.00599632
v -0.01350000 -0.00087643 -0.00593564
v -0.01448278 -0.00084576 -0.00676251
v -0.01436040 -0.00083607 -0.00643631
v -0.01400000 0.00028708 -0.00612725
v -0.01383824 -0.00085195 -0.00599874
v -0.01400001 -0.00084343 -0.00607572
v -0.01400000 -0.00081844 0.00607913
v -0.01400000 -0.00209794 0.00576405
v -0.01400000 0.00049884 0.00611366
v -0.01400000 0.00179309 0.00586604
v -0.01400000 0.00300460 0.00534771
v -0.01400000 0.00407744 0.00458259
v -0.01400000 0.00496212 0.00360598
v -0.01400000 0.00561778 0.00246295
v -0.01400000 0.00601420 0.00120626
v -0.01400000 0.00613306 -0.00010610
v -0.01400000 0.00596888 -0.00141356
v -0.01400000 0.00552924 -0.00265578
v -0.01400000 0.00483442 -0.00377545
v -0.01400000 0.00391650 -0.00472087
v -0.01400000 0.00281784 -0.00544843
v -0.01400000 0.00158913 -0.00592455
v -0.01413510 -0.00083826 -0.00617089
v -0.01436602 0.00030422 -0.00649288
v -0.01436603 0.00168396 -0.00627808
v -0.01436603 0.00298598 -0.00577355
v -0.01436603 0.00415021 -0.00500258
v -0.01436603 0.00512290 -0.00400073
v -0.01436603 0.00585917 -0.00281426
v -0.01436603 0.00632505 -0.00149791
v -0.01436603 0.00649903 -0.00011243
v -0.01436603 0.00637307 0.00127824
v -0.01436603 0.00595301 0.00260992
v -0.01436603 0.00525821 0.00382115
v -0.01436603 0.00432075 0.00485604
v -0.01436602 0.00318389 0.00566682
v -0.01436602 0.00190009 0.00621608
v -0.01436603 0.00052861 0.00647847
v -0.01436603 -0.00086728 0.00644188
v -0.01436603 -0.00222313 0.00610800
v -0.01390778 -0.01078957 0.00458634
v -0.01426639 -0.01016064 0.00481525
v -0.01417269 -0.01078957 0.00458634
v -0.01521938 -0.00444583 0.00689527
v -0.01490261 -0.00660527 0.00610930
v -0.01679854 0.00248254 -0.00707722
v -0.01679854 0.00341530 -0.00667726
v -0.01679854 0.00427983 -0.00615898
v -0.01679854 0.00199992 -0.00722844
v -0.01679854 0.00101256 -0.00743133
v -0.01667685 0.00695076 0.00284573
v -0.01671682 0.00722659 0.00202726
v -0.01672264 0.00726493 0.00188252
v -0.01675467 0.00744963 0.00088055
v -0.01676633 0.00749125 0.00037249
v -0.01678263 0.00747227 -0.00063817
v -0.01679203 0.00731706 -0.00164302
v -0.01679482 0.00718938 -0.00213374
v -0.01679779 0.00683808 -0.00307979
v -0.01679854 0.00635963 -0.00397555
v -0.01679854 0.00607723 -0.00439514
v -0.01679854 0.00543298 -0.00517037
v -0.01679854 0.00468520 -0.00585653
v -0.01648477 0.00563179 0.00501731
v -0.01657545 0.00624261 0.00420436
v -0.01664762 0.00674487 0.00331376
v -0.01588882 0.00081235 0.00763261
v -0.01592220 0.00137962 0.00754242
v -0.01601138 0.00233212 0.00728163
v -0.01612791 0.00325448 0.00688832
v -0.01618904 0.00368441 0.00665223
v -0.01631571 0.00452718 0.00607524
v -0.01638785 0.00499658 0.00567545
v -0.01643318 0.00529219 0.00538818
v -0.01449100 -0.00923220 0.00514829
v -0.01445309 -0.00952841 0.00503826
v -0.01446446 -0.00946039 0.00406180
v -0.01306270 -0.01156085 0.00446763
v -0.01285781 -0.01167514 0.00352440
v -0.01362132 -0.01112132 0.00449700
v -0.01362275 -0.01111989 0.00365913
v -0.01392355 -0.01076816 0.00374447
v -0.01427228 -0.01014650 0.00389532
v -0.01150000 -0.01200000 0.00453624
v -0.01150000 -0.01200000 0.00344557
v -0.01208481 -0.01194245 0.00452145
v -0.01264805 -0.01177164 0.00448805
v -0.01256606 -0.01330880 0.00567067
v -0.01245418 -0.01335300 0.00578168
v 0.01245418 -0.01335300 0.00578168
v -0.01311036 -0.01295184 0.00511856
v -0.01293666 -0.01309519 0.00529505
v 0.01316196 -0.01290287 0.00506671
v 0.01283288 -0.01316661 0.00540094
v -0.01340398 -0.01262746 0.00483213
v 0.01344435 -0.01257324 0.00479515
v 0.01366739 -0.01222135 0.00461076
v 0.01378144 -0.01200000 0.00453624
v 0.00200000 -0.01200000 0.00453624
v -0.01353000 -0.01244920 0.00471980
v -0.01375587 -0.01205252 0.00455134
v -0.01407992 -0.01119852 0.00448473
v -0.01401020 -0.01142868 0.00446623
v -0.01384793 -0.01185443 0.00450231
v 0.00200000 -0.01078958 0.00458634
v 0.00200000 -0.01156085 0.00446763
v -0.00312597 -0.01510421 0.01059308
v -0.00469096 -0.01500656 0.01032481
v 0.00650000 -0.01351681 0.00623174
v 0.00650000 -0.01482645 0.00982996
v 0.00758927 -0.01467526 0.00941455
v 0.01063943 -0.01401159 0.00759114
v 0.01159412 -0.01369969 0.00673421
v -0.01159412 -0.01369969 0.00673421
v 0.00880217 -0.01446000 0.00882315
v 0.00993231 -0.01420462 0.00812150
v -0.01063943 -0.01401159 0.00759114
v -0.00993231 -0.01420463 0.00812150
v -0.00880097 -0.01446025 0.00882382
v -0.00758671 -0.01467566 0.00941565
v -0.00616222 -0.01486634 0.00993955
v -0.01311570 -0.00983675 0.00280478
v -0.01240521 -0.01044140 0.00258471
v -0.01347631 -0.00896490 0.00312211
v -0.01150000 -0.01065798 0.00250588
v -0.01350000 -0.00865798 0.00323382
v -0.01150000 -0.01113052 0.00245413
v -0.01150000 -0.01157358 0.00262642
v -0.01150000 -0.01188701 0.00298382
v -0.01262052 -0.01085309 0.00255034
v -0.01287437 -0.01154504 0.00307738
v -0.01442388 -0.00886912 0.00381391
v -0.01440471 -0.00931590 0.00369032
v -0.01436603 -0.00882899 0.00370367
v -0.01419413 -0.00916995 0.00337918
v -0.01388268 -0.00868402 0.00330535
v -0.01386695 -0.00904625 0.00317894
v -0.01400000 -0.00870380 0.00335971
v -0.01420711 -0.00875816 0.00350905
v -0.01391675 -0.01061338 0.00333285
v -0.01375500 -0.01037453 0.00300085
v -0.01346958 -0.01009781 0.00281269
v -0.01278910 -0.01124966 0.00272737
v -0.01648988 -0.00000000 -0.00796194
v -0.01570559 0.00084529 0.00786572
v -0.01557013 0.00085798 0.00793096
v -0.01560304 0.00145739 0.00784231
v -0.01576341 0.00000000 0.00784784
v -0.01581515 0.00082961 0.00776316
v -0.01569139 0.00246491 0.00758434
v -0.01586920 0.00389850 0.00695301
v -0.01580776 0.00344227 0.00719113
v -0.01584963 0.00140915 0.00767389
v -0.01594195 0.00238304 0.00741491
v -0.01606302 0.00332747 0.00702223
v -0.01612670 0.00376822 0.00678546
v -0.01625891 0.00463315 0.00620413
v -0.01599727 0.00479406 0.00636563
v -0.01611684 0.00560827 0.00565839
v -0.01616955 0.00597003 0.00527395
v -0.01633633 0.00715654 0.00349271
v -0.01626238 0.00662105 0.00442650
v -0.01638170 0.00541931 0.00550817
v -0.01643563 0.00576856 0.00513123
v -0.01653031 0.00639702 0.00430287
v -0.01660548 0.00691393 0.00339309
v -0.01663583 0.00712584 0.00291435
v -0.01636627 0.00737607 0.00300040
v -0.01641311 0.00771105 0.00198484
v -0.01644577 0.00790805 0.00092603
v -0.01647411 0.00793266 -0.00068167
v -0.01645762 0.00795250 0.00038850
v -0.01648355 0.00776794 -0.00174654
v -0.01648632 0.00763237 -0.00226681
v -0.01648921 0.00725935 -0.00327013
v -0.01648988 0.00675133 -0.00422042
v -0.01648988 0.00645154 -0.00466585
v -0.01648988 0.00576761 -0.00548882
v -0.01648988 0.00497377 -0.00621724
v -0.01648988 0.00454344 -0.00653832
v -0.01648988 0.00263544 -0.00751312
v -0.01648988 0.00362565 -0.00708852
v -0.01573981 0.00143591 0.00777708
v -0.01583158 0.00242885 0.00751933
v -0.01595225 0.00339245 0.00712701
v -0.01601585 0.00384241 0.00688971
v -0.01614818 0.00472596 0.00630511
v -0.01627137 0.00552956 0.00560241
v -0.01632555 0.00588668 0.00522086
v -0.01642076 0.00652944 0.00438061
v -0.01649638 0.00705820 0.00345580
v -0.01652692 0.00727497 0.00296859
v -0.01657460 0.00760575 0.00196414
v -0.01660775 0.00780029 0.00091763
v -0.01661974 0.00784421 0.00038657
v -0.01663638 0.00782470 -0.00067036
v -0.01664585 0.00766225 -0.00172167
v -0.01664861 0.00752851 -0.00223519
v -0.01665147 0.00716055 -0.00322533
v -0.01665209 0.00665943 -0.00416296
v -0.01665209 0.00636371 -0.00460233
v -0.01665209 0.00568909 -0.00541410
v -0.01665209 0.00490606 -0.00613261
v -0.01665209 0.00448159 -0.00644932
v -0.01665209 0.00357629 -0.00699203
v -0.01665209 0.00259957 -0.00741084
v -0.01648988 0.00212310 -0.00767365
v -0.01665209 0.00209420 -0.00756919
v -0.01648988 0.00107493 -0.00788904
v -0.01665209 0.00106030 -0.00778165
v -0.01654854 -0.00000000 -0.00793301
v -0.01665209 -0.00000000 -0.00785355
v -0.01673155 0.00000000 -0.00775000
v -0.01559928 -0.00000000 0.00796039
v -0.01668323 0.00744920 0.00192823
v -0.01671620 0.00763935 0.00090166
v -0.01672813 0.00768225 0.00038095
v -0.01674472 0.00766303 -0.00065509
v -0.01675418 0.00750390 -0.00168531
v -0.01675695 0.00737294 -0.00218846
v -0.01675984 0.00701262 -0.00315849
v -0.01676048 0.00652188 -0.00407697
v -0.01676048 0.00623228 -0.00450727
v -0.01676048 0.00557159 -0.00530228
v -0.01676048 0.00480472 -0.00600594
v -0.01676048 0.00438902 -0.00631611
v -0.01676048 0.00350243 -0.00684761
v -0.01676048 0.00254588 -0.00725777
v -0.01676048 0.00205094 -0.00741285
v -0.01676048 0.00103840 -0.00762092
v -0.01676048 -0.00000000 -0.00769134
v -0.01572156 -0.00209856 0.00756539
v -0.01570197 -0.00269569 0.00737492
v -0.01555857 -0.00212304 0.00767297
v -0.01553935 -0.00272848 0.00747942
v -0.01575089 -0.00106331 0.00777655
v -0.01558713 -0.00107494 0.00788777
v -0.01458539 -0.00932396 0.00508477
v -0.01508359 -0.00662110 0.00606646
v -0.01435022 -0.01080008 0.00454723
v -0.01450420 -0.01078651 0.00445100
v -0.01473821 -0.00931545 0.00498744
v -0.01540797 -0.00445175 0.00685336
v -0.01523935 -0.00661089 0.00596412
v -0.01556838 -0.00443124 0.00674751
v -0.01264494 -0.01346043 0.00589748
v -0.01278890 -0.01365678 0.00594291
v -0.01275615 -0.01341861 0.00577534
v -0.01290127 -0.01361098 0.00580822
v -0.01312495 -0.01320785 0.00536134
v -0.01329793 -0.01306269 0.00516633
v -0.01359031 -0.01272951 0.00484862
v -0.01371569 -0.01254477 0.00472323
v -0.01394007 -0.01213108 0.00453284
v -0.01403131 -0.01192350 0.00447589
v -0.01419155 -0.01147565 0.00442866
v -0.01426003 -0.01123274 0.00444441
v -0.01327366 -0.01338202 0.00535220
v -0.01344817 -0.01322503 0.00513757
v -0.01374279 -0.01286542 0.00478795
v -0.01386898 -0.01266621 0.00464989
v -0.01409447 -0.01222034 0.00443992
v -0.01418600 -0.01199665 0.00437684
v -0.01434643 -0.01151412 0.00432357
v -0.01441475 -0.01125245 0.00433996
v -0.00315332 -0.01521033 0.01076406
v -0.00317616 -0.01537647 0.01087862
v -0.00477283 -0.01527969 0.01060612
v -0.00627900 -0.01514119 0.01021389
v -0.00473563 -0.01511267 0.01049395
v -0.00622610 -0.01497252 0.01010568
v -0.00767241 -0.01478207 0.00957717
v -0.00890823 -0.01456707 0.00897947
v -0.01006239 -0.01431196 0.00826934
v -0.01078518 -0.01411924 0.00773249
v -0.01176275 -0.01380755 0.00686409
v -0.00774276 -0.01495357 0.00967916
v -0.00899526 -0.01474234 0.00907352
v -0.01016630 -0.01449222 0.00835303
v -0.01090015 -0.01430341 0.00780785
v -0.01189297 -0.01399786 0.00692543
v -0.00910432 -0.01488567 0.00619172
v -0.00995420 -0.01460994 0.00543415
v -0.01004807 -0.01457521 0.00533874
v -0.01135658 -0.01363629 0.00397131
v -0.01099027 -0.01403797 0.00438725
v -0.01055337 -0.01435406 0.00485457
v -0.01428573 0.00458534 -0.00103182
v -0.01429036 0.00442192 -0.00159269
v -0.01429854 0.00082499 -0.00462703
v -0.01429854 0.00043316 -0.00468000
v -0.01429854 0.00000000 -0.00470000
v -0.01429687 -0.00036765 -0.00468560
v -0.01429212 -0.00072613 -0.00464357
v -0.01350000 -0.00087643 -0.00461756
v -0.01429854 0.00155573 -0.00443506
v -0.01429849 0.00212810 -0.00419061
v -0.01429809 0.00293605 -0.00367009
v -0.01429845 0.00231005 -0.00409312
v -0.01429144 0.00436076 -0.00175321
v -0.01429521 0.00398536 -0.00249136
v -0.01429710 0.00353467 -0.00309776
v -0.01427607 0.00469525 -0.00021115
v -0.01427051 0.00469761 0.00014982
v -0.01422243 0.00422584 0.00205726
v -0.01422884 0.00431144 0.00187122
v -0.01424445 0.00450064 0.00135436
v -0.01426336 0.00466845 0.00054369
v -0.01419347 0.00379923 0.00276691
v -0.01416396 0.00330769 0.00333904
v -0.01409688 0.00185677 0.00431768
v -0.01410265 0.00201548 0.00424592
v -0.01413069 0.00267042 0.00386767
v -0.01406342 -0.00000000 0.00470000
v -0.01406361 0.00013408 0.00469809
v -0.01406586 0.00049431 0.00467393
v -0.01407859 0.00124061 0.00453331
v -0.01405886 -0.00082452 0.00462711
v -0.01477600 0.00419576 -0.00018075
v -0.01476324 0.00417181 0.00049686
v -0.01466295 0.00295581 0.00301571
v -0.01462920 0.00238634 0.00349479
v -0.01460069 0.00180107 0.00383847
v -0.01457617 0.00110863 0.00410016
v -0.01456317 0.00044173 0.00422843
v -0.01474422 0.00402184 0.00122554
v -0.01472204 0.00377628 0.00185835
v -0.01469279 0.00339506 0.00249848
v -0.01479521 0.00356139 -0.00222412
v -0.01479143 0.00389685 -0.00156311
v -0.01478570 0.00409754 -0.00091671
v -0.01479854 0.00073722 -0.00413479
v -0.01479854 0.00139022 -0.00396321
v -0.01479845 0.00206430 -0.00365740
v -0.01479809 0.00262371 -0.00327900
v -0.01479710 0.00315864 -0.00276690
v -0.00865347 -0.01582560 0.00684970
v -0.00866866 -0.01563107 0.00683064
v -0.00868754 -0.01553096 0.00680538
v -0.00873712 -0.01536486 0.00673736
v -0.00883394 -0.01516458 0.00660028
v -0.00887372 -0.01510426 0.00654253
v -0.01144902 -0.01342151 0.00370845
v -0.01454854 -0.00000000 -0.00463301
v -0.01448988 -0.00000000 -0.00466194
v -0.01448988 0.00081831 -0.00458956
v -0.01473155 0.00000000 -0.00445000
v -0.01465209 -0.00000000 -0.00455355
v -0.01465209 0.00079928 -0.00448286
v -0.01447796 -0.00000000 0.00447957
v -0.01439801 -0.00000000 0.00457156
v -0.01451162 0.00046069 0.00440240
v -0.01424523 0.00048886 0.00464104
v -0.01425886 0.00122720 0.00450209
v -0.01441163 0.00418939 0.00204707
v -0.01438111 0.00376500 0.00275172
v -0.01434987 0.00327647 0.00331941
v -0.01431450 0.00264384 0.00384339
v -0.01428458 0.00199450 0.00421788
v -0.01443470 0.00446299 0.00134884
v -0.01445436 0.00463028 0.00054345
v -0.01447733 0.00454854 -0.00102149
v -0.01446747 0.00465734 -0.00020641
v -0.01448984 0.00229138 -0.00405993
v -0.01448955 0.00291237 -0.00364023
v -0.01448864 0.00350623 -0.00307234
v -0.01448682 0.00395338 -0.00247052
v -0.01448309 0.00432581 -0.00173778
v -0.01448988 0.00154313 -0.00439914
v -0.01452561 0.00115645 0.00426989
v -0.01455196 0.00187939 0.00399914
v -0.01458256 0.00249108 0.00364289
v -0.01461868 0.00308691 0.00314523
v -0.01465050 0.00354695 0.00260690
v -0.01468153 0.00394653 0.00193961
v -0.01470492 0.00420410 0.00127919
v -0.01472482 0.00436157 0.00051812
v -0.01473805 0.00438699 -0.00018995
v -0.01474798 0.00428448 -0.00095918
v -0.01475375 0.00407467 -0.00163487
v -0.01475748 0.00372387 -0.00232586
v -0.01475928 0.00330269 -0.00289324
v -0.01476018 0.00274331 -0.00342855
v -0.01476045 0.00215838 -0.00382411
v -0.01476048 0.00145356 -0.00414378
v -0.01476048 0.00077081 -0.00432316
v -0.01476048 0.00000000 -0.00439134
v -0.01465210 0.00150725 -0.00429685
v -0.01465208 0.00223812 -0.00396546
v -0.01465183 0.00284469 -0.00355541
v -0.01465096 0.00342476 -0.00300051
v -0.01464918 0.00386153 -0.00241240
v -0.01464546 0.00422533 -0.00169622
v -0.01463968 0.00444287 -0.00099598
v -0.01462970 0.00454908 -0.00019896
v -0.01461638 0.00452254 0.00053447
v -0.01459629 0.00435892 0.00132246
v -0.01457266 0.00409142 0.00200580
v -0.01454128 0.00367659 0.00269565
v -0.01450907 0.00319917 0.00325155
v -0.01447251 0.00258113 0.00376479
v -0.01444153 0.00194696 0.00413168
v -0.01441486 0.00119783 0.00441016
v -0.01440071 0.00047713 0.00454633
v -0.01429817 0.00000000 0.00464147
v -0.01429322 -0.00081698 0.00456921
v -0.01447289 -0.00079073 0.00440996
v -0.01160143 -0.01349218 0.00376874
v -0.01168979 -0.01387055 0.00395466
v -0.01183104 -0.01375800 0.00376949
v -0.01162019 -0.01379832 0.00398497
v -0.01173442 -0.01360932 0.00378999
v -0.01153903 -0.01373337 0.00399811
v -0.01149520 -0.01370454 0.00399802
v -0.01021912 -0.01468202 0.00546597
v -0.01033883 -0.01484610 0.00552252
v -0.01086398 -0.01462691 0.00496682
v -0.01021272 -0.01467588 0.00546200
v -0.01072525 -0.01445846 0.00494269
v -0.01131364 -0.01429554 0.00443085
v -0.01116805 -0.01414089 0.00444251
v -0.01011636 -0.01471089 0.00555915
v -0.01024472 -0.01488874 0.00562245
v -0.00935444 -0.01516108 0.00640754
v -0.00924285 -0.01498761 0.00632966
v -0.00899110 -0.01520468 0.00660666
v -0.00875590 -0.01582708 0.00683909
v -0.00885399 -0.01582850 0.00680772
v -0.00877198 -0.01566318 0.00682504
v -0.00909535 -0.01533419 0.00662486
v -0.00905137 -0.01537785 0.00665974
v -0.00894507 -0.01551796 0.00674164
v -0.00887045 -0.01569835 0.00679667
v -0.00894830 -0.01525960 0.00665104
v -0.00884474 -0.01543602 0.00675516
v -0.01367186 -0.00641883 0.00259746
v -0.01367186 -0.00653118 0.00236448
v -0.01367186 -0.00651208 0.00210654
v -0.01389275 -0.00637988 0.00256385
v -0.01406820 -0.00627107 0.00246994
v -0.01386991 -0.00643824 0.00204282
v -0.01401496 -0.00640327 0.00225409
v -0.01386309 -0.00649747 0.00233539
v -0.01378224 -0.00649262 0.00208974
v -0.01334042 -0.01059037 0.00081146
v -0.01323802 -0.01075553 0.00105721
v -0.01341375 -0.01078830 0.00090872
v -0.01319678 -0.01056359 0.00093284
v -0.01301216 -0.01055395 0.00097653
v -0.01301216 -0.01074374 0.00111066
v -0.01301216 -0.01044530 0.00077108
v -0.01311565 -0.01045070 0.00074659
v -0.01319617 -0.01046572 0.00067856
v -0.01565000 -0.00753647 0.00142659
v -0.01565000 -0.00790515 0.00149700
v -0.01565000 -0.00831186 0.00146722
v -0.01565000 -0.00866636 0.00134386
v -0.01565000 -0.00900369 0.00111472
v -0.01565000 -0.00924902 0.00083064
v -0.01565000 -0.00942659 0.00046353
v -0.01565000 -0.00949700 0.00009485
v -0.01565000 -0.00946722 -0.00031187
v -0.01565000 -0.00934386 -0.00066636
v -0.01565000 -0.00911472 -0.00100370
v -0.01565000 -0.00883064 -0.00124901
v -0.01565000 -0.00846353 -0.00142658
v -0.01565000 -0.00809485 -0.00149700
v -0.01565000 -0.00768813 -0.00146722
v -0.01565000 -0.00733364 -0.00134386
v -0.01565000 -0.00699630 -0.00111472
v -0.01565000 -0.00675099 -0.00083064
v -0.01565000 -0.00657341 -0.00046353
v -0.01565000 -0.00650300 -0.00009485
v -0.01565000 -0.00653278 0.00031187
v -0.01565000 -0.00665614 0.00066636
v -0.01565000 -0.00716936 0.00124901
v -0.01565000 -0.00688528 0.00100370
v -0.01545000 -0.00838703 -0.00037050
v -0.01545000 -0.00852918 -0.00008381
v -0.01545000 -0.00807227 -0.00021442
v -0.01545000 -0.00821442 0.00007227
v -0.01545000 -0.00761298 0.00037050
v -0.01545000 -0.00747082 0.00008380
v -0.01545000 -0.00792773 0.00021442
v -0.01545000 -0.00778557 -0.00007227
v -0.01545000 -0.00762951 -0.00038702
v -0.01545000 -0.00791620 -0.00052918
v -0.01545000 -0.00808380 0.00052918
v -0.01545000 -0.00837050 0.00038702
v -0.01595000 -0.00821204 0.00078780
v -0.01595000 -0.00849873 0.00064565
v -0.01595000 -0.00792774 0.00021442
v -0.01595000 -0.00735435 0.00049874
v -0.01595000 -0.00721220 0.00021205
v -0.01595000 -0.00778558 -0.00007227
v -0.01595000 -0.00750126 -0.00064565
v -0.01595000 -0.00778795 -0.00078780
v -0.01595000 -0.00807227 -0.00021442
v -0.01595000 -0.00864565 -0.00049874
v -0.01595000 -0.00878781 -0.00021205
v -0.01595000 -0.00821443 0.00007227
v -0.01595000 -0.00650300 -0.00009485
v -0.01595000 -0.00675098 -0.00083064
v -0.01595000 -0.00866636 0.00134386
v -0.01595000 -0.00790515 0.00149700
v -0.01595000 -0.00716936 0.00124901
v -0.01595000 -0.00665614 0.00066636
v -0.01595000 -0.00924901 0.00083064
v -0.01595000 -0.00949700 0.00009485
v -0.01595000 -0.00934386 -0.00066636
v -0.01595000 -0.00883064 -0.00124901
v -0.01595000 -0.00809485 -0.00149700
v -0.01595000 -0.00733364 -0.00134386
v -0.01416411 -0.01623293 0.00179439
v -0.01416283 -0.01623333 0.00180010
v -0.01417940 -0.01622909 0.00172193
v -0.01449735 -0.01610046 -0.00071814
v -0.01446621 -0.01612161 -0.00031635
v -0.01437135 -0.01616875 0.00057843
v -0.01424987 -0.01621003 0.00136085
v -0.01460350 -0.01595011 -0.00357203
v -0.01424529 -0.01562219 -0.00357203
v -0.01173338 -0.01639925 0.00662760
v -0.01379234 -0.01630463 0.00314989
v -0.01343442 -0.01635347 0.00406651
v -0.01298674 -0.01640167 0.00496331
v -0.01265954 -0.01643141 0.00551173
v -0.01243365 -0.01645005 0.00585355
v -0.01181085 -0.01649588 0.00668613
v 0.00726783 -0.04262650 -0.00550000
v 0.01169552 -0.01446926 -0.00400000
v 0.01082843 -0.01317157 -0.00400000
v 0.01383238 -0.01200000 -0.00400000
v 0.00953073 -0.01230448 -0.00400000
v 0.00800000 -0.01200000 -0.00400000
v 0.01450000 -0.00848528 -0.00400000
v 0.01561420 -0.00848528 -0.00400000
v 0.01450000 -0.01133238 -0.00400000
v 0.01531138 -0.01125178 -0.00400000
v 0.01511119 -0.01379837 -0.00400000
v 0.01505043 -0.01548577 -0.00400000
v 0.00650000 -0.01600000 0.00500000
v 0.01235346 -0.01600000 0.00597310
v 0.01168809 -0.01600000 0.00674383
v 0.01294494 -0.01600000 0.00515406
v 0.01392362 -0.01600000 0.00337180
v 0.01356172 -0.01600000 0.00290840
v 0.01465471 -0.01600000 0.00136795
v 0.01012673 -0.01600000 0.00812304
v 0.00844168 -0.01600000 0.00915971
v 0.00650000 -0.01600000 0.00996973
v 0.01393534 -0.01600000 0.00175984
v 0.01401640 -0.01600000 0.00144904
v 0.01512795 -0.01600000 -0.00082531
v 0.01429477 -0.01600000 -0.00357204
v 0.01463241 -0.01600000 -0.00357203
v 0.01461167 -0.01599998 -0.00273740
v 0.01515539 -0.01600000 -0.00377982
v 0.01524967 -0.01600000 -0.00372140
v 0.01430706 -0.01600000 -0.00001415
v 0.01452753 -0.01600000 -0.00180314
v 0.01534718 -0.01600000 -0.00349431
v 0.01461156 -0.01600011 -0.00273410
v 0.01533809 -0.01600000 -0.00357348
v 0.01529228 -0.01600000 -0.00367308
v 0.01450000 -0.00273616 0.00751754
v 0.01450000 -0.00880348 0.00530922
v 0.01460314 -0.00824508 0.00551246
v 0.01501132 -0.00595492 0.00634601
v 0.01523862 -0.00426906 0.00695961
v 0.01534717 -0.00273616 0.00751754
v 0.01557986 -0.00990563 0.00179070
v 0.01495238 -0.00990447 0.00410394
v 0.01476966 -0.01186979 0.00317681
v 0.01671823 -0.00247065 -0.00709203
v 0.01674427 -0.00200909 -0.00723305
v 0.01674240 -0.00199413 -0.00231188
v 0.01509349 -0.00795299 0.00532578
v 0.01516070 -0.00795330 0.00516099
v 0.01526146 -0.00705582 0.00564600
v 0.01504245 -0.00822360 0.00522877
v 0.01461422 -0.01075066 0.00431040
v 0.01443216 -0.01161117 0.00416680
v 0.01430671 -0.01200935 0.00420967
v 0.01311186 -0.01580295 0.00526419
v 0.01352257 -0.01580292 0.00459701
v 0.01357056 -0.01387411 0.00482759
v 0.01484695 -0.01580233 0.00142306
v 0.01519404 -0.01580193 -0.00002955
v 0.01524932 -0.01386552 0.00023126
v 0.01532572 -0.01580172 -0.00079555
v 0.01554714 -0.01580117 -0.00349052
v 0.01555030 -0.01549306 -0.00349064
v 0.01580900 -0.01130036 -0.00349664
v 0.01567126 -0.01189410 -0.00135211
v 0.01552948 -0.01388563 -0.00184724
v 0.01458632 -0.01580253 0.00224656
v 0.01463878 -0.01386379 0.00251271
v 0.01410587 -0.01580278 0.00345412
v 0.01416983 -0.01386887 0.00367656
v 0.01251042 -0.01580291 0.00609701
v 0.00951912 -0.01580200 0.00877784
v 0.00778784 -0.01515903 0.00970221
v 0.00853266 -0.01580164 0.00933781
v 0.00650000 -0.01532289 0.01018560
v 0.00650000 -0.01580095 0.01018043
v 0.01358446 -0.01334684 0.00496991
v 0.01324406 -0.01366794 0.00540831
v 0.01285073 -0.01389388 0.00590682
v 0.01195513 -0.01422728 0.00690428
v 0.01183354 -0.01580277 0.00688107
v 0.01096004 -0.01452518 0.00780131
v 0.01024511 -0.01580227 0.00828423
v 0.01022313 -0.01470915 0.00835573
v 0.00904690 -0.01495278 0.00908755
v 0.01387522 -0.01294419 0.00461230
v 0.01449977 -0.01135177 0.00417546
v 0.01455614 -0.01109477 0.00421281
v 0.01553114 -0.00795327 0.00403995
v 0.01574517 -0.00600274 0.00510752
v 0.01544678 -0.00600167 0.00602034
v 0.01584242 -0.00164572 0.00750639
v 0.01582993 -0.00204196 0.00741019
v 0.01606315 -0.00204101 0.00669359
v 0.01581004 -0.00264282 0.00722010
v 0.01593151 -0.00403695 0.00603701
v 0.01569671 -0.00420741 0.00665767
v 0.01546040 -0.00591891 0.00604969
v 0.01638920 0.00000000 0.00566733
v 0.01587064 -0.00000000 0.00768018
v 0.01586602 -0.00062352 0.00765563
v 0.01673174 -0.00191674 -0.00057106
v 0.01672819 -0.00195085 -0.00044069
v 0.01679416 -0.00000000 -0.00200000
v 0.01678971 -0.00053344 -0.00192755
v 0.01678734 -0.00066129 -0.00188751
v 0.01677391 -0.00114098 -0.00164261
v 0.01676989 -0.00124801 -0.00156284
v 0.01675939 -0.00148629 -0.00133826
v 0.01675240 -0.00161991 -0.00117298
v 0.01674804 -0.00169479 -0.00106193
v 0.01671043 -0.00190211 0.00061803
v 0.01665413 -0.00201840 0.00208026
v 0.01671469 -0.00198671 0.00023021
v 0.01671677 -0.00199770 0.00009590
v 0.01670956 -0.00185321 0.00075207
v 0.01670904 -0.00179856 0.00087474
v 0.01670944 -0.00149983 0.00132307
v 0.01671345 -0.00097757 0.00174481
v 0.01671437 -0.00085848 0.00180638
v 0.01671004 -0.00140787 0.00142053
v 0.01671054 -0.00133826 0.00148629
v 0.01671794 0.00000000 0.00200000
v 0.01671691 0.00000000 0.00202506
v 0.01671730 -0.00034514 0.00196999
v 0.01671703 -0.00041583 0.00195629
v 0.01678400 -0.00101678 -0.00743267
v 0.01679854 0.00000000 -0.00750000
v 0.01679854 0.00000000 -0.00596502
v 0.01665214 -0.00341286 -0.00669849
v 0.01660264 -0.00398340 -0.00246462
v 0.01657755 -0.00428685 -0.00618584
v 0.01640479 -0.00596936 -0.00268085
v 0.01617756 -0.00795359 -0.00292919
v 0.01618883 -0.00787815 -0.00356298
v 0.01624732 -0.00737897 -0.00369886
v 0.01631737 -0.00677273 -0.00398028
v 0.01636586 -0.00634358 -0.00427589
v 0.01642133 -0.00583934 -0.00477288
v 0.01646585 -0.00542078 -0.00523730
v 0.01654202 -0.00466435 -0.00591119
v 0.01561036 -0.01382616 -0.00349270
v 0.01538727 -0.01187170 0.00088209
v 0.01586920 -0.00991940 -0.00066088
v 0.01611083 -0.00854325 -0.00349873
v 0.01634359 -0.00203795 0.00539386
v 0.01620895 -0.00403345 0.00475866
v 0.01601835 -0.00600054 0.00385943
v 0.01579944 -0.00795326 0.00282663
v 0.01651576 -0.00401102 0.00159702
v 0.01631987 -0.00598638 0.00091293
v 0.01609488 -0.00795300 0.00012722
v 0.01410377 -0.01251308 0.00436746
v 0.00800000 -0.01200000 -0.00650000
v 0.00200000 -0.01200000 -0.00650000
v 0.01383238 -0.01200000 0.00453396
v 0.01679854 0.00389182 -0.00641122
v 0.01679854 0.00471638 -0.00583144
v 0.01679393 0.00041582 -0.00195629
v 0.01630737 0.00447274 0.00611763
v 0.01626032 0.00416362 0.00634426
v 0.01613273 0.00328931 0.00687052
v 0.01601370 0.00235267 0.00727443
v 0.01597088 0.00194763 0.00740384
v 0.01589711 0.00098229 0.00761056
v 0.01671688 0.00722698 0.00202584
v 0.01669971 0.00711031 0.00241014
v 0.01664520 0.00672783 0.00334902
v 0.01657235 0.00622130 0.00423676
v 0.01652645 0.00590986 0.00467426
v 0.01642532 0.00524083 0.00544029
v 0.01638796 0.00499725 0.00567483
v 0.01671915 0.00034328 0.00197032
v 0.01672187 0.00061804 0.00190211
v 0.01672554 0.00085663 0.00180726
v 0.01672784 0.00097622 0.00174556
v 0.01673904 0.00140672 0.00142167
v 0.01674213 0.00149897 0.00132404
v 0.01675479 0.00179803 0.00087584
v 0.01675784 0.00185272 0.00075328
v 0.01672168 0.00725871 0.00190680
v 0.01676543 0.00195629 0.00041583
v 0.01675404 0.00744678 0.00090484
v 0.01676911 0.00198657 0.00023138
v 0.01677505 0.00749914 -0.00010529
v 0.01677158 0.00199762 0.00009764
v 0.01678221 0.00747508 -0.00060459
v 0.01678004 0.00195120 -0.00043914
v 0.01678727 0.00169587 -0.00106019
v 0.01679772 0.00685396 -0.00304426
v 0.01678176 0.00191735 -0.00056902
v 0.01679656 0.00704176 -0.00257982
v 0.01679181 0.00732427 -0.00161059
v 0.01679147 0.00124936 -0.00156176
v 0.01679092 0.00133826 -0.00148629
v 0.01679854 0.00546050 -0.00514130
v 0.01678832 0.00162094 -0.00117157
v 0.01679854 0.00579379 -0.00476255
v 0.01679853 0.00638010 -0.00394258
v 0.01679202 0.00114178 -0.00164205
v 0.01679354 0.00066200 -0.00188726
v 0.01679377 0.00053391 -0.00192742
v 0.01679853 0.00155033 -0.00733802
v 0.01679854 0.00105225 -0.00742582
v 0.01679854 0.00252032 -0.00706385
v 0.01679854 0.00345092 -0.00665891
v 0.01450000 -0.00148629 -0.00133826
v 0.01450000 0.00195630 0.00041582
v 0.01450000 0.00061803 0.00190211
v 0.01450000 -0.00041582 0.00195630
v 0.01450000 0.00148629 0.00133826
v 0.01450000 0.00190211 -0.00061803
v 0.01450000 0.00133826 -0.00148629
v 0.01450000 0.00041582 -0.00195629
v 0.01450000 -0.00061804 -0.00190211
v 0.01450000 -0.00195629 -0.00041582
v 0.01450000 -0.00190211 0.00061803
v 0.01450000 -0.00133826 0.00148629
v 0.01542879 0.00104778 0.00793109
v 0.01547923 0.00185380 0.00778225
v 0.01450000 0.00185360 0.00778230
v 0.01629853 0.00618005 -0.00508006
v 0.01629854 0.00610249 -0.00517296
v 0.01450000 0.00610249 -0.00517296
v 0.01629854 0.00268834 -0.00753477
v 0.01629854 0.00224742 -0.00767783
v 0.01450000 0.00224742 -0.00767783
v 0.01608613 -0.00444808 -0.00664940
v 0.01607965 -0.00452385 -0.00659809
v 0.01450000 -0.00444807 -0.00664941
v 0.01604434 -0.00492397 -0.00630512
v 0.01450000 -0.00617112 -0.00509091
v 0.01596857 -0.00572654 -0.00558629
v 0.01592425 -0.00617112 -0.00509091
v 0.01450000 -0.00234987 -0.00764710
v 0.01623310 -0.00234989 -0.00764709
v 0.01621917 -0.00260276 -0.00756476
v 0.01615368 -0.00359857 -0.00714495
v 0.01450000 -0.00005348 -0.00799982
v 0.01628419 -0.00106966 -0.00792817
v 0.01624494 -0.00211558 -0.00771520
v 0.01629854 0.00165369 -0.00782722
v 0.01629853 0.00112240 -0.00792087
v 0.01629854 0.00000000 -0.00800000
v 0.01629854 0.00368098 -0.00710284
v 0.01450000 0.00435877 -0.00670829
v 0.01629854 0.00415128 -0.00683863
v 0.01629853 0.00582453 -0.00548406
v 0.01629854 0.00503081 -0.00622021
v 0.01629854 0.00435877 -0.00670829
v 0.01629853 0.00680544 -0.00420547
v 0.01450000 0.00733153 -0.00320135
v 0.01629773 0.00731089 -0.00324820
v 0.01628225 0.00797342 -0.00065159
v 0.01628561 0.00794222 -0.00095972
v 0.01450000 0.00794222 -0.00095972
v 0.01629182 0.00781255 -0.00172163
v 0.01629657 0.00751121 -0.00275349
v 0.01622207 0.00774262 0.00201291
v 0.01624332 0.00788305 0.00136289
v 0.01450000 0.00788306 0.00136284
v 0.01625421 0.00794323 0.00095134
v 0.01627511 0.00799908 -0.00012096
v 0.01596453 0.00583109 0.00547707
v 0.01602965 0.00630385 0.00492559
v 0.01450000 0.00583121 0.00547695
v 0.01607466 0.00663605 0.00446797
v 0.01450000 0.00715903 0.00357047
v 0.01614639 0.00717635 0.00353553
v 0.01620029 0.00758433 0.00254517
v 0.01571423 0.00401160 0.00692149
v 0.01577171 0.00444120 0.00665400
v 0.01450000 0.00401157 0.00692151
v 0.01581693 0.00477092 0.00642171
v 0.01593102 0.00559022 0.00572271
v 0.01549757 0.00207747 0.00772555
v 0.01553767 0.00250952 0.00759620
v 0.01565001 0.00350860 0.00718956
v 0.01540424 0.00000000 0.00800000
v 0.01450000 -0.00046071 0.00798672
v 0.01540201 -0.00046071 0.00798672
v 0.01537796 -0.00169988 0.00781732
v 0.01539997 -0.00064280 0.00797413
v 0.01450000 -0.01133238 0.00418683
v 0.01450000 -0.01078728 0.00445473
v 0.01450000 -0.00982517 0.00490211
v 0.01450000 -0.00720608 -0.00428640
v 0.01427246 -0.01159875 0.00436575
v 0.01407372 -0.01179570 0.00445527
v 0.00650000 -0.01374069 0.00658802
v 0.00650000 -0.01491300 0.00677945
v 0.00650000 -0.01548880 0.00633547
v 0.00650000 -0.01586784 0.00571498
v 0.00650000 -0.01522873 0.01017793
v 0.00650000 -0.01511608 0.01014348
v 0.00650000 -0.01409131 0.00682066
v 0.00650000 -0.01450659 0.00688847
v 0.00650000 -0.01491848 0.00999222
v 0.00650000 -0.01505968 0.01011443
v 0.01582060 -0.00696871 -0.00441156
v 0.01578878 -0.00720618 -0.00428635
v 0.01569222 -0.00791502 -0.00405470
v 0.01575067 -0.00748747 -0.00417080
v 0.01586896 -0.00660183 -0.00466491
v 0.00774540 -0.01495317 0.00967804
v 0.00767501 -0.01478168 0.00957607
v 0.00899650 -0.01474210 0.00907284
v 0.01016630 -0.01449222 0.00835303
v 0.01090015 -0.01430340 0.00780785
v 0.01189297 -0.01399786 0.00692544
v 0.01278890 -0.01365677 0.00594291
v 0.00890946 -0.01456682 0.00897880
v 0.01006239 -0.01431196 0.00826934
v 0.01078518 -0.01411924 0.00773249
v 0.01176275 -0.01380756 0.00686409
v 0.01264494 -0.01346042 0.00589748
v 0.01450420 -0.01078651 0.00445100
v 0.01432688 -0.01158114 0.00432447
v 0.01404968 -0.01187816 0.00446651
v 0.01385225 -0.01230751 0.00460053
v 0.01420443 -0.01194781 0.00436641
v 0.01363049 -0.01267342 0.00480742
v 0.01334933 -0.01301273 0.00510896
v 0.01302162 -0.01327932 0.00547817
v 0.01400627 -0.01241048 0.00451466
v 0.01378324 -0.01280493 0.00474259
v 0.01349999 -0.01317106 0.00507444
v 0.01316938 -0.01345947 0.00548082
v 0.01553935 -0.00272848 0.00747943
v 0.01570197 -0.00269569 0.00737492
v 0.01542775 -0.00427381 0.00691794
v 0.01558849 -0.00425218 0.00681199
v 0.01535172 -0.00595603 0.00619943
v 0.01519458 -0.00596863 0.00630313
v 0.01477997 -0.00826275 0.00547056
v 0.01493321 -0.00825525 0.00537160
v 0.01555226 0.00000000 0.00797759
v 0.01559472 -0.00064228 0.00793455
v 0.01559928 -0.00000000 0.00796039
v 0.01568700 -0.00000000 0.00791236
v 0.01575872 -0.00063549 0.00782248
v 0.01579640 -0.00000000 0.00781017
v 0.01573475 -0.00167790 0.00766874
v 0.01557144 -0.00169695 0.00777806
v 0.01625020 0.00457724 0.00624696
v 0.01613945 0.00466882 0.00634826
v 0.01609023 0.00434457 0.00657842
v 0.01598881 0.00473616 0.00640902
v 0.01594114 0.00440753 0.00664037
v 0.01610883 0.00555359 0.00571227
v 0.01665952 0.00729006 0.00246853
v 0.01655076 0.00744296 0.00251460
v 0.01649385 0.00704026 0.00349249
v 0.01638966 0.00754619 0.00254149
v 0.01633385 0.00713837 0.00352977
v 0.01665209 -0.00000000 -0.00785355
v 0.01648988 -0.00000000 -0.00796194
v 0.01648988 0.00111706 -0.00788319
v 0.01676048 -0.00000000 -0.00769134
v 0.01665209 0.00110186 -0.00777587
v 0.01648988 0.00267555 -0.00749893
v 0.01648988 0.00164582 -0.00778998
v 0.01648988 0.00366347 -0.00706905
v 0.01648988 0.00413153 -0.00680610
v 0.01648988 0.00500687 -0.00619061
v 0.01648988 0.00615065 -0.00505589
v 0.01648988 0.00579682 -0.00545797
v 0.01648988 0.00677307 -0.00418545
v 0.01648916 0.00727621 -0.00323243
v 0.01648803 0.00747562 -0.00273984
v 0.01647369 0.00793563 -0.00064609
v 0.01648333 0.00777559 -0.00171217
v 0.01646646 0.00796107 -0.00011728
v 0.01644514 0.00790500 0.00095172
v 0.01641213 0.00770442 0.00201047
v 0.01665209 0.00162342 -0.00768393
v 0.01665209 0.00263913 -0.00739684
v 0.01665209 0.00361360 -0.00697282
v 0.01665209 0.00407529 -0.00671345
v 0.01665209 0.00493872 -0.00610634
v 0.01665209 0.00571791 -0.00538367
v 0.01665209 0.00606692 -0.00498706
v 0.01665210 0.00668087 -0.00412846
v 0.01665141 0.00717719 -0.00318814
v 0.01665031 0.00737389 -0.00270203
v 0.01664563 0.00766980 -0.00168774
v 0.01663596 0.00782764 -0.00063523
v 0.01662867 0.00785270 -0.00011301
v 0.01660710 0.00779728 0.00094301
v 0.01657362 0.00759920 0.00198948
v 0.01676048 0.00107910 -0.00761527
v 0.01676047 0.00158989 -0.00752523
v 0.01676048 0.00258462 -0.00724407
v 0.01676048 0.00353896 -0.00682880
v 0.01676048 0.00399111 -0.00657478
v 0.01676048 0.00483671 -0.00598022
v 0.01676048 0.00559980 -0.00527247
v 0.01676048 0.00594161 -0.00488406
v 0.01676048 0.00654288 -0.00404317
v 0.01675977 0.00702890 -0.00312205
v 0.01675866 0.00722153 -0.00264584
v 0.01675396 0.00751129 -0.00165206
v 0.01674430 0.00766590 -0.00062066
v 0.01673703 0.00769049 -0.00010880
v 0.01671556 0.00763641 0.00092656
v 0.01668224 0.00744279 0.00195310
v 0.01625919 0.00659833 0.00446038
v 0.01641750 0.00650701 0.00441418
v 0.01621219 0.00626636 0.00491706
v 0.01636931 0.00617924 0.00486686
v 0.01660296 0.00689639 0.00342915
v 0.01652707 0.00637508 0.00433593
v 0.01647917 0.00605463 0.00478200
v 0.01626312 0.00547558 0.00565590
v 0.01637349 0.00536652 0.00556106
v 0.01581260 0.00347921 0.00717323
v 0.01557829 0.00103751 0.00790931
v 0.01565119 0.00205802 0.00770553
v 0.01569370 0.00248667 0.00757719
v 0.01595726 0.00342888 0.00710915
v 0.01583397 0.00245030 0.00751218
v 0.01578985 0.00202781 0.00764037
v 0.01571408 0.00102218 0.00784407
v 0.01620106 0.00425988 0.00647561
v 0.01606804 0.00336317 0.00700440
v 0.01594435 0.00240408 0.00740775
v 0.01589999 0.00198977 0.00753643
v 0.01582371 0.00100319 0.00774135
v 0.01610547 -0.00615269 -0.00505955
v 0.01626194 -0.00608407 -0.00498899
v 0.01615075 -0.00571110 -0.00555264
v 0.01637224 -0.00597464 -0.00488887
v 0.01630773 -0.00564831 -0.00547538
v 0.01641784 -0.00554686 -0.00536519
v 0.01622826 -0.00491328 -0.00626872
v 0.01626444 -0.00451524 -0.00656081
v 0.01634046 -0.00359391 -0.00710656
v 0.01643446 -0.00211477 -0.00767664
v 0.01640788 -0.00260101 -0.00752612
v 0.01647503 -0.00106984 -0.00788992
v 0.01638624 -0.00486070 -0.00618186
v 0.01642291 -0.00446758 -0.00647010
v 0.01650006 -0.00355719 -0.00700877
v 0.01656858 -0.00257538 -0.00742304
v 0.01659562 -0.00209429 -0.00757169
v 0.01663694 -0.00105986 -0.00778239
v 0.01649598 -0.00477363 -0.00605681
v 0.01653249 -0.00438765 -0.00633888
v 0.01660925 -0.00349377 -0.00686581
v 0.01667741 -0.00252966 -0.00727081
v 0.01670432 -0.00205721 -0.00741607
v 0.01674541 -0.00104123 -0.00762186
v 0.01605148 -0.00659236 -0.00462788
v 0.01620862 -0.00654054 -0.00454186
v 0.01631849 -0.00645358 -0.00441883
v 0.01627166 -0.00686101 -0.00413986
v 0.01616216 -0.00692878 -0.00427687
v 0.01600438 -0.00696645 -0.00437191
v 0.01620428 -0.00743620 -0.00387536
v 0.01614814 -0.00790931 -0.00374862
v 0.01609541 -0.00747673 -0.00402630
v 0.01603984 -0.00792722 -0.00390684
v 0.01593653 -0.00749469 -0.00412979
v 0.01587995 -0.00792923 -0.00401417
v 0.01580455 -0.00850750 -0.00396182
v 0.01596582 -0.00852633 -0.00385311
v 0.01607339 -0.00853888 -0.00369046
v 0.01524392 -0.01548859 -0.00396104
v 0.01522750 -0.01580041 -0.00396637
v 0.01540724 -0.01549097 -0.00385023
v 0.01538462 -0.01580078 -0.00386901
v 0.01551496 -0.01549254 -0.00368484
v 0.01553200 -0.01580113 -0.00362247
v 0.01551185 -0.01580109 -0.00368475
v 0.01545563 -0.01580095 -0.00378846
v 0.01557449 -0.01382416 -0.00368627
v 0.01546676 -0.01381816 -0.00385096
v 0.01530392 -0.01380910 -0.00396124
v 0.01577209 -0.01129676 -0.00368901
v 0.01566444 -0.01128624 -0.00385236
v 0.01550259 -0.01127045 -0.00396162
v -0.00591596 -0.02480392 0.00312796
v -0.00631337 -0.02581895 0.00312796
v -0.00653829 -0.02688554 0.00312796
v -0.00658459 -0.02797460 0.00312796
v -0.00898990 -0.03570759 0.00312796
v -0.00645101 -0.02905643 0.00312796
v -0.00614118 -0.03010152 0.00312797
v 0.00339505 -0.02204359 0.00312797
v 0.00241632 -0.02156372 0.00312797
v 0.00137194 -0.02125149 0.00312797
v 0.00029042 -0.02111541 0.00312796
v -0.00079875 -0.02115920 0.00312796
v -0.00186585 -0.02138167 0.00312797
v -0.00288179 -0.02177674 0.00312796
v -0.00381884 -0.02233364 0.00312796
v 0.00616134 -0.02531739 0.00312796
v 0.00568372 -0.02433754 0.00312796
v -0.00465145 -0.02303717 0.00312796
v -0.00535690 -0.02386816 0.00312797
v -0.00566356 -0.03108136 0.00312797
v -0.00503119 -0.03196923 0.00312796
v -0.00886864 -0.03709681 0.00312796
v -0.00426130 -0.03274089 0.00312796
v -0.00337490 -0.03337531 0.00312796
v -0.00791893 -0.03970781 0.00312796
v -0.00850800 -0.03844385 0.00312797
v 0.00505134 -0.02344968 0.00312796
v 0.00428146 -0.02267802 0.00312797
v 0.00633353 -0.02959996 0.00312797
v 0.00900674 -0.03571131 0.00312796
v 0.00593612 -0.03061498 0.00312797
v 0.00537705 -0.03155075 0.00312796
v 0.00500530 -0.04263869 0.00312796
v 0.00374134 -0.04322776 0.00312796
v 0.00188600 -0.03403724 0.00312796
v 0.00081890 -0.03425971 0.00312797
v 0.00655845 -0.02853337 0.00312796
v 0.00660475 -0.02744431 0.00312796
v 0.00647117 -0.02636248 0.00312796
v -0.00135179 -0.03416742 0.00312796
v -0.00499133 -0.04263663 0.00312797
v -0.00239616 -0.03385519 0.00312796
v -0.00613347 -0.04183654 0.00312796
v -0.00711932 -0.04085028 0.00312796
v -0.00027026 -0.03430350 0.00312797
v -0.00238071 -0.04358742 0.00312797
v -0.00372761 -0.04322622 0.00312797
v 0.00239429 -0.04358841 0.00312796
v 0.00100508 -0.04370966 0.00312796
v -0.00099155 -0.04370925 0.00312797
v 0.00614777 -0.04183908 0.00312796
v 0.00290194 -0.03364217 0.00312796
v 0.00713403 -0.04085323 0.00312796
v 0.00383900 -0.03308527 0.00312797
v 0.00793411 -0.03971109 0.00312796
v 0.00467160 -0.03238174 0.00312796
v 0.00888492 -0.03710048 0.00312796
v 0.00852372 -0.03844738 0.00312796
v 0.01485568 -0.02040370 -0.00090174
v 0.01508112 -0.02221761 -0.00357193
v 0.01480746 -0.01805028 -0.00357192
v 0.01418752 -0.01623915 0.00180135
v 0.01448687 -0.02033200 0.00166437
v 0.01443426 -0.01615668 0.00025596
v 0.01470597 -0.02025907 0.00041968
v 0.01458553 -0.01604638 -0.00187913
v 0.01515148 -0.02528909 -0.00357204
v 0.01500165 -0.02485358 -0.00099734
v 0.01485072 -0.02463340 0.00027790
v 0.01461364 -0.02441346 0.00152143
v 0.00956169 -0.04697282 -0.00357204
v 0.00890003 -0.04770422 -0.00357203
v 0.00867472 -0.04752532 -0.00357204
v 0.00450780 -0.04996866 -0.00357203
v 0.00668108 -0.04903372 -0.00357204
v 0.00592369 -0.04973501 -0.00357213
v 0.00826183 -0.04791261 -0.00357204
v 0.00800399 -0.04849447 -0.00357214
v 0.00704871 -0.04914806 -0.00357220
v -0.01178186 -0.04240470 -0.00357204
v -0.01037294 -0.04528497 -0.00357204
v -0.01134302 -0.04413465 -0.00357204
v -0.00866277 -0.04752173 -0.00357203
v -0.00888815 -0.04770054 -0.00357204
v -0.00904637 -0.04711452 -0.00357204
v -0.00974108 -0.04672939 -0.00357204
v -0.01054686 -0.04556813 -0.00357204
v 0.01043246 -0.04577341 -0.00357204
v 0.01008711 -0.04576472 -0.00357204
v 0.01129489 -0.04426141 -0.00357203
v 0.01133358 -0.04348247 -0.00357204
v 0.01210741 -0.04246829 -0.00357203
v 0.01179593 -0.04240958 -0.00357204
v 0.01286601 -0.04038031 -0.00357205
v 0.01298701 -0.03887229 -0.00357204
v 0.01353829 -0.03806227 -0.00357191
v 0.01412200 -0.03549817 -0.00357194
v 0.01392536 -0.03479511 -0.00357204
v 0.01425708 -0.03479581 -0.00357203
v 0.01482023 -0.02533847 -0.00357204
v 0.01506202 -0.02818862 -0.00357203
v 0.01458676 -0.03008704 -0.00357203
v 0.01481826 -0.03103076 -0.00357203
v 0.01443580 -0.03377777 -0.00357204
v -0.00449686 -0.04996680 -0.00357203
v -0.00459649 -0.05023422 -0.00357204
v -0.00530348 -0.04968055 -0.00357204
v -0.00592231 -0.04972780 -0.00357204
v -0.00706573 -0.04879412 -0.00357204
v -0.00710715 -0.04910281 -0.00357204
v -0.00808794 -0.04841621 -0.00357204
v -0.01512184 -0.02609771 -0.00357203
v -0.01479907 -0.02533234 -0.00357204
v -0.01499897 -0.02884940 -0.00357204
v -0.01456758 -0.03008100 -0.00357204
v -0.01469654 -0.03187799 -0.00357204
v -0.01390811 -0.03478934 -0.00357204
v -0.01423986 -0.03478991 -0.00357203
v -0.01209336 -0.04246328 -0.00357203
v -0.01285028 -0.04037618 -0.00357204
v -0.01297148 -0.03886692 -0.00357204
v -0.01354603 -0.03796666 -0.00357204
v -0.01412332 -0.03540026 -0.00357203
v 0.00460732 -0.05023612 -0.00357204
v 0.00348430 -0.05054187 -0.00357203
v 0.00226639 -0.05047658 -0.00357204
v 0.00231412 -0.05075742 -0.00357203
v 0.00000533 -0.05063087 -0.00357203
v 0.00000527 -0.05091535 -0.00357203
v -0.00225566 -0.05047565 -0.00357203
v -0.00230350 -0.05075646 -0.00357203
v -0.00345295 -0.05054512 -0.00357203
v 0.01431984 -0.01628381 -0.00357203
v 0.01467604 -0.02088952 -0.00357203
v -0.01423677 -0.01562222 -0.00357204
v -0.01429495 -0.01627788 -0.00357204
v -0.01497365 -0.02065053 -0.00357190
v -0.01465305 -0.02088345 -0.00357204
v -0.01511609 -0.02388472 -0.00357199
v -0.01513032 -0.02528283 -0.00357204
v 0.01384463 -0.01630601 0.00306814
v 0.01358601 -0.01634320 0.00376924
v 0.01393293 -0.01629128 0.00278946
v 0.01316177 -0.01639206 0.00468432
v 0.01265836 -0.01643885 0.00555246
v 0.01183564 -0.01650077 0.00668613
v 0.01085450 -0.03571170 0.00189333
v 0.01042096 -0.03571161 0.00254218
v 0.00977210 -0.03571148 0.00297572
v -0.00213398 -0.00415809 0.00700000
v 0.00113398 -0.00415809 0.00700000
v -0.00213398 -0.00000000 0.00700000
v 0.00113398 0.00000000 0.00700000
v -0.00200000 -0.04412650 -0.00550000
v -0.00200000 -0.04412650 -0.00650000
v 0.00200000 -0.04412650 -0.00550000
v 0.00200000 -0.04412650 -0.00650000
v -0.00306699 -0.01761603 -0.00700000
v -0.00238397 -0.01693301 -0.00700000
v -0.00610000 -0.02250000 -0.00700000
v -0.00213398 -0.01600000 -0.00700000
v 0.00610000 -0.02250000 -0.00700000
v -0.00200000 -0.04326047 -0.00700000
v -0.00436405 -0.04294924 -0.00700000
v 0.00610000 -0.03250000 -0.00700000
v 0.00710000 -0.03250000 -0.00700000
v 0.00710000 -0.02250000 -0.00700000
v 0.01113398 -0.01600000 -0.00700000
v -0.01113397 -0.01800000 -0.00700000
v -0.00710000 -0.02250000 -0.00700000
v -0.01113398 -0.03412650 -0.00700000
v -0.00710000 -0.03250000 -0.00700000
v -0.00656699 -0.04203676 -0.00700000
v -0.00845869 -0.04058519 -0.00700000
v -0.00610000 -0.03250000 -0.00700000
v -0.00991025 -0.03869349 -0.00700000
v -0.01082274 -0.03649054 -0.00700000
v 0.00845870 -0.04058519 -0.00700000
v 0.00656699 -0.04203676 -0.00700000
v -0.01111603 -0.01793301 -0.00700000
v -0.01106699 -0.01788398 -0.00700000
v -0.01100000 -0.01786603 -0.00700000
v 0.00436404 -0.04294924 -0.00700000
v 0.00200000 -0.04326047 -0.00700000
v -0.00213398 -0.00000000 -0.00700000
v 0.00113398 0.00000000 -0.00700000
v 0.00113398 -0.01286603 -0.00700000
v 0.00800000 -0.01286603 -0.00700000
v 0.01089542 -0.01480068 -0.00700000
v 0.01021605 -0.01378395 -0.00700000
v 0.00919932 -0.01310459 -0.00700000
v 0.01113397 -0.03412650 -0.00700000
v 0.01082274 -0.03649054 -0.00700000
v 0.00991025 -0.03869349 -0.00700000
v -0.00400000 -0.01786603 -0.00700000
v 0.00200000 0.00130000 0.00000000
v 0.00200000 0.00112583 -0.00065000
v 0.00200000 0.00618187 -0.00200861
v 0.00200000 0.00000000 -0.00650000
v 0.00200000 0.00000000 -0.00130000
v 0.00200000 0.00200861 -0.00618187
v 0.00200000 0.00065000 -0.00112583
v 0.00200000 0.00382060 -0.00525861
v 0.00200000 0.00525861 -0.00382060
v 0.00200000 0.00650000 0.00000000
v 0.00200000 0.00618187 0.00200861
v 0.00200000 0.00112583 0.00065000
v 0.00200000 0.00525861 0.00382060
v 0.00200000 0.00065000 0.00112583
v 0.00200000 0.00382060 0.00525861
v 0.00200000 0.00200861 0.00618187
v 0.00200000 0.00000000 0.00130000
v 0.00200000 0.00000000 0.00650000
v 0.00200000 -0.00065000 0.00112583
v 0.00200000 -0.00553183 0.00650000
v 0.00200000 -0.00112583 0.00065000
v 0.00200000 -0.00123637 0.00040172
v 0.00200000 -0.00130000 -0.00000000
v 0.00200000 -0.00112583 -0.00065000
v 0.00200000 -0.00065000 -0.00112583
v -0.01200000 -0.01800000 -0.00650000
v -0.01200000 -0.03412651 -0.00650000
v 0.01200000 -0.03412650 -0.00650000
v 0.01200000 -0.01600000 -0.00650000
v 0.00458819 -0.04378575 -0.00650000
v 0.00458819 -0.04378576 -0.00550000
v 0.00700000 -0.04278675 -0.00650000
v 0.00700000 -0.04278675 -0.00550000
v 0.00907107 -0.04119756 -0.00650000
v 0.01066025 -0.03912650 -0.00650000
v 0.01165926 -0.03671469 -0.00650000
v -0.00726783 -0.04262650 -0.00550000
v -0.00700000 -0.04278676 -0.00550000
v -0.00907107 -0.04119757 -0.00650000
v -0.00700000 -0.04278675 -0.00650000
v -0.00458819 -0.04378576 -0.00650000
v -0.00458819 -0.04378576 -0.00550000
v -0.01066025 -0.03912650 -0.00650000
v -0.01165926 -0.03671469 -0.00650000
v 0.01169552 -0.01446927 -0.00650000
v 0.01082843 -0.01317157 -0.00650000
v 0.00953074 -0.01230448 -0.00650000
v 0.00710000 -0.03250000 -0.00800000
v 0.00710000 -0.02250000 -0.00800000
v 0.00610000 -0.02250000 -0.00800000
v 0.00610000 -0.03250000 -0.00800000
v -0.00710000 -0.02250000 -0.00800000
v -0.00710000 -0.03250000 -0.00800000
v -0.00610000 -0.03250000 -0.00800000
v -0.00610000 -0.02250000 -0.00800000
v -0.00400000 -0.01700000 -0.00650000
v -0.01100000 -0.01700000 -0.00650000
v -0.01186603 -0.01750000 -0.00650000
v -0.01150000 -0.01713398 -0.00650000
v -0.00350000 -0.01686602 -0.00650000
v -0.00313398 -0.01650000 -0.00650000
v -0.00213397 0.00216312 -0.00665740
v 0.00113397 0.00216312 -0.00665740
v -0.00213397 0.00411450 -0.00566312
v 0.00113397 0.00411450 -0.00566312
v -0.00213398 0.00566312 -0.00411450
v 0.00113397 0.00566312 -0.00411450
v -0.00213398 0.00665740 -0.00216312
v 0.00113398 0.00665739 -0.00216312
v -0.00213397 0.00700000 0.00000000
v 0.00113398 0.00700000 0.00000000
v -0.00213397 0.00665740 0.00216312
v 0.00113397 0.00665740 0.00216312
v -0.00213397 0.00566312 0.00411450
v 0.00113397 0.00566312 0.00411450
v -0.00213397 0.00411450 0.00566312
v 0.00113397 0.00411450 0.00566312
v -0.00213398 0.00216312 0.00665739
v 0.00113398 0.00216312 0.00665740
v -0.00442280 -0.04585160 0.00502911
v -0.00459480 -0.04458979 0.00582082
v -0.00567283 -0.04446884 0.00544933
v -0.00820697 -0.04424499 0.00385364
v -0.00820098 -0.04425636 0.00385071
v -0.00753175 -0.04423399 0.00444501
v -0.00798598 -0.04465205 0.00374366
v -0.00546344 -0.04565505 0.00472587
v -0.00666820 -0.04434070 0.00497854
v -0.00667776 -0.04534562 0.00424381
v -0.00726151 -0.04515276 0.00396465
v -0.00782608 -0.04492795 0.00366320
v -0.00513189 -0.04157105 0.00702788
v -0.00542417 -0.03987558 0.00751957
v -0.00632478 -0.04159597 0.00654239
v -0.00668199 -0.03995445 0.00698836
v -0.00743498 -0.04165213 0.00590844
v -0.00785348 -0.04007050 0.00629513
v -0.00842671 -0.04175039 0.00516514
v -0.00890374 -0.04022314 0.00548598
v -0.00942502 -0.04148137 0.00442567
v -0.00979790 -0.04041176 0.00460697
v -0.00484330 -0.04315268 0.00647436
v -0.00597398 -0.04310859 0.00604199
v -0.00702353 -0.04308218 0.00548115
v -0.00795199 -0.04309657 0.00482577
v -0.00872007 -0.04319654 0.00409740
v -0.00223877 -0.04611377 0.00534223
v 0.00000625 -0.04620061 0.00540090
v 0.00000653 -0.04482822 0.00626558
v -0.00334222 -0.04600485 0.00523033
v -0.00232926 -0.04476491 0.00619717
v -0.00347520 -0.04469001 0.00606354
v 0.00000686 -0.04327835 0.00698176
v -0.00245923 -0.04323887 0.00690596
v 0.00000720 -0.04159356 0.00758835
v -0.00260921 -0.04157580 0.00750717
v 0.00000757 -0.03981646 0.00812424
v -0.00275974 -0.03981583 0.00803933
v -0.00366665 -0.04319867 0.00675379
v -0.00388813 -0.04156734 0.00733939
v -0.00411125 -0.03983249 0.00785865
v 0.00277488 -0.03981698 0.00803933
v 0.00262363 -0.04157688 0.00750717
v 0.00247296 -0.04323989 0.00690596
v 0.00234235 -0.04476587 0.00619717
v 0.00225130 -0.04611471 0.00534223
v 0.00412638 -0.03983419 0.00785865
v 0.00390255 -0.04156896 0.00733939
v 0.00368039 -0.04320019 0.00675379
v 0.00348833 -0.04469145 0.00606354
v 0.00335480 -0.04600623 0.00523033
v 0.00543929 -0.03987782 0.00751957
v 0.00514631 -0.04157315 0.00702788
v 0.00485707 -0.04315463 0.00647438
v 0.00460798 -0.04459161 0.00582086
v 0.00443545 -0.04585342 0.00502911
v 0.00922844 -0.04204738 0.00432436
v 0.00981279 -0.04041582 0.00460697
v 0.00891872 -0.04022683 0.00548598
v 0.00782597 -0.04492638 0.00367904
v 0.00782832 -0.04492562 0.00367757
v 0.00783105 -0.04493080 0.00368483
v 0.00783244 -0.04492428 0.00367499
v 0.00784765 -0.04491933 0.00366546
v 0.00782372 -0.04492711 0.00368045
v 0.00778618 -0.04493931 0.00370396
v 0.00782180 -0.04492773 0.00368165
v 0.00783891 -0.04485935 0.00375239
v 0.00784182 -0.04492240 0.00368188
v 0.00786462 -0.04489992 0.00367950
v 0.00774376 -0.04495309 0.00373053
v 0.00767765 -0.04490848 0.00388291
v 0.00757752 -0.04500709 0.00383466
v 0.00561512 -0.04490913 0.00527575
v 0.00524291 -0.04570450 0.00480892
v 0.00635395 -0.04542806 0.00441594
v 0.00594979 -0.04345106 0.00593572
v 0.00637903 -0.03993313 0.00714295
v 0.00634224 -0.04176899 0.00649200
v 0.00669708 -0.03995723 0.00698836
v 0.00817425 -0.04011269 0.00607976
v 0.00704736 -0.04338020 0.00537538
v 0.00800772 -0.04334912 0.00469051
v 0.00798725 -0.04472341 0.00371084
v 0.00823900 -0.04425519 0.00384229
v 0.00789982 -0.04448327 0.00401488
v 0.00859090 -0.04353845 0.00401863
v 0.00752161 -0.04454894 0.00431580
v 0.00785364 -0.04492198 0.00366540
v 0.00786159 -0.04491433 0.00366572
v 0.00787959 -0.04489331 0.00366797
v 0.00792201 -0.04483198 0.00368122
v 0.00663696 -0.04470915 0.00485804
v 0.00731864 -0.04501381 0.00413498
v 0.00732589 -0.04508883 0.00399228
v 0.00748160 -0.04503825 0.00389475
v 0.00936182 -0.03854446 0.00580157
v 0.00976034 -0.03671229 0.00611053
v 0.00860334 -0.03650838 0.00702425
v 0.01114283 -0.03495980 0.00538154
v 0.01147611 -0.03283632 0.00562460
v 0.01011104 -0.03473091 0.00640781
v 0.01041062 -0.03260085 0.00668837
v 0.00890809 -0.03451778 0.00736341
v 0.00916869 -0.03238102 0.00767944
v 0.00779122 -0.03219124 0.00853388
v 0.00731774 -0.03633447 0.00781140
v 0.00594065 -0.03620264 0.00841475
v 0.01030695 -0.03875443 0.00486755
v 0.01075170 -0.03693413 0.00512747
v 0.00631911 -0.03204596 0.00918778
v 0.00450520 -0.03612068 0.00879642
v 0.00000835 -0.03606199 0.00908495
v 0.00152544 -0.03606413 0.00907255
v 0.00302894 -0.03607909 0.00899603
v 0.00455067 -0.03194508 0.00964250
v 0.00342916 -0.03191201 0.00979186
v 0.00229304 -0.03189495 0.00986897
v 0.00000922 -0.03188745 0.00990199
v -0.00592401 -0.03620018 0.00841475
v -0.00448853 -0.03611881 0.00879642
v -0.00301225 -0.03607784 0.00899603
v -0.00150875 -0.03606350 0.00907255
v -0.00630075 -0.03204336 0.00918778
v -0.00453227 -0.03194320 0.00964250
v -0.00341075 -0.03191059 0.00979186
v -0.00227462 -0.03189401 0.00986897
v -0.00730116 -0.03633144 0.00781140
v -0.01145808 -0.03283156 0.00562460
v -0.01009379 -0.03472673 0.00640781
v -0.01039249 -0.03259655 0.00668837
v -0.00858682 -0.03650482 0.00702425
v -0.00915047 -0.03237723 0.00767944
v -0.00777293 -0.03218802 0.00853388
v -0.01112568 -0.03495519 0.00538154
v -0.01073537 -0.03692969 0.00512747
v -0.00974391 -0.03670826 0.00611053
v -0.01029136 -0.03875017 0.00486755
v -0.00934615 -0.03854058 0.00580157
v -0.00824047 -0.03835507 0.00666661
v -0.01347346 -0.03355698 0.00230588
v -0.01381649 -0.03380706 0.00113771
v -0.01307694 -0.03566670 0.00216944
v -0.01341569 -0.03587827 0.00103464
v -0.01260635 -0.03763868 0.00203096
v -0.01292875 -0.03786721 0.00092808
v -0.01206472 -0.03946815 0.00189412
v -0.01236691 -0.03971772 0.00082344
v -0.01145422 -0.04114962 0.00176517
v -0.01173257 -0.04142585 0.00072369
v -0.01298117 -0.03331186 0.00343675
v -0.01260075 -0.03542494 0.00326646
v -0.01215044 -0.03739527 0.00309230
v -0.01163407 -0.03921680 0.00291866
v -0.01105305 -0.04088222 0.00275483
v -0.01231694 -0.03307046 0.00453982
v -0.01195751 -0.03518827 0.00433381
v -0.01153377 -0.03715916 0.00412105
v -0.01105006 -0.03897669 0.00390646
v -0.01050594 -0.04063259 0.00370201
v -0.00799738 -0.04531491 0.00312354
v -0.00783702 -0.04494965 0.00363396
v -0.00865402 -0.04449365 0.00317290
v -0.00929342 -0.04342278 0.00331489
v -0.00991560 -0.04212614 0.00349849
v -0.01041377 -0.04239215 0.00259661
v -0.00972193 -0.04372248 0.00246444
v -0.00898051 -0.04485713 0.00237908
v -0.00824507 -0.04589293 0.00215195
v -0.01077651 -0.04268441 0.00164381
v -0.01003535 -0.04405268 0.00154561
v -0.00923241 -0.04524144 0.00148518
v -0.00846438 -0.04642493 0.00101325
v -0.00854375 -0.04662789 0.00049183
v -0.00943551 -0.04559176 0.00050892
v -0.01026601 -0.04437032 0.00055883
v -0.01103259 -0.04297717 0.00063321
v -0.00723226 -0.04587983 0.00330119
v -0.00733151 -0.04649265 0.00247522
v -0.00639652 -0.04704594 0.00264653
v -0.00435199 -0.04691577 0.00407580
v -0.00635657 -0.04631058 0.00356680
v -0.00441399 -0.04849952 0.00184383
v -0.00436030 -0.04779232 0.00299705
v -0.00540087 -0.04747034 0.00283391
v -0.00538575 -0.04665031 0.00384266
v -0.00746653 -0.04702188 0.00153192
v -0.00759438 -0.04747153 0.00051200
v -0.00649129 -0.04765056 0.00163020
v -0.00659487 -0.04814094 0.00055810
v -0.00555370 -0.04866076 0.00061489
v -0.00447931 -0.04905562 0.00066713
v -0.00547064 -0.04813418 0.00174301
v -0.00250000 -0.04924609 0.00130359
v -0.00124721 -0.04936344 0.00136372
v -0.00223039 -0.04895395 0.00195084
v -0.00333202 -0.04876931 0.00191221
v -0.00337977 -0.04934733 0.00070281
v -0.00250000 -0.04951148 0.00071979
v 0.00000559 -0.04940085 0.00138025
v 0.00000565 -0.04909406 0.00197184
v -0.00220418 -0.04819587 0.00316885
v 0.00000581 -0.04832170 0.00320228
v -0.00220098 -0.04725488 0.00431874
v 0.00000601 -0.04736281 0.00436530
v -0.00328698 -0.04711574 0.00423151
v -0.00329234 -0.04803134 0.00310695
v 0.00250000 -0.04951423 0.00071995
v 0.00341095 -0.04934432 0.00070232
v 0.00250000 -0.04924832 0.00130486
v 0.00334346 -0.04877069 0.00191221
v 0.00125927 -0.04936381 0.00136389
v 0.00329910 -0.04711710 0.00423151
v 0.00224176 -0.04895488 0.00195084
v 0.00221585 -0.04819679 0.00316885
v 0.00221304 -0.04725579 0.00431874
v 0.00330408 -0.04803271 0.00310695
v 0.00436419 -0.04691757 0.00407580
v 0.00437214 -0.04779413 0.00299705
v 0.00442554 -0.04850135 0.00184383
v 0.00449062 -0.04905748 0.00066713
v 0.00785703 -0.04510987 0.00353619
v 0.00784899 -0.04509432 0.00355710
v 0.00785552 -0.04514325 0.00351648
v 0.00787135 -0.04517354 0.00347559
v 0.00792283 -0.04506946 0.00345739
v 0.00786280 -0.04512762 0.00351546
v 0.00790665 -0.04503348 0.00350661
v 0.00785476 -0.04508074 0.00355451
v 0.00788992 -0.04499746 0.00355570
v 0.00784723 -0.04503286 0.00359272
v 0.00787229 -0.04496172 0.00360475
v 0.00784024 -0.04498399 0.00363008
v 0.00785275 -0.04492704 0.00365397
v 0.00783380 -0.04493413 0.00366657
v 0.00807196 -0.04541491 0.00295367
v 0.00805717 -0.04538004 0.00300745
v 0.00787137 -0.04551393 0.00320081
v 0.00802029 -0.04529354 0.00313783
v 0.00791045 -0.04534753 0.00330821
v 0.00799959 -0.04524529 0.00320877
v 0.00796959 -0.04517586 0.00330869
v 0.00841978 -0.04626786 0.00137490
v 0.00833600 -0.04605523 0.00182352
v 0.00782752 -0.04685651 0.00148618
v 0.00764076 -0.04637514 0.00247612
v 0.00664575 -0.04690548 0.00273508
v 0.00760049 -0.04747919 0.00051221
v 0.00676312 -0.04754028 0.00163905
v 0.00659430 -0.04815074 0.00055875
v 0.00560740 -0.04806874 0.00180108
v 0.00554611 -0.04867119 0.00061592
v 0.00551135 -0.04638223 0.00408453
v 0.00552869 -0.04733152 0.00299365
v 0.00748960 -0.04524782 0.00374864
v 0.00783254 -0.04494162 0.00367393
v 0.00780577 -0.04503257 0.00364126
v 0.00781506 -0.04513652 0.00355933
v 0.00783603 -0.04495069 0.00366285
v 0.00783956 -0.04533282 0.00338597
v 0.00788995 -0.04526246 0.00339344
v 0.00793868 -0.04510521 0.00340800
v 0.00783693 -0.04495605 0.00365738
v 0.00783759 -0.04496164 0.00365192
v 0.00784146 -0.04500185 0.00362494
v 0.00784354 -0.04501204 0.00361419
v 0.00784743 -0.04505202 0.00358618
v 0.00785002 -0.04506144 0.00357561
v 0.00784299 -0.04504440 0.00359689
v 0.00824993 -0.04584233 0.00223285
v 0.00751538 -0.04568171 0.00336438
v 0.00658975 -0.04605863 0.00372942
v 0.00855608 -0.04663143 0.00049183
v 0.00944826 -0.04559566 0.00050892
v 0.00925638 -0.04523240 0.00148327
v 0.00900470 -0.04484975 0.00237545
v 0.00867828 -0.04448770 0.00316860
v 0.01104642 -0.04298174 0.00063321
v 0.01174704 -0.04143071 0.00072369
v 0.01079421 -0.04268352 0.00164181
v 0.01146965 -0.04115506 0.00176261
v 0.01043280 -0.04239190 0.00259256
v 0.01107012 -0.04088812 0.00274995
v 0.00993669 -0.04212622 0.00349266
v 0.01052549 -0.04063874 0.00369498
v 0.01027926 -0.04437457 0.00055883
v 0.01005590 -0.04404690 0.00154390
v 0.00974332 -0.04371775 0.00246094
v 0.00931615 -0.04341867 0.00331013
v 0.01106555 -0.03898127 0.00390646
v 0.01164946 -0.03922162 0.00291866
v 0.01208000 -0.03947314 0.00189412
v 0.01237852 -0.03973345 0.00082283
v 0.01155001 -0.03716395 0.00412105
v 0.01216658 -0.03740030 0.00309230
v 0.01262239 -0.03764391 0.00203096
v 0.01293842 -0.03789546 0.00092681
v 0.01197457 -0.03519323 0.00433381
v 0.01261771 -0.03543016 0.00326646
v 0.01309380 -0.03567212 0.00216944
v 0.01342441 -0.03592061 0.00103274
v 0.01233487 -0.03307556 0.00453981
v 0.01299901 -0.03331723 0.00343675
v 0.01349119 -0.03356256 0.00230588
v 0.01383412 -0.03381278 0.00113771
v 0.01456117 -0.02685013 0.00143113
v 0.01419339 -0.02659861 0.00267851
v 0.01424304 -0.02418253 0.00278692
v 0.01367420 -0.02634801 0.00389030
v 0.01372206 -0.02395177 0.00401467
v 0.01297782 -0.02609799 0.00507441
v 0.01302519 -0.02372097 0.00521290
v 0.01207845 -0.02584820 0.00623874
v 0.01212691 -0.02348998 0.00638982
v 0.01440910 -0.02924925 0.00133711
v 0.01404720 -0.02899177 0.00256158
v 0.01353346 -0.02873630 0.00375105
v 0.01284272 -0.02848226 0.00491373
v 0.01194981 -0.02822909 0.00605781
v 0.01416442 -0.03158031 0.00123931
v 0.01381097 -0.03132532 0.00243706
v 0.01330626 -0.03107368 0.00359914
v 0.01262628 -0.03082453 0.00473437
v 0.01174702 -0.03057702 0.00585157
v 0.01084091 -0.02797896 0.00717892
v 0.01100545 -0.02325970 0.00754765
v 0.00954760 -0.02774479 0.00822245
v 0.00969571 -0.02304386 0.00862285
v 0.00811284 -0.02754229 0.00912126
v 0.00823905 -0.02285729 0.00954602
v 0.00657956 -0.02738709 0.00980815
v 0.00671504 -0.02271761 0.01023415
v 0.00001114 -0.02256180 0.01099604
v 0.00001018 -0.02721774 0.01055345
v 0.00244361 -0.02256920 0.01096198
v 0.00238761 -0.02722575 0.01052000
v 0.00365205 -0.02258598 0.01088046
v 0.00357038 -0.02724397 0.01044017
v 0.00484301 -0.02261848 0.01072132
v 0.00473804 -0.02727929 0.01028447
v 0.00512504 -0.02262918 0.01066879
v -0.00236725 -0.02722476 0.01052000
v -0.00669281 -0.02271484 0.01023415
v -0.00655926 -0.02738437 0.00980815
v -0.00510279 -0.02262707 0.01066879
v -0.00471770 -0.02727734 0.01028447
v -0.00482074 -0.02261648 0.01072132
v -0.00355002 -0.02724249 0.01044017
v -0.00362977 -0.02258447 0.01088046
v -0.00242132 -0.02256819 0.01096198
v -0.01172805 -0.03057216 0.00585157
v -0.01205752 -0.02584320 0.00623874
v -0.01192987 -0.02822415 0.00605781
v -0.01082086 -0.02797447 0.00717892
v -0.00821689 -0.02285388 0.00954602
v -0.00809261 -0.02753893 0.00912126
v -0.00967362 -0.02303985 0.00862285
v -0.00952746 -0.02774085 0.00822245
v -0.01098345 -0.02325514 0.00754765
v -0.01210500 -0.02348496 0.00638982
v -0.01260741 -0.03081931 0.00473437
v -0.01282289 -0.02847694 0.00491373
v -0.01295700 -0.02609262 0.00507441
v -0.01300814 -0.02371697 0.00520578
v -0.01328749 -0.03106817 0.00359914
v -0.01351373 -0.02873070 0.00375105
v -0.01365349 -0.02634236 0.00389030
v -0.01370760 -0.02394886 0.00400013
v -0.01379231 -0.03131961 0.00243706
v -0.01402757 -0.02898596 0.00256158
v -0.01417277 -0.02659274 0.00267851
v -0.01422935 -0.02418079 0.00276450
v -0.01414241 -0.03160188 0.00123812
v -0.01438958 -0.02924328 0.00133711
v -0.01454188 -0.02681502 0.00143224
v -0.01459212 -0.02440741 0.00152143
v -0.01446366 -0.02032601 0.00166437
v -0.01468309 -0.02025905 0.00041949
v -0.01483287 -0.02040376 -0.00090190
v -0.01416345 -0.01623318 0.00179751
v -0.01417114 -0.01623127 0.00176131
v -0.01482654 -0.02462408 0.00029610
v -0.01497974 -0.02484629 -0.00099099
v -0.01414878 -0.03429778 -0.00119767
v -0.01449244 -0.03209694 -0.00114736
v -0.01475695 -0.02973915 -0.00109679
v -0.01492294 -0.02729606 -0.00104659
v -0.01402628 -0.03405028 -0.00001383
v -0.01436130 -0.03184794 0.00006073
v -0.01461695 -0.02949032 0.00013505
v -0.01477573 -0.02705510 0.00020783
v -0.01200644 -0.04194779 -0.00138038
v -0.01265380 -0.04022722 -0.00134278
v -0.01322913 -0.03836457 -0.00129150
v -0.01373102 -0.03636811 -0.00123880
v -0.01190384 -0.04168815 -0.00031289
v -0.01254827 -0.03997024 -0.00024024
v -0.01311964 -0.03811291 -0.00016356
v -0.01361581 -0.03612042 -0.00008507
v -0.00875343 -0.04722954 -0.00150120
v -0.00966829 -0.04617011 -0.00149041
v -0.01051536 -0.04492725 -0.00146151
v -0.01129487 -0.04351558 -0.00142416
v -0.00455881 -0.04977198 -0.00149215
v -0.00566490 -0.04935199 -0.00149968
v -0.00674083 -0.04880267 -0.00150628
v -0.00777441 -0.04810240 -0.00150808
v 0.00000537 -0.05045148 -0.00148067
v -0.00229467 -0.05029269 -0.00148231
v -0.00343346 -0.05008171 -0.00148533
v -0.00250000 -0.04993229 -0.00038325
v -0.00250000 -0.05025972 -0.00147521
v -0.00125461 -0.05039548 -0.00144363
v 0.00000537 -0.05043823 -0.00143088
v 0.00456948 -0.04977017 -0.00147799
v 0.00346474 -0.05007846 -0.00148540
v 0.00231921 -0.05029166 -0.00148234
v 0.00125268 -0.05039684 -0.00144325
v 0.00250000 -0.05026234 -0.00147473
v 0.00250000 -0.04993505 -0.00038319
v 0.00876610 -0.04723509 -0.00150883
v 0.00778006 -0.04811031 -0.00150810
v 0.00673957 -0.04881290 -0.00150622
v 0.00565641 -0.04936297 -0.00149954
v 0.01191821 -0.04169308 -0.00031289
v 0.01202145 -0.04195534 -0.00139113
v 0.01130847 -0.04352026 -0.00142416
v 0.01052839 -0.04493161 -0.00146151
v 0.00968080 -0.04617412 -0.00149041
v 0.01416545 -0.03430150 -0.00118743
v 0.01374759 -0.03637379 -0.00123880
v 0.01404312 -0.03405505 -0.00000883
v 0.01363248 -0.03612607 -0.00008507
v 0.01256336 -0.03997544 -0.00024024
v 0.01266877 -0.04023246 -0.00134278
v 0.01313548 -0.03811834 -0.00016356
v 0.01324488 -0.03837005 -0.00129150
v 0.01494327 -0.02730224 -0.00104659
v 0.01477627 -0.02974526 -0.00109679
v 0.01451078 -0.03210294 -0.00114736
v 0.01479615 -0.02706122 0.00020783
v 0.01463636 -0.02949637 0.00013505
v 0.01437974 -0.03185388 0.00006073
v 0.01203339 -0.01968304 0.00657385
v 0.01291847 -0.01984067 0.00538625
v 0.01360806 -0.01999787 0.00417412
v 0.01412514 -0.02015470 0.00292683
v 0.00860908 -0.01666118 0.00955922
v 0.00817855 -0.01667546 0.00981556
v 0.00823849 -0.01946993 0.00972743
v 0.00670848 -0.01671306 0.01049920
v 0.00671108 -0.01690053 0.01049467
v 0.00701039 -0.01670676 0.01038325
v 0.00671358 -0.01708842 0.01048997
v 0.00673482 -0.01981038 0.01039840
v 0.00945803 -0.01662868 0.00897867
v 0.00966769 -0.01960165 0.00880257
v 0.01029299 -0.01659042 0.00829668
v 0.01094809 -0.01975394 0.00772511
v 0.01078858 -0.01656451 0.00783392
v 0.01109133 -0.01654742 0.00752774
v 0.00001177 -0.01954720 0.01116810
v 0.00209464 -0.01675144 0.01123524
v 0.00001235 -0.01675194 0.01125567
v 0.00263810 -0.01675023 0.01121424
v 0.00347037 -0.01949576 0.01107374
v 0.00385954 -0.01674605 0.01112261
v 0.00515069 -0.01953028 0.01084303
v 0.00528073 -0.01673466 0.01090313
v 0.00647140 -0.01671696 0.01058207
v -0.00245406 -0.01674948 0.01122135
v -0.00512714 -0.01952815 0.01084303
v -0.00540128 -0.01673055 0.01087177
v -0.00510541 -0.01673453 0.01093382
v -0.00407267 -0.01674314 0.01109552
v -0.00296922 -0.01674790 0.01119465
v -0.00668377 -0.01671029 0.01049920
v -0.00668645 -0.01689776 0.01049467
v -0.00668903 -0.01708564 0.01048997
v -0.00671139 -0.01980760 0.01039840
v -0.01202102 -0.01991129 0.00656441
v -0.01122241 -0.01653358 0.00736266
v -0.01092464 -0.01974941 0.00772511
v -0.01042689 -0.01657807 0.00815347
v -0.00964417 -0.01959766 0.00880257
v -0.00959408 -0.01661783 0.00885614
v -0.00668907 -0.01671067 0.01049542
v -0.00669468 -0.01671055 0.01049339
v -0.00672044 -0.01670947 0.01048597
v -0.00674000 -0.01670924 0.01047802
v -0.00684663 -0.01670689 0.01043799
v -0.00685660 -0.01670670 0.01043407
v -0.00747215 -0.01669199 0.01017034
v -0.00821492 -0.01946652 0.00972743
v -0.00833776 -0.01666610 0.00970942
v -0.00923607 -0.01663294 0.00912303
v -0.01410186 -0.02014886 0.00292683
v -0.01358471 -0.01999224 0.00417412
v -0.01289506 -0.01983533 0.00538625
v -0.00975526 -0.03570743 0.00297572
v -0.01040411 -0.03570730 0.00254218
v -0.01083766 -0.03570721 0.00189333
v -0.00270195 -0.04540705 0.00189333
v -0.00099193 -0.04555700 0.00189333
v -0.00770572 -0.04134212 0.00297572
v -0.00858183 -0.04009036 0.00297572
v -0.00922727 -0.03870547 0.00297572
v -0.00962241 -0.03722955 0.00297572
v -0.00099171 -0.04447461 0.00297572
v -0.00251378 -0.04434114 0.00297572
v -0.00398953 -0.04394538 0.00297572
v -0.00537415 -0.04329937 0.00297572
v -0.00662555 -0.04242274 0.00297572
v -0.00099184 -0.04512346 0.00254218
v -0.00262657 -0.04498010 0.00254218
v -0.00421158 -0.04455505 0.00254218
v -0.00569869 -0.04386122 0.00254218
v -0.00704273 -0.04291970 0.00254218
v -0.00435994 -0.04496241 0.00189333
v -0.00591554 -0.04423664 0.00189333
v -0.00732148 -0.04325176 0.00189333
v -0.01026143 -0.03734209 0.00254218
v -0.01068840 -0.03741729 0.00189333
v -0.01024446 -0.03907546 0.00189333
v -0.00983703 -0.03892726 0.00254218
v -0.00914382 -0.04041467 0.00254218
v -0.00951932 -0.04063136 0.00189333
v -0.00820286 -0.04175909 0.00254218
v -0.00853503 -0.04203770 0.00189333
v 0.00100470 -0.04555742 0.00189333
v 0.00100479 -0.04512387 0.00254218
v 0.00100492 -0.04447503 0.00297572
v 0.01070453 -0.03742171 0.00189333
v 0.00663962 -0.04242549 0.00297572
v 0.00538785 -0.04330160 0.00297572
v 0.00400297 -0.04394703 0.00297572
v 0.00252704 -0.04434218 0.00297572
v 0.00963863 -0.03723354 0.00297572
v 0.00924287 -0.03870930 0.00297572
v 0.00859686 -0.04009391 0.00297572
v 0.00772023 -0.04134532 0.00297572
v 0.01027759 -0.03734634 0.00254218
v 0.00985254 -0.03893134 0.00254218
v 0.00915871 -0.04041845 0.00254218
v 0.00821719 -0.04176249 0.00254218
v 0.01025991 -0.03907970 0.00189333
v 0.00953413 -0.04063531 0.00189333
v 0.00854925 -0.04204124 0.00189333
v 0.00263958 -0.04498119 0.00254218
v 0.00271478 -0.04540816 0.00189333
v 0.00437295 -0.04496422 0.00189333
v 0.00422476 -0.04455680 0.00254218
v 0.00571216 -0.04386358 0.00254218
v 0.00592886 -0.04423909 0.00189333
v 0.00705658 -0.04292262 0.00254218
v 0.00733519 -0.04325479 0.00189333
v -0.00025187 -0.03387088 0.00287796
v -0.00126244 -0.03374373 0.00287796
v -0.00223829 -0.03345197 0.00287796
v -0.00315281 -0.03300358 0.00287797
v -0.00398106 -0.03241079 0.00287796
v -0.00470044 -0.03168975 0.00287796
v -0.00529133 -0.03086013 0.00287797
v -0.00573761 -0.02994458 0.00287797
v -0.00602711 -0.02896806 0.00287796
v -0.00615193 -0.02795720 0.00287796
v -0.00610867 -0.02693959 0.00287796
v -0.00589850 -0.02594298 0.00287796
v -0.00552717 -0.02499455 0.00287796
v -0.00500478 -0.02412018 0.00287797
v -0.00434562 -0.02334371 0.00287796
v -0.00356763 -0.02268633 0.00287796
v -0.00269206 -0.02216597 0.00287796
v -0.00174278 -0.02179682 0.00287796
v -0.00074568 -0.02158895 0.00287796
v 0.00027203 -0.02154803 0.00287796
v 0.00128259 -0.02167518 0.00287796
v 0.00225844 -0.02196693 0.00287796
v 0.00317297 -0.02241532 0.00287796
v 0.00400122 -0.02300812 0.00287796
v 0.00472060 -0.02372916 0.00287796
v 0.00531149 -0.02455877 0.00287796
v 0.00575777 -0.02547433 0.00287797
v 0.00604727 -0.02645085 0.00287797
v 0.00617209 -0.02746170 0.00287796
v 0.00612882 -0.02847931 0.00287796
v 0.00591865 -0.02947593 0.00287796
v 0.00554732 -0.03042435 0.00287796
v 0.00502494 -0.03129873 0.00287797
v 0.00436577 -0.03207519 0.00287796
v 0.00358778 -0.03273257 0.00287796
v 0.00271221 -0.03325294 0.00287796
v 0.00176293 -0.03362209 0.00287796
v 0.00076584 -0.03382996 0.00287797
v -0.00025965 -0.03405372 0.00306098
v -0.00130020 -0.03392280 0.00306098
v -0.00230501 -0.03362239 0.00306098
v -0.00324668 -0.03316069 0.00306098
v -0.00409950 -0.03255031 0.00306098
v -0.00484023 -0.03180787 0.00306098
v -0.00544866 -0.03095364 0.00306098
v -0.00590818 -0.03001091 0.00306098
v -0.00620627 -0.02900541 0.00306098
v -0.00633480 -0.02796456 0.00306098
v -0.00629025 -0.02691675 0.00306098
v -0.00607384 -0.02589056 0.00306098
v -0.00569148 -0.02491398 0.00306098
v -0.00515361 -0.02401366 0.00306098
v -0.00447487 -0.02321415 0.00306098
v -0.00367380 -0.02253727 0.00306098
v -0.00277224 -0.02200146 0.00306098
v -0.00179479 -0.02162136 0.00306098
v -0.00076811 -0.02140732 0.00306098
v 0.00027980 -0.02136518 0.00306098
v 0.00132035 -0.02149611 0.00306098
v 0.00232517 -0.02179652 0.00306098
v 0.00326683 -0.02225821 0.00306098
v 0.00411966 -0.02286860 0.00306098
v 0.00486039 -0.02361104 0.00306098
v 0.00546881 -0.02446527 0.00306098
v 0.00592834 -0.02540800 0.00306098
v 0.00622643 -0.02641350 0.00306098
v 0.00635495 -0.02745435 0.00306098
v 0.00631040 -0.02850216 0.00306098
v 0.00609400 -0.02952835 0.00306098
v 0.00571164 -0.03050493 0.00306098
v 0.00517377 -0.03140524 0.00306098
v 0.00449503 -0.03220475 0.00306098
v 0.00369396 -0.03288164 0.00306098
v 0.00279240 -0.03341744 0.00306098
v 0.00181495 -0.03379755 0.00306098
v 0.00078826 -0.03401159 0.00306098
v -0.00712849 -0.00234330 -0.00623249
v -0.00390418 -0.00258115 -0.00615760
v -0.01408529 -0.00134833 -0.00685420
v -0.01402369 -0.00136008 -0.00668899
v -0.01409396 -0.00134667 -0.00451001
v -0.01391028 -0.00138157 -0.00655359
v -0.01376086 -0.00140962 -0.00646460
v -0.01359061 -0.00144119 -0.00643028
v -0.01359060 -0.00144120 -0.00451001
v -0.01035760 -0.00196419 -0.00633183
v -0.00997957 -0.00201593 -0.00631969
v -0.01653929 -0.00083646 -0.00770529
v -0.01645544 -0.00085536 -0.00792555
v -0.01653904 -0.00083651 -0.00788911
v -0.01677792 -0.00078209 -0.00756932
v -0.01660494 -0.00082158 -0.00784530
v -0.01671615 -0.00079624 -0.00772074
v -0.01409396 -0.00134667 -0.00694752
v -0.01356923 -0.00126940 -0.00605232
v -0.01358787 -0.00139568 -0.00622249
v -0.01382328 -0.00135587 -0.00627860
v -0.01430244 -0.00125373 -0.00694752
v -0.01438534 -0.00117418 -0.00694752
v -0.01437531 -0.00117184 -0.00679406
v -0.01444790 -0.00107781 -0.00694752
v -0.01447046 -0.00102488 -0.00694752
v -0.01445763 -0.00101870 -0.00677333
v -0.01425470 -0.00128584 -0.00694752
v -0.01424591 -0.00128640 -0.00682216
v -0.01386546 -0.00105187 -0.00602465
v -0.01414467 -0.00102872 -0.00620172
v -0.01435034 -0.00101721 -0.00646210
v -0.01353806 -0.00108520 -0.00595056
v -0.01386019 -0.00122966 -0.00612338
v -0.01410542 -0.00119851 -0.00628507
v -0.01428386 -0.00117843 -0.00651835
v -0.01402320 -0.00132229 -0.00640850
v -0.01416987 -0.00129808 -0.00659753
v -0.01031931 -0.00157653 -0.00584451
v -0.01035764 -0.00191412 -0.00611485
v -0.00390047 -0.00237264 -0.00575148
v -0.00390532 -0.00252587 -0.00592937
v -0.00389070 -0.00215526 -0.00566318
v -0.00712973 -0.00229000 -0.00600866
v -0.00712065 -0.00214258 -0.00583223
v -0.00710316 -0.00193227 -0.00574056
v -0.01034397 -0.00177575 -0.00594091
v -0.01654581 -0.00044965 -0.00792032
v -0.01672879 -0.00044159 -0.00773761
v -0.01454674 -0.00036492 -0.00461869
v -0.01441899 -0.00070205 -0.00463083
v -0.01454231 -0.00067866 -0.00458332
v -0.01468716 -0.00065117 -0.00446032
v -0.01456737 -0.00067390 -0.00456846
v -0.01472973 -0.00035245 -0.00443625
v -0.01476564 -0.00063628 -0.00431615
v -0.01472557 -0.00064388 -0.00440390
v -0.01350000 -0.00087643 -0.00300000
v -0.00250000 -0.04881604 0.00093604
v 0.00250000 -0.04881604 0.00093604
v 0.00250000 -0.04970487 -0.00147301
v 0.00250000 -0.04850736 0.00023929
v -0.00250000 -0.04850736 0.00023929
v 0.00250000 -0.04858088 -0.00051922
v -0.00250000 -0.04858087 -0.00051922
v 0.00250000 -0.04901762 -0.00114371
v -0.00250000 -0.04901763 -0.00114371
v -0.00250000 -0.04970487 -0.00147301
v -0.01477736 -0.00880000 0.00000000
v -0.00300000 -0.00880000 0.00000000
v -0.00300000 -0.00878560 0.00015110
v -0.01486716 -0.00878560 0.00015110
v -0.01486716 -0.00878252 -0.00016633
v -0.01478081 -0.00876382 -0.00023788
v -0.01486716 -0.00876382 -0.00023788
v -0.01480017 -0.00856089 -0.00057044
v -0.01486716 -0.00859451 -0.00053530
v -0.01486716 -0.00785869 -0.00078742
v -0.01483222 -0.00822495 -0.00076772
v -0.01486716 -0.00824722 -0.00076085
v -0.01486716 -0.00856089 -0.00057044
v -0.01486716 -0.00876085 0.00024721
v -0.00300000 -0.00862108 0.00050424
v -0.01486716 -0.00862108 0.00050424
v -0.01486716 -0.00853531 0.00059452
v -0.00300000 -0.00830926 0.00073781
v -0.01486716 -0.00830927 0.00073780
v -0.01486716 -0.00816633 0.00078252
v -0.00300000 -0.00792411 0.00079639
v -0.01486716 -0.00792411 0.00079639
v -0.01486716 -0.00775279 0.00076085
v -0.00300000 -0.00755695 0.00066611
v -0.01486716 -0.00755695 0.00066611
v -0.01486716 -0.00740548 0.00053530
v -0.00300000 -0.00729486 0.00037786
v -0.01486716 -0.00728327 0.00035539
v -0.01486716 -0.00721748 0.00016633
v -0.00300000 -0.00720000 -0.00000000
v -0.01486716 -0.00720000 -0.00000000
v -0.00300000 -0.00890000 -0.00000000
v -0.00300000 -0.00885595 0.00027812
v -0.00300000 -0.00860222 0.00066883
v -0.00300000 -0.00818712 0.00088033
v -0.00300000 -0.00772189 0.00085595
v -0.00300000 -0.00733117 0.00060222
v -0.00300000 -0.00711967 0.00018712
v -0.00300000 -0.00710000 0.00000000
v -0.01493953 -0.00710000 -0.00000000
v -0.01505000 -0.00711967 0.00018712
v -0.01505000 -0.00714405 -0.00027811
v -0.01493533 -0.00714405 -0.00027812
v -0.01492568 -0.00724520 -0.00049018
v -0.01505000 -0.00739778 -0.00066883
v -0.01491113 -0.00739778 -0.00066883
v -0.01505000 -0.00781288 -0.00088033
v -0.01487153 -0.00781288 -0.00088033
v -0.01505000 -0.00827812 -0.00085595
v -0.01482715 -0.00827812 -0.00085595
v -0.01505000 -0.00866883 -0.00060222
v -0.01478987 -0.00866883 -0.00060222
v -0.01477718 -0.00880191 -0.00040859
v -0.01505000 -0.00880632 -0.00039982
v -0.01476970 -0.00888033 -0.00018712
v -0.01505000 -0.00888034 -0.00018712
v -0.01476782 -0.00890000 0.00000000
v -0.01505000 -0.00885595 0.00027812
v -0.01505000 -0.00733117 0.00060222
v -0.01505000 -0.00772189 0.00085595
v -0.01505000 -0.00818712 0.00088033
v -0.01505000 -0.00860222 0.00066883
v -0.01492709 -0.00723041 -0.00025004
v -0.01494369 -0.00722468 -0.00025192
v -0.01493099 -0.00718954 -0.00000000
v -0.01494369 -0.00720259 0.00016949
v -0.01489195 -0.00759879 -0.00069391
v -0.01494369 -0.00783051 -0.00079741
v -0.01494369 -0.00745451 -0.00060583
v -0.01492597 -0.00724220 -0.00028278
v -0.01491252 -0.00738315 -0.00051756
v -0.01490497 -0.00746233 -0.00059723
v -0.01486954 -0.00783368 -0.00078253
v -0.01494369 -0.00825192 -0.00077532
v -0.01494369 -0.00860583 -0.00054549
v -0.01494369 -0.00879741 -0.00016949
v -0.01494370 -0.00877533 0.00025192
v -0.01494369 -0.00854549 0.00060583
v -0.01494369 -0.00816949 0.00079741
v -0.01494369 -0.00774808 0.00077532
v -0.01494370 -0.00739417 0.00054549
v -0.01494369 -0.00726963 0.00036215
v -0.01500858 -0.00881656 0.00026532
v -0.01500858 -0.00883981 -0.00017851
v -0.01500858 -0.00876921 -0.00038141
v -0.01500858 -0.00863805 -0.00057450
v -0.01500858 -0.00826532 -0.00081656
v -0.01500858 -0.00782149 -0.00083982
v -0.01500858 -0.00742550 -0.00063805
v -0.01500858 -0.00718345 -0.00026532
v -0.01500858 -0.00716018 0.00017851
v -0.01500858 -0.00723079 0.00038141
v -0.01500858 -0.00736195 0.00057450
v -0.01500858 -0.00773468 0.00081656
v -0.01500858 -0.00817851 0.00083982
v -0.01500858 -0.00857450 0.00063805
v 0.01192554 -0.01400000 0.00350000
v 0.01155000 -0.01358180 0.00303553
v 0.01155000 -0.01387005 0.00288866
v 0.01155000 -0.01340559 0.00330686
v 0.01155000 -0.01446446 0.00308179
v 0.01155000 -0.01461134 0.00337006
v 0.01155000 -0.01419313 0.00290559
v 0.01155000 -0.01441821 0.00396447
v 0.01155000 -0.01412995 0.00411134
v 0.01155000 -0.01459441 0.00369314
v 0.01155000 -0.01353553 0.00391821
v 0.01155000 -0.01338866 0.00362995
v 0.01155000 -0.01380686 0.00409441
v 0.00650000 -0.01340559 0.00330687
v 0.00650000 -0.01358179 0.00303553
v 0.00650000 -0.01387005 0.00288866
v 0.00650000 -0.01419314 0.00290559
v 0.00650000 -0.01446447 0.00308179
v 0.00650000 -0.01461134 0.00337006
v 0.00650000 -0.01459441 0.00369314
v 0.00650000 -0.01441820 0.00396447
v 0.00650000 -0.01412995 0.00411134
v 0.00650000 -0.01380687 0.00409441
v 0.00650000 -0.01353554 0.00391821
v 0.00650000 -0.01338866 0.00362994
v 0.00650000 -0.01333117 0.00410222
v 0.00650000 -0.01311967 0.00368712
v 0.00650000 -0.01314405 0.00322189
v 0.00650000 -0.01339778 0.00283117
v 0.00650000 -0.01381288 0.00261967
v 0.00650000 -0.01427812 0.00264405
v 0.00650000 -0.01466883 0.00289778
v 0.00650000 -0.01488034 0.00331288
v 0.00650000 -0.01485595 0.00377812
v 0.00650000 -0.01460222 0.00416883
v 0.00650000 -0.01418712 0.00438033
v 0.00650000 -0.01372189 0.00435595
v 0.00200000 -0.01339779 0.00283117
v 0.00200000 -0.01381288 0.00261967
v 0.00200000 -0.01399052 0.00260005
v 0.00200000 -0.01427811 0.00264405
v 0.00200000 -0.01466883 0.00289778
v 0.00200000 -0.01488033 0.00331288
v 0.00200000 -0.01485595 0.00377812
v 0.00200000 -0.01460222 0.00416883
v 0.00200000 -0.01418712 0.00438033
v 0.00200000 -0.01372189 0.00435595
v 0.00200000 -0.01333117 0.00410222
v 0.00200000 -0.01311967 0.00368712
v 0.00200000 -0.01314405 0.00322188
v 0.00200000 -0.01400000 0.00350000
v 0.01192554 -0.01400000 -0.00100000
v 0.01155000 -0.01358986 -0.00147160
v 0.01155000 -0.01386590 -0.00161044
v 0.01155000 -0.01454862 -0.00070059
v 0.01155000 -0.01433814 -0.00047437
v 0.01155000 -0.01374088 -0.00043125
v 0.01155000 -0.01350009 -0.00062489
v 0.01155000 -0.01404501 -0.00037662
v 0.01155000 -0.01338148 -0.00091021
v 0.01155000 -0.01340559 -0.00119314
v 0.01155000 -0.01341406 -0.00121749
v 0.01166841 -0.01440539 -0.00113708
v 0.01165087 -0.01436564 -0.00127436
v 0.01167408 -0.01441850 -0.00100000
v 0.01161400 -0.01428565 -0.00143270
v 0.01155000 -0.01415677 -0.00160502
v 0.01155621 -0.01416878 -0.00159104
v 0.01155000 -0.01462500 -0.00100000
v 0.01118492 -0.01461176 -0.00087204
v 0.00650000 -0.01461176 -0.00087204
v 0.00650000 -0.01454862 -0.00070059
v 0.01118440 -0.01462500 -0.00100000
v 0.01101818 -0.01337500 -0.00100000
v 0.01105171 -0.01341406 -0.00121749
v 0.01119237 -0.01358986 -0.00147160
v 0.01138314 -0.01386590 -0.00161044
v 0.00650000 -0.01433814 -0.00047437
v 0.00650000 -0.01404501 -0.00037662
v 0.00650000 -0.01374088 -0.00043125
v 0.00650000 -0.01350008 -0.00062489
v 0.00650000 -0.01338148 -0.00091021
v 0.00650000 -0.01337500 -0.00100000
v 0.00650000 -0.01489086 -0.00087204
v 0.00650000 -0.01472055 -0.00046073
v 0.00650000 -0.01437395 -0.00018136
v 0.00650000 -0.01393585 -0.00010229
v 0.00650000 -0.01351345 -0.00024285
v 0.00650000 -0.01321009 -0.00056866
v 0.00650000 -0.01310000 -0.00100000
v 0.00200000 -0.01489086 -0.00087204
v 0.00200000 -0.01472055 -0.00046073
v 0.00200000 -0.01437395 -0.00018136
v 0.00200000 -0.01393586 -0.00010229
v 0.00200000 -0.01351346 -0.00024285
v 0.00200000 -0.01321010 -0.00056866
v 0.00200000 -0.01310000 -0.00100000
v 0.00200000 -0.01326881 -0.00087204
v 0.00200000 -0.01326881 -0.00100000
v 0.01122348 -0.01363162 -0.00087203
v 0.01122347 -0.01363162 -0.00100000
v -0.00324386 -0.03491694 0.00531772
v -0.00323939 -0.03491694 0.00510616
v -0.00333570 -0.03491686 0.00531772
v -0.00332627 -0.03491687 0.00508505
v -0.00341745 -0.03491679 0.00527557
v -0.00340019 -0.03374562 0.00548658
v -0.00340270 -0.03374561 0.00548541
v -0.00340731 -0.03375658 0.00548137
v -0.00339256 -0.03374565 0.00548991
v -0.00333436 -0.03374470 0.00550419
v -0.00332627 -0.03374442 0.00550477
v -0.00331621 -0.03374464 0.00550496
v -0.00334836 -0.03374511 0.00550241
v -0.00336885 -0.03374550 0.00549797
v -0.00340803 -0.03374555 0.00548277
v -0.00340347 -0.03378738 0.00547451
v -0.00336080 -0.03376771 0.00549605
v -0.00348325 -0.03376858 0.00566751
v -0.00346520 -0.03376885 0.00567678
v -0.00341332 -0.03376963 0.00570343
v -0.00335209 -0.03376717 0.00570369
v -0.00331654 -0.03376572 0.00570385
v -0.00348849 -0.03376851 0.00566481
v -0.00349904 -0.03376836 0.00565939
v -0.00331646 -0.03377992 0.00549800
v -0.00331645 -0.03378895 0.00549513
v -0.00331655 -0.03385288 0.00568464
v -0.00331655 -0.03381137 0.00569895
v -0.00341125 -0.03381115 0.00569897
v -0.00349683 -0.03381053 0.00565509
v -0.00349020 -0.03385278 0.00564245
v 0.00342525 -0.03505483 0.00522845
v 0.00333699 -0.03501397 0.00505197
v 0.00334617 -0.03501822 0.00528317
v 0.00325267 -0.03497495 0.00508662
v 0.00325700 -0.03497696 0.00529749
v 0.00336883 -0.03374657 0.00550193
v 0.00342160 -0.03378852 0.00547436
v 0.00340534 -0.03374705 0.00549184
v 0.00333442 -0.03374578 0.00550498
v 0.00341580 -0.03378571 0.00547826
v 0.00342570 -0.03374697 0.00548276
v 0.00351668 -0.03376982 0.00565939
v 0.00347415 -0.03377042 0.00568124
v 0.00343096 -0.03377105 0.00570342
v 0.00333419 -0.03376710 0.00570385
v 0.00339683 -0.03379088 0.00548422
v 0.00335418 -0.03379123 0.00549374
v 0.00333410 -0.03379033 0.00549513
v 0.00333418 -0.03381275 0.00569895
v 0.00342910 -0.03381217 0.00569902
v 0.00333417 -0.03385419 0.00568466
v 0.00351445 -0.03381199 0.00565509
v 0.00350781 -0.03385425 0.00564244
f 1 2 3
f 3 2 4
f 3 4 5
f 5 4 6
f 7 1 3
f 8 9 10
f 10 9 11
f 12 13 14
f 15 16 11
f 11 16 17
f 11 17 10
f 10 17 18
f 10 18 19
f 19 18 20
f 19 20 21
f 22 23 24
f 23 25 24
f 24 25 26
f 24 26 27
f 27 26 28
f 27 28 29
f 29 28 30
f 29 30 13
f 13 30 31
f 13 31 14
f 20 32 21
f 21 32 33
f 21 33 34
f 35 36 37
f 37 36 38
f 14 39 12
f 12 39 40
f 12 40 38
f 38 40 41
f 38 41 37
f 42 43 44
f 44 43 45
f 44 45 46
f 46 45 47
f 46 47 48
f 48 47 49
f 48 49 50
f 50 49 51
f 50 51 52
f 52 51 36
f 52 36 53
f 53 36 35
f 3 54 7
f 7 54 55
f 7 55 56
f 56 55 57
f 24 58 22
f 22 58 59
f 22 59 60
f 60 59 56
f 60 56 61
f 61 56 57
f 44 62 42
f 42 62 63
f 42 63 33
f 33 63 64
f 33 64 34
f 51 65 66
f 51 66 36
f 36 66 67
f 36 67 38
f 12 68 69
f 12 69 13
f 13 69 70
f 13 70 29
f 71 72 73
f 73 72 74
f 73 74 75
f 76 77 74
f 74 77 78
f 78 79 74
f 74 79 80
f 74 80 75
f 81 82 83
f 83 82 84
f 83 84 85
f 85 84 86
f 87 78 88
f 88 78 77
f 89 90 91
f 91 90 92
f 91 92 93
f 93 92 94
f 94 92 95
f 94 95 96
f 96 95 97
f 97 95 98
f 97 98 99
f 99 98 100
f 100 98 101
f 100 101 102
f 102 101 103
f 103 101 104
f 103 104 105
f 105 104 106
f 106 104 86
f 106 86 84
f 89 107 90
f 90 107 108
f 87 88 109
f 109 88 110
f 109 110 111
f 111 110 112
f 112 110 113
f 112 113 114
f 114 113 115
f 115 113 116
f 115 116 117
f 117 116 118
f 118 116 119
f 118 119 120
f 120 119 121
f 121 119 122
f 121 122 123
f 123 122 124
f 124 122 108
f 124 108 107
f 125 126 127
f 125 128 126
f 126 128 129
f 126 129 130
f 129 131 130
f 130 131 132
f 130 132 133
f 132 134 133
f 133 134 135
f 133 135 136
f 135 137 136
f 136 137 138
f 136 138 139
f 138 140 139
f 139 140 141
f 139 141 142
f 141 143 142
f 142 143 144
f 142 144 145
f 144 146 145
f 145 146 147
f 145 147 148
f 147 149 148
f 148 149 150
f 148 150 151
f 150 152 151
f 151 152 153
f 151 153 154
f 153 155 154
f 154 155 156
f 154 156 157
f 156 158 157
f 157 158 159
f 157 159 160
f 159 161 160
f 160 161 162
f 160 162 163
f 162 164 163
f 163 164 165
f 163 165 166
f 166 165 167
f 166 167 168
f 168 167 169
f 168 169 170
f 169 171 170
f 170 171 172
f 170 172 173
f 172 174 173
f 173 174 175
f 173 175 176
f 175 177 176
f 176 177 178
f 176 178 179
f 178 180 179
f 179 180 181
f 179 181 127
f 127 181 182
f 127 182 125
f 76 74 183
f 183 74 184
f 183 184 85
f 85 184 83
f 185 186 187
f 188 189 190
f 190 189 191
f 190 191 192
f 193 194 195
f 195 194 196
f 185 187 191
f 185 197 186
f 186 197 196
f 186 196 198
f 198 196 194
f 198 194 199
f 199 194 200
f 199 200 201
f 201 200 202
f 203 204 195
f 195 204 205
f 195 205 193
f 200 206 202
f 202 206 207
f 202 207 208
f 208 207 209
f 208 209 210
f 210 209 211
f 210 211 212
f 187 213 191
f 191 213 214
f 191 214 192
f 192 214 215
f 192 215 216
f 216 215 217
f 216 217 218
f 218 217 212
f 218 212 219
f 219 212 211
f 220 221 222
f 222 221 223
f 222 223 224
f 224 223 225
f 224 225 226
f 226 225 227
f 228 229 230
f 230 229 231
f 230 231 223
f 223 231 225
f 232 233 234
f 234 233 235
f 234 235 229
f 229 235 236
f 229 236 231
f 227 237 226
f 226 237 238
f 226 238 239
f 188 190 240
f 240 190 241
f 242 243 244
f 245 246 247
f 248 249 250
f 250 249 251
f 252 253 254
f 254 253 255
f 256 252 257
f 257 252 254
f 257 254 258
f 258 254 255
f 258 255 259
f 260 261 257
f 257 261 262
f 257 262 256
f 260 263 261
f 261 263 264
f 261 264 265
f 265 264 266
f 265 266 242
f 242 266 267
f 242 267 243
f 243 267 268
f 243 268 251
f 251 249 243
f 243 249 269
f 243 269 244
f 270 271 248
f 248 271 272
f 248 272 249
f 249 272 273
f 249 273 269
f 269 273 274
f 250 246 248
f 248 246 245
f 248 245 270
f 270 245 275
f 270 275 276
f 276 275 277
f 278 279 280
f 281 282 283
f 283 282 284
f 279 278 281
f 281 278 285
f 281 285 282
f 247 286 245
f 245 286 278
f 245 278 275
f 275 278 280
f 275 280 277
f 287 288 289
f 289 288 290
f 289 290 291
f 292 293 294
f 294 293 295
f 294 295 296
f 297 298 299
f 299 298 300
f 299 300 301
f 296 302 294
f 294 302 303
f 294 303 292
f 292 303 299
f 292 299 304
f 304 299 301
f 305 306 307
f 307 306 308
f 309 305 310
f 310 305 307
f 310 307 288
f 311 290 296
f 296 290 288
f 296 288 302
f 302 288 307
f 302 307 303
f 303 307 308
f 303 308 299
f 312 195 313
f 313 195 196
f 314 315 197
f 197 315 316
f 197 316 196
f 196 316 317
f 196 317 313
f 318 319 320
f 320 319 321
f 320 321 322
f 323 292 304
f 324 325 326
f 326 325 323
f 315 314 327
f 323 304 326
f 326 304 301
f 326 301 328
f 328 301 300
f 328 300 329
f 329 300 298
f 329 298 330
f 330 331 329
f 329 331 332
f 329 332 328
f 328 332 333
f 328 333 326
f 326 333 334
f 298 297 330
f 330 297 335
f 330 335 331
f 331 335 336
f 331 336 337
f 324 326 327
f 327 326 334
f 327 334 315
f 315 334 333
f 315 333 316
f 316 333 332
f 316 332 317
f 317 332 331
f 317 331 313
f 313 331 337
f 313 337 312
f 338 318 339
f 339 318 320
f 339 320 322
f 338 339 340
f 340 339 341
f 340 341 342
f 342 341 343
f 343 341 344
f 343 344 345
f 282 285 345
f 345 344 282
f 282 344 346
f 282 346 284
f 322 347 339
f 339 347 348
f 339 348 341
f 341 348 349
f 341 349 344
f 344 349 350
f 344 350 346
f 351 352 353
f 353 352 354
f 268 267 355
f 355 267 356
f 267 266 356
f 356 266 264
f 356 264 357
f 357 264 263
f 357 263 260
f 358 359 360
f 360 359 361
f 360 361 362
f 362 361 363
f 362 363 364
f 364 363 365
f 364 365 366
f 367 368 353
f 353 368 369
f 351 370 352
f 352 370 357
f 352 357 371
f 371 357 260
f 366 372 364
f 364 372 373
f 364 373 374
f 375 376 353
f 353 376 377
f 353 377 378
f 268 355 251
f 251 355 379
f 251 379 250
f 250 379 82
f 250 82 246
f 246 82 81
f 246 81 247
f 380 381 353
f 353 381 382
f 353 382 367
f 374 383 364
f 364 383 384
f 364 384 385
f 385 384 386
f 385 386 387
f 387 386 388
f 387 388 354
f 354 388 389
f 354 389 353
f 353 389 390
f 353 390 380
f 369 391 353
f 353 391 392
f 353 392 375
f 72 71 319
f 319 71 370
f 393 394 370
f 370 394 395
f 370 395 319
f 319 395 396
f 319 396 321
f 397 393 398
f 398 393 370
f 398 370 399
f 399 370 351
f 399 351 400
f 400 351 401
f 400 401 402
f 402 401 403
f 402 403 404
f 404 403 405
f 404 405 406
f 407 408 396
f 396 408 409
f 396 409 321
f 221 220 9
f 9 220 410
f 11 9 411
f 411 9 410
f 411 410 412
f 413 414 415
f 416 417 418
f 418 417 419
f 418 419 420
f 416 418 421
f 421 418 422
f 421 422 423
f 423 422 424
f 424 422 425
f 424 425 426
f 426 425 427
f 426 427 428
f 428 427 429
f 428 429 430
f 430 429 431
f 430 431 432
f 432 431 433
f 432 433 434
f 434 433 435
f 434 435 436
f 436 435 437
f 436 437 438
f 438 437 439
f 438 439 440
f 440 439 441
f 440 441 442
f 442 441 443
f 442 443 444
f 444 443 445
f 444 445 446
f 446 445 412
f 446 412 415
f 415 412 410
f 415 410 413
f 447 448 449
f 449 448 450
f 449 450 414
f 414 450 451
f 414 451 415
f 452 191 453
f 453 191 189
f 454 455 456
f 457 232 234
f 234 458 457
f 457 458 459
f 457 459 456
f 456 459 460
f 456 460 461
f 454 456 461
f 462 463 464
f 464 463 465
f 464 465 466
f 467 468 464
f 464 469 467
f 467 469 470
f 467 470 471
f 468 406 464
f 464 406 472
f 464 472 462
f 387 354 473
f 473 354 467
f 473 467 474
f 474 467 471
f 474 471 475
f 476 477 478
f 478 477 479
f 478 479 480
f 457 481 232
f 232 481 233
f 480 479 455
f 455 479 482
f 455 482 456
f 456 482 483
f 456 483 457
f 457 483 484
f 457 484 481
f 476 485 477
f 477 485 486
f 477 486 487
f 487 486 488
f 487 488 489
f 489 488 490
f 489 490 491
f 491 490 492
f 491 492 493
f 493 492 494
f 494 492 358
f 494 358 495
f 495 358 360
f 495 360 496
f 496 360 362
f 496 362 497
f 497 362 364
f 497 364 498
f 498 364 385
f 498 385 499
f 499 385 387
f 499 387 473
f 500 467 501
f 501 467 354
f 501 354 352
f 260 257 502
f 260 502 371
f 371 502 501
f 371 501 352
f 500 501 503
f 503 501 502
f 503 502 258
f 258 502 257
f 504 194 505
f 505 194 193
f 505 193 506
f 308 306 507
f 297 299 508
f 508 299 509
f 508 509 510
f 510 509 511
f 510 511 512
f 512 511 513
f 513 511 505
f 513 505 506
f 504 505 514
f 514 505 511
f 514 511 507
f 507 511 509
f 507 509 308
f 308 509 299
f 515 516 517
f 518 273 272
f 519 518 520
f 518 272 520
f 520 272 271
f 520 271 521
f 521 271 270
f 521 270 522
f 522 270 276
f 522 276 523
f 517 519 515
f 515 519 520
f 515 520 524
f 524 520 521
f 524 521 525
f 525 521 522
f 525 522 526
f 526 522 523
f 526 523 527
f 516 515 528
f 528 515 524
f 528 524 529
f 529 524 525
f 529 525 530
f 530 525 526
f 530 526 531
f 531 526 527
f 531 527 532
f 532 533 531
f 531 533 534
f 531 534 530
f 530 534 535
f 530 535 529
f 529 535 536
f 529 536 528
f 528 536 537
f 528 537 516
f 516 537 538
f 516 538 517
f 539 540 532
f 532 540 541
f 532 541 533
f 542 543 544
f 544 543 545
f 544 545 546
f 546 545 547
f 546 547 548
f 548 547 549
f 548 549 550
f 543 551 545
f 545 551 552
f 545 552 547
f 547 552 553
f 547 553 549
f 284 542 283
f 283 542 544
f 283 544 281
f 281 544 546
f 281 546 279
f 279 546 548
f 279 548 280
f 280 548 550
f 280 550 277
f 284 554 542
f 542 554 555
f 542 555 543
f 543 555 556
f 543 556 551
f 551 556 557
f 551 557 558
f 276 277 523
f 523 277 550
f 523 550 527
f 527 550 549
f 527 549 532
f 532 549 553
f 532 553 539
f 539 553 552
f 539 552 559
f 559 552 551
f 559 551 560
f 560 551 558
f 560 558 561
f 562 563 564
f 565 566 567
f 568 569 570
f 571 572 562
f 573 574 575
f 575 574 576
f 575 576 577
f 576 578 577
f 577 578 579
f 577 579 580
f 581 582 583
f 583 582 580
f 583 580 584
f 584 580 579
f 585 586 587
f 587 586 588
f 588 589 587
f 587 589 590
f 587 590 591
f 592 593 594
f 592 594 591
f 595 596 597
f 598 599 585
f 585 599 600
f 585 600 601
f 601 602 585
f 585 602 603
f 585 603 586
f 604 605 606
f 607 608 609
f 608 610 609
f 609 610 611
f 609 611 612
f 612 613 609
f 609 613 614
f 609 614 595
f 595 614 615
f 595 615 596
f 616 617 618
f 581 619 582
f 582 619 620
f 582 620 618
f 618 620 621
f 618 621 616
f 617 622 618
f 618 622 623
f 618 623 624
f 625 626 627
f 627 626 628
f 627 628 629
f 629 628 630
f 629 630 631
f 631 630 632
f 632 630 633
f 632 633 634
f 635 636 637
f 637 636 638
f 637 638 639
f 635 640 636
f 636 640 641
f 636 641 642
f 642 641 643
f 642 643 634
f 566 565 638
f 638 565 644
f 638 644 639
f 477 487 567
f 567 487 489
f 567 489 645
f 645 489 646
f 473 474 647
f 489 491 646
f 646 491 493
f 646 493 648
f 648 493 494
f 648 494 649
f 649 494 495
f 649 495 650
f 650 495 496
f 650 496 651
f 651 496 497
f 651 497 652
f 652 497 498
f 652 498 647
f 647 498 499
f 647 499 473
f 567 566 477
f 477 566 638
f 477 638 479
f 479 638 636
f 479 636 482
f 484 483 653
f 654 481 484
f 606 607 604
f 604 607 609
f 604 609 655
f 233 481 235
f 235 481 654
f 235 654 236
f 236 654 655
f 236 655 231
f 231 655 609
f 237 227 595
f 595 227 225
f 595 225 609
f 609 225 231
f 591 594 587
f 587 594 656
f 587 656 239
f 597 598 595
f 595 598 585
f 595 585 237
f 237 585 587
f 237 587 238
f 238 587 239
f 657 658 659
f 634 633 642
f 642 633 653
f 642 653 636
f 636 653 483
f 636 483 482
f 484 660 654
f 654 660 661
f 654 661 655
f 655 661 618
f 655 618 604
f 604 618 624
f 604 624 605
f 569 571 570
f 570 571 562
f 570 562 662
f 662 562 564
f 593 573 594
f 594 573 575
f 594 575 663
f 663 575 577
f 663 577 664
f 664 577 580
f 484 653 660
f 660 653 633
f 660 633 661
f 661 633 630
f 661 630 618
f 618 630 628
f 618 628 582
f 582 628 626
f 582 626 580
f 580 626 625
f 580 625 664
f 659 665 657
f 657 665 239
f 657 239 563
f 563 239 656
f 563 656 564
f 564 656 594
f 564 594 662
f 662 594 663
f 662 663 570
f 570 663 664
f 570 664 568
f 568 664 625
f 666 667 668
f 669 670 671
f 671 670 672
f 672 670 673
f 672 673 674
f 668 675 666
f 666 675 676
f 666 676 677
f 677 676 678
f 677 678 679
f 680 681 682
f 682 681 683
f 682 683 684
f 684 683 685
f 684 685 667
f 667 685 686
f 667 686 668
f 687 688 680
f 680 688 689
f 680 689 681
f 690 691 692
f 692 691 693
f 692 693 694
f 694 693 695
f 694 695 673
f 673 695 696
f 673 696 674
f 697 698 699
f 699 698 700
f 679 678 701
f 701 678 702
f 701 702 700
f 700 702 703
f 700 703 699
f 671 704 669
f 669 704 705
f 669 705 706
f 706 705 707
f 706 707 708
f 708 707 709
f 708 709 687
f 687 709 710
f 687 710 688
f 711 712 713
f 714 715 696
f 688 710 716
f 668 686 717
f 718 719 703
f 718 703 720
f 720 703 702
f 720 702 721
f 722 723 678
f 678 723 724
f 678 724 702
f 702 724 725
f 702 725 721
f 675 726 676
f 676 726 727
f 676 727 678
f 678 727 728
f 678 728 722
f 717 729 668
f 668 729 730
f 668 730 675
f 675 730 731
f 675 731 726
f 683 732 685
f 685 732 733
f 685 733 686
f 686 733 734
f 686 734 717
f 681 735 683
f 683 735 736
f 683 736 732
f 716 737 688
f 688 737 738
f 688 738 689
f 689 738 739
f 689 739 681
f 681 739 740
f 681 740 735
f 709 741 710
f 710 741 742
f 710 742 716
f 705 743 707
f 707 743 744
f 707 744 709
f 709 744 745
f 709 745 741
f 704 746 705
f 705 746 747
f 705 747 743
f 672 748 671
f 671 748 749
f 671 749 704
f 704 749 750
f 704 750 746
f 696 715 674
f 715 751 674
f 674 751 752
f 674 752 672
f 672 752 753
f 672 753 748
f 714 696 754
f 754 696 695
f 754 695 755
f 755 695 756
f 756 695 693
f 756 693 757
f 757 693 758
f 758 693 691
f 758 691 713
f 713 691 759
f 713 759 711
f 415 760 446
f 446 760 761
f 446 761 762
f 763 424 764
f 764 424 426
f 764 426 765
f 765 426 766
f 766 426 428
f 766 428 767
f 767 428 768
f 768 428 430
f 768 430 769
f 769 430 770
f 770 430 432
f 770 432 771
f 771 432 772
f 772 432 434
f 772 434 773
f 773 434 774
f 774 434 436
f 774 436 775
f 775 436 776
f 776 436 438
f 776 438 777
f 777 438 778
f 778 438 440
f 778 440 779
f 779 440 780
f 780 440 442
f 780 442 781
f 781 442 782
f 782 442 444
f 782 444 783
f 783 444 784
f 784 444 446
f 784 446 785
f 785 446 762
f 785 762 786
f 787 690 692
f 787 692 788
f 785 786 789
f 789 786 790
f 789 790 791
f 792 793 763
f 763 764 792
f 792 764 765
f 792 765 794
f 794 765 766
f 794 766 795
f 795 766 767
f 795 767 796
f 767 768 796
f 796 768 769
f 796 769 797
f 797 769 770
f 797 770 798
f 798 770 771
f 798 771 799
f 771 772 799
f 799 772 773
f 799 773 800
f 800 773 774
f 800 774 801
f 801 774 775
f 801 775 802
f 775 776 802
f 802 776 777
f 802 777 803
f 803 777 778
f 803 778 804
f 804 778 779
f 804 779 805
f 779 780 805
f 805 780 781
f 805 781 806
f 806 781 782
f 806 782 807
f 807 782 783
f 807 783 789
f 789 783 784
f 789 784 785
f 791 808 789
f 789 808 809
f 789 809 807
f 807 809 810
f 807 810 806
f 806 810 811
f 806 811 805
f 805 811 812
f 805 812 804
f 804 812 813
f 804 813 803
f 803 813 814
f 803 814 802
f 802 814 815
f 802 815 801
f 801 815 816
f 801 816 800
f 800 816 817
f 800 817 799
f 799 817 818
f 799 818 798
f 798 818 819
f 798 819 797
f 797 819 820
f 797 820 796
f 796 820 821
f 796 821 795
f 795 821 822
f 795 822 794
f 794 822 823
f 794 823 792
f 792 823 824
f 792 824 793
f 793 824 825
f 808 788 809
f 809 788 692
f 809 692 810
f 810 692 694
f 810 694 811
f 811 694 673
f 811 673 812
f 812 673 670
f 812 670 813
f 813 670 669
f 813 669 814
f 814 669 706
f 814 706 815
f 815 706 708
f 815 708 816
f 816 708 687
f 816 687 817
f 817 687 680
f 817 680 818
f 818 680 682
f 818 682 819
f 819 682 684
f 819 684 820
f 820 684 667
f 820 667 821
f 821 667 666
f 821 666 822
f 822 666 677
f 822 677 823
f 823 677 679
f 823 679 824
f 824 679 701
f 824 701 825
f 825 701 700
f 826 827 828
f 719 829 703
f 703 829 830
f 703 830 699
f 831 657 832
f 832 657 833
f 831 834 657
f 657 834 835
f 657 835 658
f 836 837 563
f 563 837 838
f 563 838 839
f 839 840 563
f 563 840 841
f 563 841 842
f 842 843 563
f 563 843 844
f 563 844 845
f 845 846 563
f 563 846 847
f 563 847 657
f 657 847 848
f 657 848 833
f 849 850 563
f 563 850 851
f 563 851 836
f 572 852 562
f 562 852 853
f 853 854 562
f 562 854 855
f 562 855 856
f 856 857 562
f 562 857 858
f 562 858 563
f 563 858 859
f 563 859 849
f 697 860 698
f 698 860 861
f 698 861 862
f 862 861 827
f 863 864 865
f 865 864 866
f 865 866 826
f 826 866 867
f 826 867 827
f 827 867 868
f 827 868 862
f 869 870 871
f 871 870 864
f 871 864 872
f 872 864 863
f 420 419 869
f 869 419 870
f 873 874 875
f 876 877 878
f 878 877 873
f 878 873 879
f 879 873 875
f 876 878 880
f 880 878 881
f 880 881 882
f 882 883 884
f 420 869 885
f 869 871 885
f 885 871 872
f 885 872 886
f 886 872 863
f 865 826 828
f 828 887 865
f 865 887 888
f 865 888 863
f 863 888 889
f 863 889 886
f 890 422 891
f 891 422 418
f 891 418 884
f 884 418 420
f 884 420 882
f 882 420 885
f 882 885 880
f 892 464 466
f 892 466 893
f 894 895 896
f 897 898 894
f 894 898 875
f 894 875 466
f 466 875 874
f 466 874 899
f 896 900 894
f 894 900 901
f 894 901 897
f 899 902 466
f 466 902 903
f 466 903 904
f 904 905 466
f 466 905 906
f 466 906 893
f 907 908 909
f 909 908 910
f 909 910 911
f 911 910 423
f 911 423 763
f 763 423 424
f 423 910 421
f 421 910 912
f 421 912 416
f 416 912 913
f 416 913 417
f 417 913 914
f 417 914 419
f 419 914 870
f 915 908 907
f 866 864 916
f 698 862 917
f 917 862 918
f 917 918 919
f 919 918 920
f 911 921 922
f 922 921 923
f 922 923 920
f 920 923 924
f 920 924 919
f 862 925 918
f 918 925 926
f 918 926 920
f 920 926 927
f 920 927 922
f 922 927 909
f 922 909 911
f 862 868 925
f 925 868 867
f 925 867 866
f 866 916 925
f 925 916 928
f 925 928 926
f 926 928 915
f 926 915 927
f 927 915 907
f 927 907 909
f 910 908 912
f 912 908 915
f 912 915 913
f 913 915 928
f 913 928 914
f 914 928 916
f 914 916 870
f 870 916 864
f 911 763 921
f 921 763 793
f 921 793 923
f 923 793 924
f 924 793 825
f 924 825 919
f 919 825 917
f 917 825 700
f 917 700 698
f 756 757 929
f 930 931 932
f 572 933 934
f 931 724 723
f 931 723 932
f 932 723 722
f 932 722 935
f 935 722 728
f 935 728 727
f 726 936 727
f 727 936 937
f 727 937 935
f 572 934 852
f 852 934 938
f 852 938 853
f 853 938 939
f 853 939 854
f 854 939 940
f 854 940 855
f 855 940 941
f 855 941 856
f 856 941 942
f 856 942 857
f 726 731 936
f 936 731 730
f 936 730 943
f 943 730 729
f 943 729 944
f 944 729 717
f 944 717 945
f 945 717 734
f 945 734 733
f 732 946 733
f 733 946 947
f 733 947 945
f 857 942 858
f 858 942 948
f 858 948 859
f 859 948 949
f 859 949 849
f 849 949 950
f 849 950 850
f 850 950 951
f 850 951 851
f 851 951 952
f 851 952 836
f 732 736 946
f 946 736 735
f 946 735 953
f 953 735 740
f 953 740 954
f 954 740 739
f 954 739 955
f 955 739 738
f 955 738 737
f 716 956 737
f 737 956 957
f 737 957 955
f 716 742 956
f 956 742 741
f 956 741 958
f 958 741 745
f 958 745 959
f 959 745 744
f 959 744 960
f 744 743 960
f 960 743 747
f 960 747 961
f 961 747 746
f 961 746 962
f 962 746 750
f 962 750 963
f 750 749 963
f 963 749 748
f 963 748 964
f 964 748 753
f 964 753 965
f 965 753 752
f 965 752 751
f 715 966 751
f 751 966 967
f 751 967 965
f 930 932 968
f 968 932 935
f 968 935 969
f 969 935 937
f 969 937 970
f 970 937 936
f 970 936 971
f 971 936 943
f 971 943 972
f 972 943 944
f 972 944 973
f 973 944 945
f 973 945 974
f 974 945 947
f 974 947 975
f 975 947 946
f 975 946 976
f 976 946 953
f 976 953 977
f 977 953 954
f 977 954 978
f 978 954 955
f 978 955 979
f 979 955 957
f 979 957 980
f 980 957 956
f 980 956 981
f 981 956 958
f 981 958 982
f 982 958 959
f 982 959 983
f 983 959 960
f 983 960 984
f 984 960 961
f 984 961 985
f 985 961 962
f 985 962 986
f 986 962 963
f 986 963 987
f 987 963 964
f 987 964 988
f 988 964 965
f 988 965 989
f 989 965 967
f 989 967 990
f 990 967 966
f 990 966 991
f 991 966 992
f 991 992 993
f 993 992 994
f 993 994 995
f 715 714 966
f 966 714 754
f 966 754 992
f 992 754 755
f 992 755 994
f 994 755 756
f 756 929 994
f 994 929 996
f 994 996 995
f 995 996 997
f 995 997 998
f 725 724 999
f 999 724 931
f 999 931 933
f 933 931 930
f 933 930 934
f 934 930 968
f 934 968 938
f 938 968 969
f 938 969 939
f 939 969 970
f 939 970 940
f 940 970 971
f 940 971 941
f 941 971 972
f 941 972 942
f 942 972 973
f 942 973 948
f 948 973 974
f 948 974 949
f 949 974 975
f 949 975 950
f 950 975 976
f 950 976 951
f 951 976 977
f 951 977 952
f 952 977 978
f 952 978 1000
f 1000 978 979
f 1000 979 1001
f 1001 979 980
f 1001 980 1002
f 1002 980 981
f 1002 981 1003
f 1003 981 982
f 1003 982 1004
f 1004 982 983
f 1004 983 1005
f 1005 983 984
f 1005 984 1006
f 1006 984 985
f 1006 985 1007
f 1007 985 986
f 1007 986 1008
f 1008 986 987
f 1008 987 1009
f 1009 987 988
f 1009 988 1010
f 1010 988 989
f 1010 989 1011
f 1011 989 990
f 1011 990 1012
f 1012 990 991
f 1012 991 1013
f 1013 991 993
f 1013 993 1014
f 1014 993 995
f 1014 995 1015
f 1015 995 998
f 1015 998 1016
f 836 952 837
f 837 952 1000
f 837 1000 838
f 838 1000 1001
f 838 1001 839
f 839 1001 1002
f 839 1002 840
f 840 1002 1003
f 840 1003 841
f 841 1003 1004
f 841 1004 842
f 842 1004 1005
f 842 1005 843
f 843 1005 1006
f 843 1006 844
f 844 1006 1007
f 844 1007 845
f 845 1007 1008
f 845 1008 846
f 846 1008 1009
f 846 1009 847
f 847 1009 1010
f 847 1010 848
f 848 1010 1011
f 848 1011 833
f 833 1011 1012
f 833 1012 832
f 832 1012 1013
f 832 1013 831
f 831 1013 1014
f 831 1014 834
f 834 1014 1015
f 834 1015 835
f 835 1015 1016
f 835 1016 658
f 721 725 999
f 569 568 1017
f 1017 568 1018
f 1017 1018 1019
f 1019 1018 1020
f 571 569 1021
f 1021 569 1017
f 1021 1017 1022
f 1022 1017 1019
f 721 999 720
f 572 571 933
f 933 571 1021
f 933 1021 999
f 999 1021 1022
f 999 1022 720
f 720 1022 1019
f 720 1019 718
f 718 1019 1020
f 718 1020 719
f 861 860 1023
f 860 697 1023
f 1023 697 699
f 1023 699 1024
f 1025 828 827
f 827 861 1025
f 1025 861 1023
f 1025 1023 1026
f 631 1026 1027
f 699 830 1024
f 1024 830 829
f 1024 829 1028
f 1028 829 719
f 1028 719 1020
f 1026 1023 1027
f 1027 1023 1024
f 1027 1024 1029
f 1029 1024 1028
f 1029 1028 1030
f 1030 1028 1020
f 1030 1020 1018
f 631 1027 629
f 629 1027 1029
f 629 1029 627
f 627 1029 1030
f 627 1030 625
f 625 1030 1018
f 625 1018 568
f 1031 874 873
f 1032 1031 1033
f 565 1032 1034
f 1031 873 1033
f 1033 873 877
f 1033 877 1035
f 1035 877 876
f 1035 876 1036
f 1036 876 880
f 1036 880 1037
f 1037 880 885
f 1037 885 1038
f 1038 885 886
f 1038 886 1039
f 1039 886 889
f 1039 889 1040
f 1040 889 888
f 1040 888 1041
f 1041 888 887
f 1041 887 1042
f 1042 887 828
f 1042 828 1025
f 1032 1033 1034
f 1034 1033 1035
f 1034 1035 1043
f 1043 1035 1036
f 1043 1036 1044
f 1044 1036 1037
f 1044 1037 1045
f 1045 1037 1038
f 1045 1038 1046
f 1046 1038 1039
f 1046 1039 1047
f 1047 1039 1040
f 1047 1040 1048
f 1048 1040 1041
f 1048 1041 1049
f 1049 1041 1042
f 1049 1042 1050
f 1050 1042 1025
f 1050 1025 1026
f 565 1034 644
f 644 1034 1043
f 644 1043 639
f 639 1043 1044
f 639 1044 637
f 637 1044 1045
f 637 1045 635
f 635 1045 1046
f 635 1046 640
f 640 1046 1047
f 640 1047 641
f 641 1047 1048
f 641 1048 643
f 643 1048 1049
f 643 1049 634
f 634 1049 1050
f 634 1050 632
f 632 1050 1026
f 632 1026 631
f 469 464 892
f 471 470 1051
f 1051 470 469
f 1052 475 471
f 647 474 475
f 475 1052 647
f 647 1052 1053
f 647 1053 652
f 652 1053 1054
f 652 1054 651
f 469 892 1051
f 1051 892 893
f 1051 893 1055
f 1055 893 906
f 1055 906 1056
f 1056 906 905
f 1056 905 1057
f 1057 905 904
f 1057 904 1058
f 1058 904 903
f 1058 903 1059
f 1059 903 902
f 1059 902 1060
f 1060 902 899
f 1060 899 1061
f 1061 899 874
f 1061 874 1031
f 471 1051 1052
f 1052 1051 1055
f 1052 1055 1053
f 1053 1055 1056
f 1053 1056 1054
f 1054 1056 1057
f 1054 1057 1062
f 1062 1057 1058
f 1062 1058 1063
f 1063 1058 1059
f 1063 1059 1064
f 1064 1059 1060
f 1064 1060 1065
f 1065 1060 1061
f 1065 1061 1066
f 1066 1061 1031
f 1066 1031 1032
f 651 1054 650
f 650 1054 1062
f 650 1062 649
f 649 1062 1063
f 649 1063 648
f 648 1063 1064
f 648 1064 646
f 646 1064 1065
f 646 1065 645
f 645 1065 1066
f 645 1066 567
f 567 1066 1032
f 567 1032 565
f 402 1067 400
f 400 1067 1068
f 400 1068 1069
f 398 399 1070
f 1070 399 1071
f 400 1069 399
f 399 1069 1072
f 399 1072 1071
f 560 561 396
f 541 540 395
f 395 540 539
f 395 539 396
f 396 539 559
f 396 559 560
f 536 535 394
f 394 535 534
f 394 534 395
f 395 534 533
f 395 533 541
f 393 538 394
f 394 538 537
f 394 537 536
f 1073 1074 219
f 1075 1076 192
f 192 1076 1077
f 192 1077 1078
f 1078 1079 1080
f 1078 1080 192
f 192 1080 241
f 192 241 190
f 1075 192 1081
f 1081 192 216
f 1081 216 1082
f 218 1083 216
f 216 1083 1084
f 216 1084 1082
f 1074 1085 219
f 219 1085 1086
f 219 1086 218
f 218 1086 1087
f 218 1087 1083
f 1073 219 1088
f 1088 219 211
f 1088 211 1089
f 1090 1091 209
f 209 1091 1092
f 209 1092 211
f 211 1092 1093
f 211 1093 1089
f 1090 209 1094
f 1094 209 207
f 1094 207 1095
f 206 1096 1097
f 206 1097 207
f 207 1097 1098
f 207 1098 1095
f 1099 1100 200
f 200 1100 1101
f 200 1101 206
f 206 1101 1102
f 206 1102 1096
f 1099 200 1103
f 1103 200 194
f 1103 194 504
f 1104 1105 288
f 1106 1107 310
f 310 1107 1108
f 1108 1109 310
f 310 1109 1110
f 310 1110 309
f 1105 1111 288
f 288 1111 1112
f 288 1112 310
f 310 1112 1113
f 310 1113 1106
f 1114 1115 288
f 288 1115 1116
f 288 1116 1104
f 287 1117 288
f 288 1117 1118
f 288 1118 1119
f 1119 1120 288
f 288 1120 1121
f 288 1121 1114
f 467 500 468
f 468 500 1122
f 1122 1123 468
f 468 1123 1124
f 468 1124 406
f 406 1124 1125
f 406 1125 404
f 404 1125 1126
f 404 1126 402
f 402 1126 1127
f 402 1127 1067
f 538 393 397
f 538 397 1128
f 1128 397 398
f 1128 398 1070
f 1129 1130 1131
f 1132 1133 1134
f 1131 1075 1081
f 1135 309 1110
f 1136 1135 1137
f 1100 1138 1101
f 1101 1138 1139
f 1091 1090 1140
f 1140 1090 1094
f 1140 1094 1141
f 1141 1094 1095
f 1141 1095 1142
f 1142 1095 1098
f 1142 1098 1143
f 1143 1098 1097
f 1143 1097 1144
f 1144 1097 1096
f 1144 1096 1139
f 1139 1096 1102
f 1139 1102 1101
f 1091 1140 1092
f 1092 1140 1145
f 1092 1145 1146
f 1147 1088 1148
f 1148 1088 1089
f 1148 1089 1146
f 1146 1089 1093
f 1146 1093 1092
f 1082 1084 1149
f 1149 1084 1083
f 1149 1083 1150
f 1150 1083 1087
f 1150 1087 1151
f 1151 1087 1086
f 1151 1086 1152
f 1152 1086 1085
f 1152 1085 1153
f 1153 1085 1074
f 1153 1074 1147
f 1147 1074 1073
f 1147 1073 1088
f 1082 1149 1081
f 1081 1149 1154
f 1081 1154 1131
f 1135 1110 1137
f 1137 1110 1109
f 1137 1109 1155
f 1155 1109 1108
f 1155 1108 1156
f 1156 1108 1107
f 1156 1107 1157
f 1157 1107 1106
f 1157 1106 1158
f 1158 1106 1113
f 1158 1113 1159
f 1159 1113 1112
f 1159 1112 1160
f 1160 1112 1111
f 1160 1111 1161
f 1161 1111 1105
f 1161 1105 1162
f 1162 1105 1104
f 1162 1104 1163
f 1163 1104 1116
f 1163 1116 1164
f 1164 1116 1115
f 1164 1115 1165
f 1165 1115 1114
f 1165 1114 1166
f 1166 1114 1121
f 1166 1121 1167
f 1167 1121 1120
f 1167 1120 1168
f 1168 1120 1119
f 1168 1119 1169
f 1169 1119 1118
f 1169 1118 1170
f 1170 1118 1117
f 1170 1117 1171
f 1171 1117 287
f 1171 287 1172
f 1172 1132 1171
f 1171 1132 1134
f 1171 1134 1170
f 1170 1134 1173
f 1170 1173 1169
f 1169 1173 1174
f 1169 1174 1168
f 1168 1174 1175
f 1168 1175 1167
f 1167 1175 1176
f 1167 1176 1166
f 1166 1176 1177
f 1166 1177 1165
f 1165 1177 1178
f 1165 1178 1164
f 1164 1178 1179
f 1164 1179 1163
f 1163 1179 1180
f 1163 1180 1162
f 1162 1180 1181
f 1162 1181 1161
f 1161 1181 1182
f 1161 1182 1160
f 1160 1182 1183
f 1160 1183 1159
f 1159 1183 1184
f 1159 1184 1158
f 1158 1184 1185
f 1158 1185 1157
f 1157 1185 1186
f 1157 1186 1156
f 1156 1186 1187
f 1156 1187 1155
f 1155 1187 1188
f 1155 1188 1137
f 1137 1188 1189
f 1137 1189 1136
f 1136 1189 1190
f 1133 1129 1134
f 1134 1129 1131
f 1134 1131 1173
f 1173 1131 1154
f 1173 1154 1174
f 1174 1154 1149
f 1174 1149 1175
f 1175 1149 1150
f 1175 1150 1176
f 1176 1150 1151
f 1176 1151 1177
f 1177 1151 1152
f 1177 1152 1178
f 1178 1152 1153
f 1178 1153 1179
f 1179 1153 1147
f 1179 1147 1180
f 1180 1147 1148
f 1180 1148 1181
f 1181 1148 1146
f 1181 1146 1182
f 1182 1146 1145
f 1182 1145 1183
f 1183 1145 1140
f 1183 1140 1184
f 1184 1140 1141
f 1184 1141 1185
f 1185 1141 1142
f 1185 1142 1186
f 1186 1142 1143
f 1186 1143 1187
f 1187 1143 1144
f 1187 1144 1188
f 1188 1144 1139
f 1188 1139 1189
f 1189 1139 1138
f 1189 1138 1190
f 1190 1138 1100
f 1190 1100 1099
f 1130 1077 1131
f 1131 1077 1076
f 1131 1076 1075
f 1103 504 1191
f 1191 504 514
f 1191 514 1192
f 1192 514 507
f 309 1192 305
f 305 1192 507
f 305 507 306
f 1099 1103 1190
f 1190 1103 1191
f 1190 1191 1136
f 1136 1191 1192
f 1136 1192 1135
f 1135 1192 309
f 1193 1128 1070
f 269 274 1194
f 1194 274 1195
f 1194 1195 1196
f 1196 1195 1197
f 1196 1197 1198
f 1198 1197 1193
f 1198 1193 1199
f 1199 1193 1070
f 538 1128 517
f 517 1128 1193
f 517 1193 519
f 519 1193 1197
f 519 1197 518
f 518 1197 1195
f 518 1195 273
f 273 1195 274
f 1200 1201 1202
f 1202 1201 265
f 1069 1203 1204
f 1205 1206 1202
f 1202 1206 1204
f 1202 1204 1200
f 1200 1204 1203
f 265 242 1202
f 1202 242 244
f 1202 244 1205
f 1205 244 269
f 269 1194 1205
f 1205 1194 1196
f 1205 1196 1206
f 1206 1196 1198
f 1206 1198 1199
f 1069 1204 1072
f 1072 1204 1206
f 1072 1206 1071
f 1071 1206 1199
f 1071 1199 1070
f 1069 1068 1203
f 1203 1068 1207
f 1203 1207 1200
f 1200 1207 1208
f 1200 1208 1201
f 1201 1208 261
f 1201 261 265
f 262 261 1209
f 1209 261 1208
f 1209 1208 1210
f 1210 1208 1207
f 1210 1207 1067
f 1067 1207 1068
f 1209 1210 1211
f 1122 500 1212
f 1212 500 503
f 258 259 503
f 503 259 1213
f 503 1213 1212
f 1212 1213 1214
f 1212 1214 1122
f 1125 1124 1214
f 1214 1124 1123
f 1214 1123 1122
f 262 1215 256
f 256 1215 1216
f 256 1216 252
f 252 1216 1217
f 252 1217 253
f 253 1217 1218
f 253 1218 255
f 262 1209 1215
f 1215 1209 1211
f 1215 1211 1216
f 1216 1211 1219
f 1216 1219 1217
f 1217 1219 1220
f 1217 1220 1218
f 259 255 1213
f 1213 255 1218
f 1213 1218 1214
f 1214 1218 1220
f 1214 1220 1125
f 1125 1220 1219
f 1125 1219 1126
f 1126 1219 1211
f 1126 1211 1127
f 1127 1211 1210
f 1127 1210 1067
f 506 193 205
f 506 205 1221
f 1221 205 204
f 1221 204 1222
f 1222 204 203
f 1222 203 1223
f 1223 203 195
f 1223 195 312
f 512 513 1224
f 1224 513 506
f 1225 510 512
f 1226 335 1227
f 1227 335 297
f 1227 297 1225
f 1225 297 508
f 1225 508 510
f 312 337 1226
f 1226 337 336
f 1226 336 335
f 512 1224 1225
f 1225 1224 1228
f 1225 1228 1227
f 1227 1228 1229
f 1227 1229 1226
f 1226 1229 312
f 506 1221 1224
f 1224 1221 1222
f 1224 1222 1228
f 1228 1222 1223
f 1228 1223 1229
f 1229 1223 312
f 1230 349 348
f 1231 1232 1230
f 558 557 1231
f 1231 557 556
f 1231 556 1232
f 1232 556 555
f 1232 555 554
f 1233 1234 1235
f 349 1230 350
f 350 1230 1232
f 350 1232 346
f 346 1232 554
f 346 554 284
f 322 1236 1237
f 1237 1236 1234
f 1234 1233 1237
f 1237 1233 1238
f 1237 1238 322
f 347 322 1238
f 561 558 1235
f 1235 558 1231
f 1235 1231 1233
f 1233 1231 1230
f 1233 1230 1238
f 1238 1230 348
f 1238 348 347
f 322 321 409
f 322 409 1236
f 1236 409 408
f 1236 408 1234
f 1234 408 407
f 1234 407 1235
f 1235 407 396
f 1235 396 561
f 1239 1240 581
f 581 1240 619
f 619 1240 1241
f 619 1241 620
f 620 1241 621
f 621 1241 1242
f 621 1242 616
f 616 1242 1243
f 616 1243 617
f 617 1243 1244
f 617 1244 622
f 622 1244 623
f 623 1244 1245
f 623 1245 624
f 624 1245 1246
f 624 1246 605
f 605 1246 606
f 606 1246 1247
f 606 1247 607
f 607 1247 608
f 608 1247 1248
f 608 1248 610
f 610 1248 1249
f 610 1249 611
f 611 1249 612
f 612 1249 1250
f 612 1250 613
f 613 1250 1251
f 613 1251 614
f 614 1251 615
f 615 1251 1252
f 615 1252 596
f 596 1252 597
f 597 1252 1253
f 597 1253 598
f 598 1253 1254
f 598 1254 599
f 599 1254 600
f 600 1254 1255
f 600 1255 601
f 601 1255 602
f 602 1255 1256
f 602 1256 603
f 603 1256 586
f 586 1256 1257
f 586 1257 588
f 1258 590 1257
f 1257 590 589
f 1257 589 588
f 1259 592 1258
f 1258 592 591
f 1258 591 590
f 1260 573 1259
f 1259 573 593
f 1259 593 592
f 1261 578 1262
f 1262 578 576
f 1262 576 1260
f 1260 576 574
f 1260 574 573
f 581 583 1239
f 1239 583 584
f 1239 584 1261
f 1261 584 579
f 1261 579 578
f 1263 1264 1265
f 1265 1264 1266
f 1267 1268 1269
f 1269 1268 1270
f 1271 1272 1270
f 1270 1272 1265
f 1270 1265 1269
f 1269 1265 1266
f 1269 1266 1273
f 1273 1266 1274
f 1275 1273 1276
f 1276 1273 1274
f 1275 1277 1273
f 1273 1277 1269
f 1267 1269 1278
f 1278 1269 1277
f 1279 1268 1278
f 1278 1268 1267
f 1279 1280 1268
f 1268 1280 1270
f 1271 1270 1281
f 1281 1270 1280
f 1282 1272 1281
f 1281 1272 1271
f 1282 1283 1272
f 1272 1283 1265
f 1263 1265 1284
f 1284 1265 1283
f 1285 1264 1284
f 1284 1264 1263
f 1285 1286 1264
f 1264 1286 1266
f 1274 1266 1276
f 1276 1266 1286
f 1278 1277 1275
f 1279 1287 1288
f 1289 1290 1275
f 1276 1286 1285
f 1284 1283 1282
f 1275 1290 1278
f 1278 1290 1291
f 1278 1291 1279
f 1279 1291 1292
f 1279 1292 1287
f 1289 1275 1293
f 1293 1275 1276
f 1293 1276 1294
f 1294 1276 1285
f 1294 1285 1295
f 1295 1285 1284
f 1295 1284 1296
f 1296 1284 1282
f 1296 1282 1297
f 1280 1279 1281
f 1281 1279 1288
f 1281 1288 1282
f 1282 1288 1298
f 1282 1298 1297
f 1287 1292 1259
f 1259 1258 1287
f 1287 1258 1257
f 1287 1257 1288
f 1257 1256 1288
f 1288 1256 1255
f 1288 1255 1298
f 1255 1254 1298
f 1298 1254 1253
f 1298 1253 1297
f 1253 1252 1297
f 1297 1252 1251
f 1297 1251 1296
f 1251 1250 1296
f 1296 1250 1249
f 1296 1249 1295
f 1249 1248 1295
f 1295 1248 1247
f 1295 1247 1294
f 1247 1246 1294
f 1294 1246 1245
f 1294 1245 1293
f 1245 1244 1293
f 1293 1244 1243
f 1293 1243 1289
f 1243 1242 1289
f 1289 1242 1241
f 1289 1241 1290
f 1241 1240 1290
f 1290 1240 1239
f 1290 1239 1291
f 1239 1261 1291
f 1291 1261 1262
f 1291 1262 1292
f 1292 1262 1260
f 1292 1260 1259
f 461 1299 454
f 454 1299 1300
f 1299 461 460
f 1299 460 1301
f 1302 1303 459
f 459 1303 1304
f 459 1304 460
f 460 1304 1305
f 460 1305 1301
f 459 458 1302
f 1302 458 234
f 1302 234 1306
f 1306 234 229
f 1306 229 1307
f 1308 488 486
f 454 1300 455
f 455 1300 1309
f 455 1309 480
f 480 1309 1310
f 480 1310 478
f 478 1310 1311
f 478 1311 476
f 476 1311 485
f 1311 1312 485
f 485 1312 1313
f 485 1313 486
f 486 1313 1314
f 486 1314 1308
f 29 70 27
f 27 70 1315
f 1316 1317 1318
f 1318 1317 1319
f 1318 1319 1320
f 1321 1322 1323
f 1323 1322 1324
f 1323 1324 1318
f 1318 1324 1325
f 1318 1325 1326
f 1316 1318 2
f 2 1318 1326
f 2 1326 4
f 378 1327 353
f 353 1327 401
f 353 401 351
f 1327 1328 1329
f 1328 1327 1330
f 1330 1327 378
f 1330 378 1331
f 1331 378 1332
f 1331 1332 1333
f 1329 1334 1327
f 1327 1334 1335
f 1327 1335 1336
f 1332 1337 1333
f 1333 1337 1338
f 1333 1338 1339
f 1340 5 1341
f 1341 5 6
f 1341 6 1342
f 1342 6 1343
f 1342 1343 1344
f 1338 1345 1339
f 1339 1345 1346
f 1339 1346 1347
f 1347 1346 1348
f 1347 1348 1349
f 1349 1348 1342
f 1349 1342 1350
f 1350 1342 1344
f 1351 1352 1353
f 1353 1354 1351
f 1351 1354 1355
f 1351 1355 1356
f 1357 1358 1359
f 1360 1361 1362
f 1363 1364 1365
f 1366 1367 1358
f 1368 1369 1359
f 1370 1371 1372
f 1373 1374 1375
f 1376 1377 1378
f 1379 1380 1381
f 1381 1380 1375
f 1381 1375 1376
f 1376 1375 1374
f 1382 1383 1384
f 1384 1383 1385
f 1384 1385 1371
f 1370 1372 1386
f 1387 1388 1389
f 1389 1388 1390
f 1389 1390 1391
f 1392 1393 1372
f 1372 1393 1394
f 1372 1394 1386
f 1386 1394 1395
f 1386 1395 1396
f 1396 1395 1397
f 1396 1397 1398
f 1398 1397 1399
f 1398 1399 1387
f 1387 1399 1400
f 1387 1400 1388
f 1371 1385 1372
f 1372 1385 1401
f 1372 1401 1392
f 1368 1359 1402
f 1358 1367 1359
f 1359 1367 1403
f 1359 1403 1402
f 1364 1404 1365
f 1365 1404 1405
f 1365 1405 1406
f 1407 1408 1409
f 1409 1408 1410
f 1409 1410 1411
f 1411 1410 1412
f 1411 1412 1405
f 1405 1412 1413
f 1405 1413 1406
f 1414 1415 1416
f 1417 1418 1362
f 1419 1420 1362
f 1362 1420 1421
f 1421 1422 1362
f 1362 1422 1423
f 1362 1423 1424
f 1424 1425 1362
f 1362 1425 1426
f 1362 1426 1417
f 1427 1428 1429
f 1429 1428 1430
f 1427 1431 1428
f 1428 1431 1432
f 1428 1432 1433
f 1434 1435 1428
f 1433 1436 1428
f 1428 1436 1437
f 1428 1437 1434
f 1438 1439 1440
f 1440 1439 1428
f 1440 1428 1441
f 1441 1428 1435
f 1442 1443 1444
f 1419 1362 1444
f 1444 1362 1361
f 1444 1361 1442
f 1360 1362 1445
f 1445 1362 1446
f 1445 1446 1447
f 1448 1449 1450
f 1450 1451 1448
f 1448 1451 1452
f 1448 1452 1446
f 1446 1452 1453
f 1446 1453 1454
f 1454 1455 1446
f 1446 1455 1456
f 1446 1456 1447
f 1376 1378 1381
f 1381 1378 1457
f 1381 1457 1379
f 1382 1373 1383
f 1383 1373 1375
f 1383 1375 1458
f 1458 1375 1380
f 1458 1380 1459
f 1459 1380 1379
f 1459 1379 1449
f 1449 1379 1460
f 1449 1460 1450
f 1416 1407 1414
f 1414 1407 1409
f 1414 1409 1461
f 1461 1409 1411
f 1461 1411 1462
f 1462 1411 1405
f 1462 1405 1463
f 1463 1405 1404
f 1463 1404 1464
f 1418 1430 1362
f 1362 1430 1428
f 1362 1428 1446
f 1446 1428 1465
f 1446 1465 1448
f 1448 1465 1466
f 1448 1466 1449
f 1449 1466 1467
f 1449 1467 1459
f 1459 1467 1357
f 1459 1357 1458
f 1458 1357 1359
f 1458 1359 1383
f 1383 1359 1369
f 1383 1369 1385
f 1385 1369 1468
f 1385 1468 1401
f 1363 1366 1364
f 1364 1366 1358
f 1364 1358 1404
f 1404 1358 1357
f 1404 1357 1464
f 1464 1357 1467
f 1464 1467 1463
f 1463 1467 1466
f 1463 1466 1462
f 1462 1466 1465
f 1462 1465 1461
f 1461 1465 1428
f 1461 1428 1414
f 1414 1428 1439
f 1469 1470 1320
f 1320 1470 884
f 1320 884 1318
f 1318 884 883
f 1318 883 1471
f 1472 1473 1444
f 1474 1419 1444
f 1475 1476 1414
f 1414 1476 1477
f 1414 1477 1478
f 1478 1479 1414
f 1414 1479 1480
f 1414 1480 1415
f 1481 1482 1439
f 1439 1482 1483
f 1439 1483 1484
f 1484 1485 1439
f 1439 1485 1486
f 1439 1486 1414
f 1414 1486 1487
f 1414 1487 1475
f 1439 1438 1488
f 1439 1488 1481
f 1481 1488 1489
f 1481 1489 1490
f 1490 1491 1481
f 1481 1491 1492
f 1481 1492 1493
f 1493 1494 1481
f 1481 1494 1495
f 1481 1495 1496
f 1496 1495 1497
f 1496 1497 1498
f 1498 1497 1499
f 1498 1499 1500
f 1500 1499 1501
f 1500 1501 1502
f 1502 1501 1503
f 1504 1505 1506
f 1506 1505 1507
f 1506 1507 1503
f 1503 1507 1508
f 1503 1508 1502
f 1509 1473 1510
f 1510 1473 1511
f 1510 1511 1512
f 1512 1511 1513
f 1512 1513 1504
f 1504 1513 1514
f 1504 1514 1505
f 1509 1515 1473
f 1473 1515 1516
f 1473 1516 1444
f 1444 1516 1517
f 1444 1517 1474
f 1518 1444 1519
f 1519 1444 1443
f 1518 1520 1444
f 1444 1520 1521
f 1444 1521 1472
f 1425 1424 1522
f 1499 1497 1523
f 1524 1488 1525
f 1525 1488 1438
f 1525 1438 1440
f 1491 1524 1492
f 1492 1524 1526
f 1491 1490 1524
f 1524 1490 1489
f 1524 1489 1488
f 1497 1495 1523
f 1523 1495 1494
f 1523 1494 1526
f 1526 1494 1493
f 1526 1493 1492
f 1499 1523 1501
f 1501 1523 1527
f 1501 1527 1503
f 1510 1512 1528
f 1528 1512 1504
f 1528 1504 1527
f 1527 1504 1506
f 1527 1506 1503
f 1529 1474 1517
f 1517 1516 1529
f 1529 1516 1515
f 1529 1515 1528
f 1528 1515 1509
f 1528 1509 1510
f 1530 1420 1529
f 1529 1420 1419
f 1529 1419 1474
f 1424 1423 1522
f 1522 1423 1422
f 1522 1422 1530
f 1530 1422 1421
f 1530 1421 1420
f 1531 1418 1417
f 1531 1417 1522
f 1522 1417 1426
f 1522 1426 1425
f 1431 1427 1532
f 1532 1427 1429
f 1532 1429 1531
f 1531 1429 1430
f 1531 1430 1418
f 1437 1436 1533
f 1533 1436 1433
f 1533 1433 1532
f 1532 1433 1432
f 1532 1432 1431
f 1440 1441 1525
f 1525 1441 1435
f 1525 1435 1533
f 1533 1435 1434
f 1533 1434 1437
f 1534 1535 1536
f 1537 1538 1539
f 1540 1541 1542
f 1543 1544 1545
f 1545 1544 1546
f 1545 1546 1547
f 1547 1546 1548
f 1547 1548 1549
f 1550 1551 1552
f 1550 1552 1545
f 1545 1552 1553
f 1545 1553 1543
f 1554 1555 1550
f 1550 1555 1556
f 1550 1556 1551
f 1541 1557 1542
f 1542 1557 1558
f 1542 1558 1554
f 1554 1558 1559
f 1554 1559 1555
f 1540 1542 1560
f 1560 1542 1561
f 1560 1561 1562
f 1538 1563 1539
f 1539 1563 1564
f 1539 1564 1561
f 1561 1564 1565
f 1561 1565 1562
f 1537 1539 1566
f 1566 1539 1567
f 1566 1567 1568
f 1569 1570 1571
f 1571 1570 1572
f 1571 1572 1567
f 1567 1572 1573
f 1567 1573 1568
f 1574 1575 1576
f 1576 1575 1577
f 1576 1577 1571
f 1571 1577 1578
f 1571 1578 1569
f 1579 1580 1581
f 1581 1580 1582
f 1581 1582 1583
f 1583 1582 1584
f 1583 1584 1576
f 1576 1584 1585
f 1576 1585 1574
f 1586 1587 1588
f 1588 1587 1589
f 1588 1589 1581
f 1581 1589 1590
f 1581 1590 1579
f 1535 1591 1536
f 1536 1591 1592
f 1536 1592 1588
f 1588 1592 1593
f 1588 1593 1586
f 1534 1536 1594
f 1594 1536 1595
f 1594 1595 1596
f 1351 1356 1597
f 1351 1597 1595
f 1595 1597 1598
f 1595 1598 1596
f 1599 1532 1323
f 1323 1532 1531
f 1323 1531 1321
f 1523 1571 1527
f 1527 1571 1567
f 1527 1567 1528
f 1526 1583 1523
f 1523 1583 1576
f 1523 1576 1571
f 1524 1525 1595
f 1599 1600 1532
f 1532 1600 1601
f 1532 1601 1533
f 1533 1601 1352
f 1533 1352 1525
f 1525 1352 1351
f 1525 1351 1595
f 1595 1536 1524
f 1524 1536 1588
f 1524 1588 1526
f 1526 1588 1581
f 1526 1581 1583
f 1530 1545 1522
f 1522 1545 1547
f 1522 1547 1531
f 1531 1547 1602
f 1531 1602 1321
f 1567 1539 1528
f 1528 1539 1561
f 1528 1561 1529
f 1561 1542 1529
f 1529 1542 1554
f 1529 1554 1530
f 1530 1554 1550
f 1530 1550 1545
f 1599 1323 1603
f 1603 1323 1318
f 1603 1318 1604
f 1604 1318 1471
f 895 894 1605
f 1606 1336 1391
f 1606 1607 1336
f 1336 1607 1608
f 1336 1608 1327
f 1391 1390 1606
f 1606 1390 1609
f 1606 1609 1610
f 1605 1611 895
f 895 1611 1612
f 895 1612 1613
f 1613 1612 1606
f 1613 1606 1614
f 1614 1606 1610
f 1615 1616 1602
f 1322 1321 1617
f 1617 1321 1602
f 1617 1602 1618
f 1618 1602 1616
f 1615 1602 1619
f 1619 1602 1547
f 1619 1547 1549
f 1609 1390 1388
f 1614 1610 1620
f 1620 1610 1609
f 1621 1613 1614
f 896 895 1613
f 1609 1388 1620
f 1620 1388 1400
f 1620 1400 1622
f 1622 1400 1399
f 1622 1399 1623
f 1623 1399 1397
f 1623 1397 1624
f 1624 1397 1395
f 1624 1395 1625
f 1625 1395 1394
f 1625 1394 1626
f 1614 1620 1621
f 1621 1620 1622
f 1621 1622 1627
f 1627 1622 1623
f 1627 1623 1628
f 1628 1623 1624
f 1628 1624 1629
f 1629 1624 1625
f 1629 1625 1630
f 1630 1625 1626
f 1630 1626 1631
f 1613 1621 896
f 896 1621 1627
f 896 1627 900
f 900 1627 1628
f 900 1628 901
f 901 1628 1629
f 901 1629 897
f 897 1629 1630
f 897 1630 898
f 898 1630 1631
f 898 1631 875
f 1599 1632 1600
f 1603 1633 1599
f 1471 883 882
f 1603 1604 1634
f 1634 1604 1471
f 1634 1471 1635
f 1633 1603 1636
f 1367 1632 1403
f 1403 1632 1599
f 1403 1599 1402
f 1402 1599 1368
f 1471 882 1635
f 1635 882 881
f 1635 881 1637
f 1637 881 878
f 1637 878 1638
f 1638 878 879
f 1638 879 1639
f 1639 879 875
f 1639 875 1631
f 1603 1634 1636
f 1636 1634 1635
f 1636 1635 1640
f 1640 1635 1637
f 1640 1637 1641
f 1641 1637 1638
f 1641 1638 1642
f 1642 1638 1639
f 1642 1639 1643
f 1643 1639 1631
f 1643 1631 1626
f 1599 1633 1368
f 1368 1633 1636
f 1368 1636 1369
f 1369 1636 1640
f 1369 1640 1468
f 1468 1640 1641
f 1468 1641 1401
f 1401 1641 1642
f 1401 1642 1392
f 1392 1642 1643
f 1392 1643 1393
f 1393 1643 1626
f 1393 1626 1394
f 1601 1600 1632
f 1644 1356 1355
f 1645 1644 1646
f 1410 1645 1647
f 1410 1647 1412
f 1412 1647 1648
f 1412 1648 1413
f 1644 1355 1646
f 1646 1355 1354
f 1646 1354 1649
f 1649 1354 1353
f 1649 1353 1650
f 1645 1646 1647
f 1647 1646 1649
f 1647 1649 1648
f 1648 1649 1650
f 1648 1650 1651
f 1366 1363 1651
f 1651 1363 1365
f 1651 1365 1648
f 1648 1365 1406
f 1648 1406 1413
f 1367 1366 1632
f 1632 1366 1651
f 1632 1651 1601
f 1601 1651 1650
f 1601 1650 1352
f 1352 1650 1353
f 1594 1596 1652
f 1652 1596 1653
f 1652 1653 1654
f 1654 1653 1655
f 1656 1657 1655
f 1657 1656 1415
f 1415 1656 1416
f 1416 1656 1658
f 1416 1658 1407
f 1596 1598 1653
f 1653 1598 1597
f 1653 1597 1659
f 1659 1597 1356
f 1659 1356 1644
f 1655 1653 1656
f 1656 1653 1659
f 1656 1659 1658
f 1658 1659 1644
f 1658 1644 1645
f 1645 1410 1658
f 1658 1410 1408
f 1658 1408 1407
f 1660 1661 1662
f 1661 1663 1664
f 1579 1590 1665
f 1666 1667 1668
f 1667 1669 1670
f 1671 1672 1673
f 1674 1671 1675
f 1557 1673 1558
f 1558 1673 1672
f 1558 1672 1559
f 1541 1676 1557
f 1557 1676 1677
f 1557 1677 1673
f 1541 1540 1676
f 1676 1540 1560
f 1676 1560 1678
f 1678 1560 1562
f 1678 1562 1679
f 1679 1562 1565
f 1679 1565 1680
f 1680 1565 1564
f 1680 1564 1563
f 1538 1681 1563
f 1563 1681 1682
f 1563 1682 1680
f 1538 1537 1681
f 1681 1537 1566
f 1681 1566 1683
f 1683 1566 1568
f 1683 1568 1684
f 1684 1568 1573
f 1684 1573 1685
f 1685 1573 1572
f 1570 1686 1572
f 1572 1686 1687
f 1572 1687 1685
f 1570 1569 1686
f 1686 1569 1578
f 1686 1578 1688
f 1688 1578 1577
f 1688 1577 1689
f 1689 1577 1575
f 1689 1575 1690
f 1671 1673 1675
f 1675 1673 1677
f 1675 1677 1691
f 1691 1677 1676
f 1691 1676 1692
f 1692 1676 1678
f 1692 1678 1693
f 1693 1678 1679
f 1693 1679 1694
f 1694 1679 1680
f 1694 1680 1695
f 1695 1680 1682
f 1695 1682 1696
f 1696 1682 1681
f 1696 1681 1697
f 1697 1681 1683
f 1697 1683 1698
f 1698 1683 1684
f 1698 1684 1699
f 1699 1684 1685
f 1699 1685 1700
f 1700 1685 1687
f 1700 1687 1701
f 1701 1687 1686
f 1701 1686 1702
f 1702 1686 1688
f 1702 1688 1703
f 1703 1688 1689
f 1703 1689 1704
f 1704 1689 1690
f 1704 1690 1705
f 1674 1675 1706
f 1706 1675 1691
f 1706 1691 1707
f 1707 1691 1692
f 1707 1692 1708
f 1708 1692 1693
f 1708 1693 1709
f 1709 1693 1694
f 1709 1694 1710
f 1710 1694 1695
f 1710 1695 1711
f 1711 1695 1696
f 1711 1696 1712
f 1712 1696 1697
f 1712 1697 1713
f 1713 1697 1698
f 1713 1698 1714
f 1714 1698 1699
f 1714 1699 1715
f 1715 1699 1700
f 1715 1700 1716
f 1716 1700 1701
f 1716 1701 1717
f 1717 1701 1702
f 1717 1702 1718
f 1718 1702 1703
f 1718 1703 1719
f 1719 1703 1704
f 1719 1704 1720
f 1720 1704 1705
f 1720 1705 1721
f 1721 1498 1720
f 1720 1498 1500
f 1720 1500 1719
f 1719 1500 1502
f 1719 1502 1718
f 1718 1502 1508
f 1718 1508 1717
f 1717 1508 1507
f 1717 1507 1716
f 1716 1507 1505
f 1716 1505 1715
f 1715 1505 1514
f 1715 1514 1714
f 1714 1514 1513
f 1714 1513 1713
f 1713 1513 1511
f 1713 1511 1712
f 1712 1511 1473
f 1712 1473 1711
f 1711 1473 1472
f 1711 1472 1710
f 1710 1472 1521
f 1710 1521 1709
f 1709 1521 1520
f 1709 1520 1708
f 1708 1520 1518
f 1708 1518 1707
f 1707 1518 1519
f 1707 1519 1706
f 1706 1519 1443
f 1706 1443 1674
f 1482 1481 1721
f 1721 1481 1496
f 1721 1496 1498
f 1667 1670 1668
f 1668 1670 1722
f 1668 1722 1723
f 1723 1722 1724
f 1723 1724 1725
f 1666 1668 1726
f 1726 1668 1723
f 1726 1723 1727
f 1727 1723 1725
f 1727 1725 1728
f 1690 1669 1705
f 1705 1669 1667
f 1705 1667 1721
f 1721 1667 1666
f 1721 1666 1482
f 1482 1666 1726
f 1482 1726 1483
f 1483 1726 1727
f 1483 1727 1484
f 1484 1727 1728
f 1484 1728 1485
f 1579 1665 1580
f 1575 1574 1690
f 1690 1574 1585
f 1690 1585 1669
f 1669 1585 1584
f 1669 1584 1670
f 1670 1584 1582
f 1670 1582 1722
f 1722 1582 1580
f 1722 1580 1724
f 1724 1580 1665
f 1724 1665 1725
f 1725 1665 1729
f 1725 1729 1728
f 1728 1729 1730
f 1728 1730 1485
f 1475 1487 1730
f 1730 1487 1486
f 1730 1486 1485
f 1663 1589 1587
f 1663 1587 1664
f 1664 1587 1586
f 1664 1586 1731
f 1534 1732 1535
f 1535 1732 1733
f 1535 1733 1591
f 1591 1733 1734
f 1591 1734 1592
f 1592 1734 1731
f 1592 1731 1593
f 1593 1731 1586
f 1534 1594 1732
f 1732 1594 1652
f 1732 1652 1654
f 1661 1664 1662
f 1662 1664 1731
f 1662 1731 1735
f 1735 1731 1734
f 1735 1734 1736
f 1736 1734 1733
f 1736 1733 1737
f 1737 1733 1732
f 1737 1732 1738
f 1738 1732 1654
f 1738 1654 1655
f 1660 1662 1739
f 1739 1662 1735
f 1739 1735 1740
f 1740 1735 1736
f 1740 1736 1741
f 1741 1736 1737
f 1741 1737 1742
f 1742 1737 1738
f 1742 1738 1743
f 1743 1738 1655
f 1743 1655 1657
f 1590 1589 1665
f 1665 1589 1663
f 1665 1663 1729
f 1729 1663 1661
f 1729 1661 1730
f 1730 1661 1660
f 1730 1660 1475
f 1475 1660 1739
f 1475 1739 1476
f 1476 1739 1740
f 1476 1740 1477
f 1477 1740 1741
f 1477 1741 1478
f 1478 1741 1742
f 1478 1742 1479
f 1479 1742 1743
f 1479 1743 1480
f 1480 1743 1657
f 1480 1657 1415
f 1744 1549 1548
f 1745 1744 1746
f 1747 1745 1748
f 1454 1747 1749
f 1744 1548 1746
f 1746 1548 1546
f 1746 1546 1750
f 1750 1546 1544
f 1750 1544 1751
f 1751 1544 1543
f 1751 1543 1752
f 1752 1543 1553
f 1752 1553 1552
f 1551 1753 1552
f 1552 1753 1754
f 1552 1754 1752
f 1551 1556 1753
f 1753 1556 1555
f 1753 1555 1755
f 1755 1555 1559
f 1755 1559 1672
f 1745 1746 1748
f 1748 1746 1750
f 1748 1750 1756
f 1756 1750 1751
f 1756 1751 1757
f 1757 1751 1752
f 1757 1752 1758
f 1758 1752 1754
f 1758 1754 1759
f 1759 1754 1753
f 1759 1753 1760
f 1760 1753 1755
f 1760 1755 1761
f 1761 1755 1672
f 1761 1672 1671
f 1747 1748 1749
f 1749 1748 1756
f 1749 1756 1762
f 1762 1756 1757
f 1762 1757 1763
f 1763 1757 1758
f 1763 1758 1764
f 1764 1758 1759
f 1764 1759 1765
f 1765 1759 1760
f 1765 1760 1766
f 1766 1760 1761
f 1766 1761 1767
f 1767 1761 1671
f 1767 1671 1674
f 1454 1749 1455
f 1455 1749 1762
f 1455 1762 1456
f 1456 1762 1763
f 1456 1763 1447
f 1447 1763 1764
f 1447 1764 1445
f 1445 1764 1765
f 1445 1765 1360
f 1360 1765 1766
f 1360 1766 1361
f 1361 1766 1767
f 1361 1767 1442
f 1442 1767 1674
f 1442 1674 1443
f 1619 1549 1768
f 1768 1549 1744
f 1768 1744 1769
f 1769 1744 1745
f 1769 1745 1770
f 1770 1745 1747
f 1770 1747 1453
f 1453 1747 1454
f 1453 1452 1770
f 1770 1452 1771
f 1770 1771 1769
f 1769 1771 1772
f 1769 1772 1768
f 1768 1772 1773
f 1768 1773 1619
f 1618 1616 1773
f 1773 1616 1615
f 1773 1615 1619
f 1451 1450 1774
f 1774 1450 1775
f 1774 1775 1776
f 1776 1775 1777
f 1776 1777 1778
f 1778 1777 1779
f 1780 1779 1781
f 1781 1779 1777
f 1781 1777 1782
f 1782 1777 1775
f 1782 1775 1460
f 1460 1775 1450
f 1452 1451 1771
f 1771 1451 1774
f 1771 1774 1772
f 1772 1774 1776
f 1772 1776 1773
f 1773 1776 1778
f 1773 1778 1618
f 1618 1778 1779
f 1618 1779 1617
f 1617 1779 1780
f 1617 1780 1322
f 4 1326 1783
f 4 1783 1784
f 1784 1783 1785
f 1784 1785 1786
f 1787 1378 1377
f 1377 1788 1787
f 1787 1788 1789
f 1787 1789 1785
f 1785 1789 1790
f 1785 1790 1786
f 1457 1378 1791
f 1791 1378 1787
f 1791 1787 1792
f 1792 1787 1785
f 1792 1785 1793
f 1793 1785 1783
f 1793 1783 1325
f 1325 1783 1326
f 1379 1457 1794
f 1794 1457 1791
f 1794 1791 1795
f 1795 1791 1792
f 1795 1792 1796
f 1796 1792 1793
f 1796 1793 1324
f 1324 1793 1325
f 1460 1379 1782
f 1782 1379 1794
f 1782 1794 1781
f 1781 1794 1795
f 1781 1795 1780
f 1780 1795 1796
f 1780 1796 1322
f 1322 1796 1324
f 1377 1347 1788
f 1788 1347 1349
f 1788 1349 1789
f 1789 1349 1350
f 6 4 1343
f 1343 4 1784
f 1343 1784 1344
f 1344 1784 1786
f 1344 1786 1350
f 1350 1786 1790
f 1350 1790 1789
f 1339 1347 1377
f 1377 1376 1339
f 1339 1376 1374
f 1339 1374 1333
f 1374 1373 1333
f 1333 1373 1382
f 1333 1382 1331
f 1331 1382 1384
f 1331 1384 1330
f 1384 1371 1330
f 1330 1371 1370
f 1330 1370 1328
f 1328 1370 1386
f 1328 1386 1329
f 1329 1386 1396
f 1329 1396 1334
f 1391 1336 1389
f 1389 1336 1335
f 1389 1335 1387
f 1387 1335 1334
f 1387 1334 1398
f 1398 1334 1396
f 1797 1798 71
f 71 1798 357
f 71 357 370
f 1798 1799 357
f 357 1799 1800
f 357 1800 1801
f 1801 1800 1802
f 1801 1802 1803
f 1804 1805 73
f 73 1805 1806
f 73 1806 71
f 71 1806 1807
f 71 1807 1808
f 1808 1809 71
f 71 1809 1810
f 71 1810 1811
f 1812 1813 73
f 1811 1814 71
f 71 1814 1815
f 71 1815 1797
f 1803 1816 1801
f 1801 1816 1817
f 1801 1817 1818
f 1818 1817 1819
f 1820 1821 1819
f 1819 1821 1822
f 1819 1822 1818
f 1813 1823 73
f 73 1823 1824
f 73 1824 1804
f 1825 1826 1827
f 1827 1826 1828
f 1829 1830 1831
f 1831 1830 1832
f 1825 1833 1826
f 1826 1833 1834
f 1826 1834 73
f 73 1834 1835
f 73 1835 1812
f 1836 1837 1838
f 1838 1837 1839
f 1838 1839 1820
f 1820 1839 1840
f 1820 1840 1821
f 1841 1842 1836
f 1836 1842 1843
f 1836 1843 1837
f 1830 1844 1832
f 1832 1844 1845
f 1832 1845 1841
f 1841 1845 1846
f 1841 1846 1842
f 1829 1831 1847
f 1847 1831 1848
f 1847 1848 1849
f 1849 1848 1850
f 1849 1850 1851
f 1828 1826 1852
f 1852 1826 1853
f 1852 1853 1850
f 1850 1853 1854
f 1850 1854 1851
f 1855 1856 1857
f 1858 1859 1860
f 1860 1859 1861
f 1860 1861 1855
f 1341 1342 1857
f 1857 1342 1348
f 1857 1348 1855
f 1855 1348 1862
f 1855 1862 1860
f 1863 1856 1864
f 1864 1856 1855
f 1864 1855 1865
f 1865 1855 1861
f 1865 1861 1866
f 1866 1861 1859
f 1867 1868 1869
f 1870 1871 1872
f 1869 1868 1873
f 1873 1868 1874
f 1873 1874 1871
f 1871 1874 1875
f 1871 1875 1872
f 1876 1877 1878
f 1879 1880 1881
f 1881 1880 1882
f 1881 1882 1877
f 1877 1882 1883
f 1877 1883 1878
f 1867 1869 1884
f 1884 1869 1885
f 1884 1885 1886
f 1886 1885 1887
f 1886 1887 1888
f 1888 1887 1889
f 1888 1889 1890
f 1890 1889 1891
f 1890 1891 1892
f 1892 1891 1893
f 1893 1891 1894
f 1893 1894 1895
f 1896 1897 1898
f 1898 1897 1899
f 1898 1899 1894
f 1894 1899 1900
f 1894 1900 1895
f 1901 1902 1903
f 1903 1902 1904
f 1903 1904 1905
f 1905 1904 1906
f 1905 1906 1879
f 1879 1906 1907
f 1879 1907 1880
f 1908 1909 1910
f 1910 1909 1911
f 1910 1911 1912
f 1912 1911 1913
f 1912 1913 1914
f 1878 1915 1876
f 1876 1915 1916
f 1876 1916 1917
f 1917 1916 1918
f 1917 1918 1913
f 1913 1918 1919
f 1913 1919 1914
f 1872 1920 1870
f 1870 1920 1921
f 1870 1921 1922
f 1922 1921 1923
f 1922 1923 1924
f 1924 1923 1925
f 1924 1925 1926
f 1926 1925 1927
f 1926 1927 1901
f 1901 1927 1928
f 1901 1928 1902
f 1340 1341 1929
f 1929 1341 1857
f 1929 1857 1930
f 1930 1857 1856
f 1930 1856 1896
f 1896 1856 1863
f 1896 1863 1897
f 1307 1931 1306
f 1306 1931 1932
f 1306 1932 1933
f 1933 1932 1934
f 1933 1934 1935
f 1935 1934 1909
f 1935 1909 1936
f 1936 1909 1908
f 1338 1337 1858
f 1338 1858 1345
f 1345 1858 1860
f 1345 1860 1346
f 1346 1860 1862
f 1346 1862 1348
f 1332 378 1937
f 1937 378 1938
f 1937 1939 1332
f 1332 1939 1858
f 1332 1858 1337
f 378 377 1938
f 1938 377 376
f 1938 376 1940
f 1940 376 375
f 1940 375 1941
f 1941 375 392
f 1941 392 1942
f 1307 229 1931
f 1931 229 228
f 1931 228 19
f 19 228 10
f 78 87 1943
f 78 1943 79
f 79 1943 1944
f 79 1944 80
f 80 1944 1945
f 80 1945 75
f 75 1945 1826
f 75 1826 73
f 1340 1929 5
f 5 1929 54
f 5 54 3
f 1946 1947 1948
f 1948 1947 1949
f 1950 1951 1952
f 1952 1951 1953
f 1954 1955 1956
f 1955 1957 1958
f 1959 1960 1961
f 1962 1963 1964
f 1965 1966 1967
f 1967 1966 1968
f 1969 1970 1971
f 1971 1970 1972
f 1971 1972 1968
f 1968 1972 1973
f 1968 1973 1967
f 1974 1975 1961
f 1955 1958 1956
f 1956 1958 1961
f 1956 1961 1971
f 1971 1961 1960
f 1971 1960 1969
f 1976 1977 1978
f 1975 1979 1961
f 1961 1979 1980
f 1961 1980 1959
f 1981 1982 1957
f 1957 1982 1983
f 1957 1983 1958
f 1958 1983 1984
f 1958 1984 1963
f 1985 1964 1986
f 1986 1964 1963
f 1986 1963 1987
f 1987 1963 1984
f 1964 1988 1962
f 1962 1988 1989
f 1962 1989 1961
f 1961 1989 1990
f 1961 1990 1974
f 1965 1976 1966
f 1966 1976 1978
f 1966 1978 1956
f 1956 1978 1991
f 1956 1991 1954
f 1992 1993 1994
f 1470 1995 1996
f 1996 1995 1997
f 1996 1997 1998
f 1998 1997 1999
f 1998 1999 1993
f 1993 1999 2000
f 1993 2000 1994
f 1994 2001 1992
f 1992 2001 2002
f 1992 2002 2003
f 2003 2002 2004
f 2003 2004 2005
f 2004 2006 2005
f 2005 2006 2007
f 2005 2007 2008
f 2008 2007 2009
f 2008 2009 2010
f 2010 2009 2011
f 2010 2011 2012
f 2012 2011 890
f 2012 890 2013
f 2013 890 891
f 2013 891 2014
f 2014 891 884
f 2014 884 2015
f 2015 884 1470
f 2015 1470 2016
f 2016 1470 1996
f 33 2017 42
f 42 2017 2018
f 56 2019 7
f 7 2019 2020
f 1952 1953 2021
f 1952 2021 2022
f 2022 2021 2023
f 2022 2023 2024
f 2024 2023 1315
f 1315 2023 2025
f 1315 2025 27
f 27 2025 24
f 24 2025 2026
f 24 2026 58
f 58 2026 2027
f 58 2027 59
f 59 2027 2019
f 59 2019 56
f 2028 49 47
f 2029 2028 2030
f 2030 2031 2029
f 2029 2031 2032
f 2029 2032 2033
f 2033 2032 1951
f 2033 1951 1950
f 2028 47 2030
f 2030 47 45
f 2030 45 2034
f 2034 45 43
f 2034 43 2035
f 2035 43 42
f 2035 42 2018
f 1 7 2
f 2 7 2020
f 2 2020 1316
f 2020 2036 1316
f 1316 2036 2037
f 1316 2037 1317
f 1317 2037 2038
f 1317 2038 1319
f 1319 2038 1469
f 1319 1469 1320
f 2039 2040 1962
f 1962 2040 1963
f 2040 2041 1963
f 1963 2041 1958
f 2041 2042 1958
f 1958 2042 1961
f 2042 2039 1961
f 1961 2039 1962
f 2042 2041 2039
f 2039 2041 2040
f 2043 2044 1966
f 1966 2044 1968
f 2044 2045 1968
f 1968 2045 1971
f 2045 2046 1971
f 1971 2046 1956
f 2046 2043 1956
f 1956 2043 1966
f 2046 2045 2043
f 2043 2045 2044
f 51 49 65
f 65 49 2028
f 65 2028 2029
f 65 2029 66
f 66 2029 2033
f 66 2033 67
f 67 2033 1950
f 67 1950 68
f 68 1950 1952
f 68 1952 69
f 69 1952 2022
f 69 2022 70
f 70 2022 2024
f 70 2024 1315
f 17 2047 18
f 18 2047 2048
f 2017 33 32
f 2017 32 2049
f 2049 32 20
f 2049 20 2050
f 2050 20 18
f 2050 18 2048
f 2047 17 2051
f 2051 17 16
f 2051 16 2052
f 2052 16 15
f 2052 15 411
f 411 15 11
f 2010 2012 186
f 186 2012 2013
f 186 2013 187
f 187 2013 2014
f 187 2014 213
f 213 2014 2015
f 213 2015 214
f 214 2015 2016
f 214 2016 215
f 215 2016 1996
f 215 1996 217
f 217 1996 1998
f 217 1998 212
f 212 1998 1993
f 212 1993 210
f 210 1993 1992
f 210 1992 208
f 208 1992 2003
f 208 2003 202
f 202 2003 2005
f 202 2005 201
f 201 2005 2008
f 201 2008 199
f 199 2008 2010
f 199 2010 198
f 198 2010 186
f 1982 1981 2053
f 1982 2053 2054
f 2054 2053 2055
f 2054 2055 2056
f 2056 2055 2057
f 2056 2057 2058
f 2058 2057 2059
f 2058 2059 2060
f 2060 2059 2061
f 2060 2061 2062
f 2062 2061 2063
f 2062 2063 2064
f 2064 2063 2065
f 2064 2065 2066
f 2066 2065 2067
f 2066 2067 2068
f 2068 2067 2069
f 2068 2069 2070
f 2070 2069 1948
f 2070 1948 1949
f 401 1327 1608
f 401 1608 403
f 403 1608 1607
f 403 1607 405
f 405 1607 406
f 406 1607 1606
f 406 1606 472
f 422 890 425
f 425 890 2011
f 425 2011 1946
f 1946 2011 1947
f 472 1606 1612
f 472 1612 462
f 462 1612 1611
f 462 1611 463
f 463 1611 1605
f 463 1605 465
f 465 1605 894
f 465 894 466
f 1948 427 1946
f 1946 427 425
f 427 1948 2069
f 427 2069 429
f 429 2069 2067
f 429 2067 431
f 431 2067 2065
f 431 2065 433
f 433 2065 2063
f 433 2063 435
f 435 2063 2061
f 435 2061 437
f 437 2061 2059
f 437 2059 439
f 439 2059 2057
f 439 2057 441
f 441 2057 2055
f 441 2055 443
f 443 2055 2053
f 443 2053 445
f 445 2053 1981
f 445 1981 412
f 1957 411 1981
f 1981 411 412
f 411 1957 2052
f 2052 1957 1955
f 2052 1955 2051
f 2051 1955 1954
f 2051 1954 2047
f 2047 1954 1991
f 1978 2048 1991
f 1991 2048 2047
f 1965 2017 2049
f 1965 2049 1976
f 1976 2049 2050
f 1976 2050 1977
f 1977 2050 2048
f 1977 2048 1978
f 1967 2018 1965
f 1965 2018 2017
f 1959 1951 2032
f 1959 2032 1960
f 1960 2032 2031
f 1960 2031 1969
f 1969 2031 2030
f 1969 2030 1970
f 1970 2030 2034
f 1970 2034 1972
f 1972 2034 2035
f 1972 2035 1973
f 1973 2035 2018
f 1973 2018 1967
f 1980 1953 1959
f 1959 1953 1951
f 1988 2019 2027
f 1988 2027 1989
f 1989 2027 2026
f 1989 2026 1990
f 1990 2026 2025
f 1990 2025 1974
f 1974 2025 2023
f 1974 2023 1975
f 1975 2023 2021
f 1975 2021 1979
f 1979 2021 1953
f 1979 1953 1980
f 1964 2020 1988
f 1988 2020 2019
f 1984 1469 2038
f 1984 2038 1987
f 1987 2038 2037
f 1987 2037 1986
f 1986 2037 2036
f 1986 2036 1985
f 1985 2036 2020
f 1985 2020 1964
f 1983 1470 1984
f 1984 1470 1469
f 1982 1995 1983
f 1983 1995 1470
f 1995 1982 2054
f 1995 2054 1997
f 1997 2054 2056
f 1997 2056 1999
f 1999 2056 2058
f 1999 2058 2000
f 2000 2058 2060
f 2000 2060 1994
f 1994 2060 2062
f 1994 2062 2001
f 2001 2062 2064
f 2001 2064 2002
f 2002 2064 2066
f 2002 2066 2004
f 2004 2066 2068
f 2004 2068 2006
f 2006 2068 2070
f 2006 2070 2007
f 2007 2070 1949
f 2007 1949 2009
f 2009 1949 2011
f 2011 1949 1947
f 2071 2072 2073
f 2074 2075 2076
f 2076 2075 2077
f 2071 2073 2078
f 2078 2073 2079
f 2078 2079 2080
f 2080 2079 2076
f 2080 2076 2081
f 2081 2076 2077
f 2081 2077 2082
f 2083 2084 2085
f 2085 2084 2086
f 2085 2086 2087
f 2087 2086 2088
f 2087 2088 2089
f 2089 2088 2090
f 2089 2090 2091
f 2091 2090 2092
f 2093 2083 2094
f 2094 2083 2085
f 2094 2085 2095
f 2095 2085 2087
f 2095 2087 2096
f 2096 2087 2089
f 2096 2089 2097
f 2097 2089 2091
f 2072 2093 2073
f 2073 2093 2094
f 2073 2094 2079
f 2079 2094 2095
f 2079 2095 2076
f 2076 2095 2096
f 2076 2096 2074
f 2074 2096 2097
f 2098 2099 2100
f 2101 2098 2102
f 2071 2101 2103
f 2098 2100 2102
f 2102 2100 2104
f 2102 2104 2105
f 2105 2104 2106
f 2105 2106 2107
f 2107 2106 2108
f 2107 2108 2109
f 2101 2102 2103
f 2103 2102 2105
f 2103 2105 2110
f 2110 2105 2107
f 2110 2107 2111
f 2111 2107 2109
f 2111 2109 2112
f 2071 2103 2072
f 2072 2103 2110
f 2072 2110 2093
f 2093 2110 2111
f 2093 2111 2083
f 2083 2111 2112
f 2083 2112 2084
f 2113 2108 2114
f 2114 2108 2106
f 2114 2106 2115
f 2115 2106 2104
f 2115 2104 2116
f 2116 2104 2100
f 2116 2100 2117
f 2117 2100 2099
f 2118 2113 2119
f 2119 2113 2114
f 2119 2114 2120
f 2120 2114 2115
f 2120 2115 2121
f 2121 2115 2116
f 2121 2116 2122
f 2122 2116 2117
f 2123 2118 2124
f 2124 2118 2119
f 2124 2119 2125
f 2125 2119 2120
f 2125 2120 2126
f 2126 2120 2121
f 2126 2121 2127
f 2127 2121 2122
f 2128 2129 2130
f 2131 2132 2133
f 2133 2132 2134
f 2133 2134 2135
f 2133 2136 2131
f 2137 2138 2139
f 2139 2138 2136
f 2136 2133 2139
f 2139 2133 2140
f 2139 2140 2141
f 2137 2139 2142
f 2142 2139 2143
f 2142 2143 2144
f 2145 2146 2147
f 2126 2127 2146
f 2146 2145 2126
f 2126 2145 2148
f 2126 2148 2125
f 2123 2124 2149
f 2149 2124 2150
f 2149 2150 2151
f 2151 2150 2152
f 2150 2153 2152
f 2152 2153 2154
f 2152 2154 2130
f 2155 2156 2157
f 2157 2156 2158
f 2157 2158 2159
f 2135 2160 2133
f 2133 2160 2161
f 2133 2161 2140
f 2140 2161 2162
f 2140 2162 2141
f 2141 2162 2163
f 2141 2163 2139
f 2164 2165 2159
f 2159 2165 2143
f 2159 2143 2157
f 2157 2143 2139
f 2157 2139 2155
f 2155 2139 2163
f 2128 2130 2158
f 2158 2130 2154
f 2158 2154 2159
f 2159 2154 2153
f 2159 2153 2164
f 2124 2125 2150
f 2150 2125 2148
f 2150 2148 2153
f 2153 2148 2145
f 2153 2145 2164
f 2164 2145 2147
f 2164 2147 2165
f 2165 2147 2166
f 2165 2166 2143
f 2143 2166 2167
f 2143 2167 2144
f 2168 2169 2170
f 2171 2172 2173
f 2173 2172 2174
f 2173 2174 2175
f 2175 2174 2176
f 2175 2176 2177
f 2168 2170 2130
f 2178 2179 2123
f 2130 2129 2168
f 2168 2129 2180
f 2168 2180 2169
f 2169 2180 2181
f 2123 2149 2178
f 2178 2149 2151
f 2178 2151 2170
f 2170 2151 2152
f 2170 2152 2130
f 2181 2171 2169
f 2169 2171 2173
f 2169 2173 2170
f 2170 2173 2175
f 2170 2175 2178
f 2178 2175 2177
f 2178 2177 2179
f 2179 2177 2182
f 2123 2179 2118
f 2118 2179 2183
f 2118 2183 2113
f 2184 2108 2185
f 2185 2108 2113
f 2185 2113 2186
f 2186 2113 2183
f 2179 2182 2183
f 2183 2182 2187
f 2183 2187 2186
f 2186 2187 2188
f 2186 2188 2185
f 2185 2188 2189
f 2185 2189 2184
f 2184 2189 2190
f 2191 2084 2192
f 2192 2084 2112
f 2192 2112 2193
f 2193 2112 2109
f 2193 2109 2194
f 2194 2109 2108
f 2194 2108 2184
f 2195 2191 2196
f 2196 2191 2192
f 2196 2192 2197
f 2197 2192 2193
f 2197 2193 2198
f 2198 2193 2194
f 2198 2194 2190
f 2190 2194 2184
f 2195 2199 2191
f 2191 2199 2086
f 2191 2086 2084
f 2200 2201 2202
f 2202 2201 2203
f 2202 2203 2204
f 2204 2203 2205
f 2206 2207 2208
f 2208 2207 2209
f 2208 2209 2210
f 2210 2209 2092
f 2210 2092 2090
f 2200 2206 2201
f 2201 2206 2208
f 2201 2208 2203
f 2203 2208 2210
f 2203 2210 2211
f 2211 2210 2090
f 2195 2205 2199
f 2199 2205 2203
f 2199 2203 2086
f 2086 2203 2211
f 2086 2211 2088
f 2088 2211 2090
f 2212 2213 2214
f 2214 2213 2215
f 2214 2215 2216
f 2216 2215 2217
f 2216 2217 2218
f 2218 2217 2219
f 2218 2219 2220
f 2220 2219 2221
f 2222 2212 2223
f 2223 2212 2214
f 2223 2214 2224
f 2224 2214 2216
f 2224 2216 2225
f 2225 2216 2218
f 2225 2218 2226
f 2226 2218 2220
f 2227 2222 2228
f 2228 2222 2223
f 2228 2223 2229
f 2229 2223 2224
f 2229 2224 2230
f 2230 2224 2225
f 2230 2225 2231
f 2231 2225 2226
f 2200 2227 2206
f 2206 2227 2228
f 2206 2228 2207
f 2207 2228 2229
f 2207 2229 2209
f 2209 2229 2230
f 2209 2230 2092
f 2092 2230 2231
f 2232 2233 2234
f 2234 2233 2082
f 2234 2082 2077
f 2235 2091 2236
f 2236 2091 2092
f 2236 2092 2231
f 2077 2075 2234
f 2234 2075 2074
f 2234 2074 2235
f 2235 2074 2097
f 2235 2097 2091
f 2231 2226 2236
f 2236 2226 2237
f 2236 2237 2235
f 2235 2237 2238
f 2235 2238 2234
f 2234 2238 2239
f 2234 2239 2232
f 2232 2239 2240
f 2226 2220 2237
f 2237 2220 2241
f 2237 2241 2238
f 2238 2241 2242
f 2238 2242 2239
f 2239 2242 2243
f 2239 2243 2240
f 2240 2243 2244
f 2245 2244 2246
f 2246 2244 2243
f 2246 2243 2247
f 2247 2243 2242
f 2247 2242 2248
f 2248 2242 2241
f 2248 2241 2221
f 2221 2241 2220
f 2233 2232 2249
f 2232 2240 2249
f 2249 2240 2250
f 2249 2250 2251
f 2252 2071 2078
f 2082 2233 2081
f 2081 2233 2249
f 2081 2249 2253
f 2253 2249 2251
f 2254 2255 2256
f 2256 2255 2252
f 2256 2252 2257
f 2257 2252 2078
f 2257 2078 2080
f 2244 2245 2258
f 2258 2245 2259
f 2258 2259 2260
f 2260 2259 2261
f 2260 2261 2262
f 2263 2254 2264
f 2264 2254 2256
f 2264 2256 2251
f 2251 2256 2257
f 2251 2257 2253
f 2253 2257 2080
f 2253 2080 2081
f 2240 2244 2250
f 2250 2244 2258
f 2250 2258 2251
f 2251 2258 2260
f 2251 2260 2264
f 2264 2260 2262
f 2264 2262 2263
f 2265 2266 2267
f 2268 2269 2270
f 2266 2271 2267
f 2267 2271 2272
f 2267 2272 2273
f 2273 2272 2274
f 2273 2274 2275
f 2275 2274 2276
f 2275 2276 2098
f 2098 2276 2099
f 2098 2101 2275
f 2275 2101 2277
f 2275 2277 2273
f 2273 2277 2278
f 2273 2278 2267
f 2267 2278 2268
f 2267 2268 2265
f 2265 2268 2270
f 2263 2269 2254
f 2254 2269 2268
f 2254 2268 2255
f 2255 2268 2278
f 2255 2278 2252
f 2252 2278 2277
f 2252 2277 2071
f 2071 2277 2101
f 2279 2280 2281
f 2281 2280 2282
f 2281 2282 2283
f 2272 2271 2283
f 2127 2122 2284
f 2283 2285 2272
f 2272 2285 2286
f 2272 2286 2274
f 2274 2286 2287
f 2274 2287 2276
f 2276 2287 2117
f 2276 2117 2099
f 2283 2282 2285
f 2285 2282 2288
f 2285 2288 2286
f 2286 2288 2284
f 2286 2284 2287
f 2287 2284 2122
f 2287 2122 2117
f 2127 2284 2289
f 2289 2284 2288
f 2289 2288 2290
f 2290 2288 2282
f 2290 2282 2291
f 2291 2282 2280
f 2291 2280 2292
f 2293 2294 2295
f 2296 2297 2298
f 2298 2297 2299
f 2298 2299 2300
f 2300 2299 2301
f 2300 2301 2302
f 2302 2301 2303
f 2302 2303 2304
f 2304 2303 2305
f 2304 2305 2306
f 2306 2305 2135
f 2306 2135 2134
f 2307 2308 2309
f 2309 2308 2310
f 2309 2310 2311
f 2311 2310 2312
f 2311 2312 2313
f 2314 2315 2316
f 2316 2315 2317
f 2316 2317 2318
f 2319 2320 2321
f 2321 2320 2322
f 2321 2322 2323
f 2323 2322 2291
f 2323 2291 2292
f 2289 2290 2324
f 2324 2290 2325
f 2324 2325 2318
f 2144 2167 2326
f 2326 2167 2166
f 2326 2166 2147
f 2327 2137 2328
f 2328 2137 2142
f 2144 2326 2142
f 2142 2326 2329
f 2142 2329 2328
f 2327 2136 2138
f 2327 2138 2137
f 2136 2327 2131
f 2131 2327 2330
f 2331 2332 2296
f 2296 2332 2333
f 2296 2333 2297
f 2132 2334 2335
f 2335 2334 2336
f 2335 2336 2337
f 2337 2336 2338
f 2337 2338 2339
f 2293 2339 2294
f 2294 2339 2338
f 2294 2338 2340
f 2340 2338 2336
f 2132 2131 2334
f 2334 2131 2330
f 2334 2330 2336
f 2336 2330 2327
f 2336 2327 2340
f 2340 2327 2328
f 2340 2328 2294
f 2294 2328 2329
f 2294 2329 2295
f 2341 2307 2342
f 2342 2307 2309
f 2342 2309 2331
f 2331 2309 2311
f 2331 2311 2332
f 2332 2311 2313
f 2332 2313 2333
f 2146 2343 2147
f 2147 2343 2342
f 2147 2342 2326
f 2326 2342 2331
f 2326 2331 2329
f 2329 2331 2296
f 2329 2296 2295
f 2295 2296 2298
f 2295 2298 2293
f 2293 2298 2300
f 2293 2300 2339
f 2339 2300 2302
f 2339 2302 2337
f 2337 2302 2304
f 2337 2304 2335
f 2335 2304 2306
f 2335 2306 2132
f 2132 2306 2134
f 2127 2289 2146
f 2146 2289 2324
f 2146 2324 2343
f 2343 2324 2318
f 2343 2318 2342
f 2342 2318 2317
f 2342 2317 2341
f 2341 2317 2315
f 2344 2314 2319
f 2319 2314 2316
f 2319 2316 2320
f 2320 2316 2318
f 2320 2318 2322
f 2322 2318 2325
f 2322 2325 2291
f 2291 2325 2290
f 2344 2345 2314
f 2314 2345 2346
f 2314 2346 2315
f 2315 2346 2347
f 2315 2347 2341
f 2341 2347 2307
f 2156 2155 2348
f 2348 2155 2163
f 2348 2163 2162
f 2135 2305 2160
f 2160 2305 2348
f 2160 2348 2161
f 2161 2348 2162
f 2305 2303 2348
f 2348 2303 2301
f 2348 2301 2299
f 2299 2297 2348
f 2348 2297 2333
f 2348 2333 2313
f 2313 2312 2348
f 2348 2312 2310
f 2348 2310 2347
f 2347 2310 2308
f 2347 2308 2307
f 2349 2350 2351
f 2351 2350 2352
f 2351 2352 2353
f 2353 2352 2354
f 2353 2354 2355
f 2355 2354 2356
f 2355 2356 2128
f 2128 2356 2129
f 2357 2349 2358
f 2358 2349 2351
f 2358 2351 2359
f 2359 2351 2353
f 2359 2353 2360
f 2360 2353 2355
f 2360 2355 2158
f 2158 2355 2128
f 2345 2357 2346
f 2346 2357 2358
f 2346 2358 2347
f 2347 2358 2359
f 2347 2359 2348
f 2348 2359 2360
f 2348 2360 2156
f 2156 2360 2158
f 2180 2129 2361
f 2361 2129 2356
f 2361 2356 2362
f 2362 2356 2354
f 2362 2354 2363
f 2363 2354 2352
f 2363 2352 2364
f 2364 2352 2350
f 2181 2180 2365
f 2365 2180 2361
f 2365 2361 2366
f 2366 2361 2362
f 2366 2362 2367
f 2367 2362 2363
f 2367 2363 2368
f 2368 2363 2364
f 2171 2181 2369
f 2369 2181 2365
f 2369 2365 2370
f 2370 2365 2366
f 2370 2366 2371
f 2371 2366 2367
f 2371 2367 2372
f 2372 2367 2368
f 2172 2171 2373
f 2373 2171 2369
f 2373 2369 2374
f 2374 2369 2370
f 2374 2370 2375
f 2375 2370 2371
f 2375 2371 2376
f 2376 2371 2372
f 2377 1866 2378
f 2378 1866 2379
f 2378 2379 2380
f 2380 2379 2381
f 2380 2381 2382
f 2382 2381 2383
f 2382 2383 2384
f 2384 2383 2385
f 2386 2377 2387
f 2387 2377 2378
f 2387 2378 2388
f 2388 2378 2380
f 2388 2380 2389
f 2389 2380 2382
f 2389 2382 2390
f 2390 2382 2384
f 2391 2386 2392
f 2392 2386 2387
f 2392 2387 2393
f 2393 2387 2388
f 2393 2388 2394
f 2394 2388 2389
f 2394 2389 2395
f 2395 2389 2390
f 2376 2391 2375
f 2375 2391 2392
f 2375 2392 2374
f 2374 2392 2393
f 2374 2393 2373
f 2373 2393 2394
f 2373 2394 2172
f 2172 2394 2395
f 2395 2390 2396
f 2384 2385 2397
f 2390 2384 2396
f 2396 2384 2397
f 2396 2397 2398
f 2398 2397 2399
f 2398 2399 2400
f 2400 2399 2401
f 2400 2401 2402
f 2402 2401 2403
f 2172 2395 2174
f 2174 2395 2396
f 2174 2396 2176
f 2176 2396 2398
f 2176 2398 2177
f 2177 2398 2400
f 2177 2400 2182
f 2182 2400 2402
f 2404 2405 2406
f 2406 2405 2407
f 2406 2407 2408
f 2408 2407 2409
f 2408 2409 2410
f 2410 2409 2411
f 2410 2411 2412
f 2412 2411 2402
f 2412 2402 2403
f 2182 2402 2187
f 2187 2402 2411
f 2187 2411 2188
f 2188 2411 2409
f 2188 2409 2189
f 2189 2409 2407
f 2189 2407 2190
f 2190 2407 2405
f 2190 2405 2413
f 2414 2415 2416
f 2416 2415 2417
f 2416 2417 2418
f 2418 2417 2419
f 2418 2419 2420
f 2420 2419 2413
f 2420 2413 2421
f 2421 2413 2405
f 2421 2405 2404
f 2190 2413 2198
f 2198 2413 2419
f 2198 2419 2197
f 2197 2419 2417
f 2197 2417 2196
f 2196 2417 2415
f 2196 2415 2195
f 2422 2200 2202
f 2423 2424 2425
f 2415 2414 2426
f 2195 2415 2427
f 2415 2426 2427
f 2427 2426 2428
f 2427 2428 2429
f 2429 2428 2430
f 2429 2430 2425
f 2425 2430 2431
f 2425 2431 2423
f 2195 2427 2205
f 2205 2427 2429
f 2205 2429 2204
f 2204 2429 2425
f 2204 2425 2202
f 2202 2425 2424
f 2202 2424 2422
f 2227 2200 2432
f 2432 2200 2422
f 2432 2422 2433
f 2433 2422 2424
f 2433 2424 2434
f 2434 2424 2423
f 2434 2423 2435
f 2435 2423 2431
f 2222 2227 2436
f 2436 2227 2432
f 2436 2432 2437
f 2437 2432 2433
f 2437 2433 2438
f 2438 2433 2434
f 2438 2434 2439
f 2439 2434 2435
f 2212 2222 2440
f 2440 2222 2436
f 2440 2436 2441
f 2441 2436 2437
f 2441 2437 2442
f 2442 2437 2438
f 2442 2438 2443
f 2443 2438 2439
f 2213 2212 2444
f 2444 2212 2440
f 2444 2440 2445
f 2445 2440 2441
f 2445 2441 2446
f 2446 2441 2442
f 2446 2442 2447
f 2447 2442 2443
f 2448 1300 2449
f 1301 1305 2449
f 2449 1305 1304
f 2449 1304 2450
f 2450 1304 1303
f 2450 1303 1302
f 1299 1301 2451
f 2451 1301 2452
f 1301 2449 2452
f 2452 2449 1300
f 2452 1300 2451
f 2451 1300 1299
f 2453 2447 2448
f 1302 1306 2450
f 2450 1306 1933
f 2450 1933 1935
f 2448 2449 2453
f 2453 2449 2450
f 2453 2450 2454
f 2454 2450 1935
f 2454 1935 1936
f 1914 2455 2456
f 1914 2456 1912
f 1912 2456 2457
f 1912 2457 1910
f 1910 2457 2458
f 1910 2458 1908
f 1908 2458 2454
f 1908 2454 1936
f 2459 2213 2460
f 2460 2213 2444
f 2460 2444 2461
f 2461 2444 2445
f 2461 2445 2462
f 2462 2445 2446
f 2462 2446 2453
f 2453 2446 2447
f 2453 2454 2462
f 2462 2454 2458
f 2462 2458 2461
f 2461 2458 2457
f 2461 2457 2460
f 2460 2457 2456
f 2460 2456 2459
f 2459 2456 2455
f 1915 2463 2464
f 1915 2464 1916
f 1916 2464 2465
f 1916 2465 1918
f 1918 2465 2466
f 1918 2466 1919
f 1919 2466 2455
f 1919 2455 1914
f 2463 2467 2464
f 2464 2467 2468
f 2464 2468 2465
f 2465 2468 2469
f 2465 2469 2466
f 2466 2469 2470
f 2466 2470 2455
f 2455 2470 2459
f 2213 2459 2215
f 2215 2459 2470
f 2215 2470 2217
f 2217 2470 2469
f 2217 2469 2219
f 2219 2469 2468
f 2219 2468 2221
f 2221 2468 2467
f 1880 2471 2472
f 1880 2472 1882
f 1882 2472 2473
f 1882 2473 1883
f 1883 2473 2474
f 1883 2474 1878
f 1878 2474 2463
f 1878 2463 1915
f 2471 2245 2246
f 2248 2221 2467
f 2471 2246 2472
f 2472 2246 2247
f 2472 2247 2473
f 2473 2247 2248
f 2473 2248 2474
f 2474 2248 2467
f 2474 2467 2463
f 1902 2475 2476
f 1902 2476 1904
f 1904 2476 2477
f 1904 2477 1906
f 1906 2477 2478
f 1906 2478 1907
f 1880 1907 2471
f 2471 1907 2478
f 2471 2478 2245
f 2245 2478 2259
f 2259 2478 2477
f 2259 2477 2261
f 2261 2477 2476
f 2261 2476 2262
f 2262 2476 2475
f 2262 2475 2263
f 1925 2479 2480
f 1925 2480 1927
f 1927 2480 2481
f 1927 2481 1928
f 2270 2269 2482
f 2482 2269 2481
f 2482 2481 2483
f 2483 2481 2480
f 2483 2480 2484
f 2484 2480 2479
f 2484 2479 2485
f 2269 2263 2481
f 2481 2263 2475
f 2481 2475 1928
f 1928 2475 1902
f 2486 2292 2487
f 2487 2292 2280
f 2487 2280 2279
f 1921 1920 2486
f 2486 2487 1921
f 1921 2487 2488
f 1921 2488 1923
f 1923 2488 2479
f 1923 2479 1925
f 2485 2479 2489
f 2489 2479 2488
f 2489 2488 2490
f 2490 2488 2487
f 2490 2487 2491
f 2491 2487 2279
f 1868 2492 2493
f 1868 2493 1874
f 1874 2493 2494
f 1874 2494 1875
f 1875 2494 2495
f 1875 2495 1872
f 1872 2495 2486
f 1872 2486 1920
f 2292 2486 2323
f 2323 2486 2495
f 2323 2495 2321
f 2321 2495 2494
f 2321 2494 2319
f 2319 2494 2493
f 2319 2493 2344
f 2344 2493 2492
f 2496 2350 2349
f 1888 2497 2498
f 1888 2498 1886
f 1886 2498 2499
f 1886 2499 1884
f 1884 2499 2500
f 1884 2500 1867
f 1867 2500 2492
f 1867 2492 1868
f 2497 2496 2498
f 2498 2496 2349
f 2498 2349 2499
f 2499 2349 2357
f 2499 2357 2500
f 2500 2357 2345
f 2500 2345 2492
f 2492 2345 2344
f 1893 1895 2501
f 2502 1892 1893
f 1893 2501 2502
f 2502 2501 2503
f 2502 2503 2504
f 2504 2503 2376
f 2504 2376 2372
f 2364 2350 2505
f 2505 2350 2496
f 2505 2496 2506
f 2506 2496 2497
f 2368 2364 2507
f 2507 2364 2505
f 2507 2505 2508
f 2508 2505 2506
f 2372 2368 2504
f 2504 2368 2507
f 2504 2507 2502
f 2502 2507 2508
f 2502 2508 1892
f 1892 2508 2506
f 1892 2506 1890
f 1890 2506 2497
f 1890 2497 1888
f 1897 2509 2510
f 1897 2510 1899
f 1899 2510 2511
f 1899 2511 1900
f 2391 2376 2503
f 1897 1863 2509
f 2509 1863 1864
f 2509 1864 1865
f 1866 2377 2512
f 2512 2377 2386
f 2512 2386 2513
f 2513 2386 2391
f 2513 2391 2514
f 2514 2391 2503
f 2514 2503 2501
f 1895 1900 2501
f 2501 1900 2511
f 2501 2511 2514
f 2514 2511 2510
f 2514 2510 2513
f 2513 2510 2509
f 2513 2509 2512
f 2512 2509 1865
f 2512 1865 1866
f 1942 2515 2516
f 1942 2516 1941
f 1941 2516 2517
f 1941 2517 1940
f 2518 1859 1858
f 1858 1939 2518
f 2518 1939 1937
f 2518 1937 2517
f 2517 1937 1938
f 2517 1938 1940
f 2379 1866 1859
f 1859 2518 2379
f 2379 2518 2517
f 2379 2517 2381
f 2381 2517 2516
f 2381 2516 2383
f 2383 2516 2515
f 2383 2515 2385
f 2519 2520 2521
f 2522 2523 2524
f 2524 2523 2525
f 2524 2525 2526
f 2519 2521 2527
f 2527 2521 2528
f 2527 2528 2529
f 2529 2528 2530
f 2529 2530 2531
f 2515 1942 2530
f 2530 1942 2532
f 2530 2532 2531
f 2403 2521 2526
f 2526 2521 2520
f 2526 2520 2524
f 2403 2401 2521
f 2521 2401 2399
f 2521 2399 2528
f 2528 2399 2397
f 2528 2397 2530
f 2530 2397 2385
f 2530 2385 2515
f 2533 2404 2406
f 2408 2534 2406
f 2406 2534 2535
f 2406 2535 2533
f 2536 2537 2538
f 2538 2537 2539
f 2538 2539 2540
f 2522 2541 2523
f 2523 2541 2540
f 2523 2540 2525
f 2525 2540 2539
f 2525 2539 2526
f 2526 2539 2412
f 2526 2412 2403
f 2536 2534 2537
f 2537 2534 2408
f 2537 2408 2539
f 2539 2408 2410
f 2539 2410 2412
f 2533 2535 2542
f 2414 2416 2543
f 2543 2416 2418
f 2544 2543 2545
f 2545 2543 2418
f 2545 2418 2546
f 2546 2418 2420
f 2546 2420 2547
f 2547 2420 2421
f 2547 2421 2542
f 2542 2421 2404
f 2542 2404 2533
f 2548 2549 2544
f 2544 2549 2550
f 2544 2550 2543
f 2543 2550 2551
f 2543 2551 2414
f 1314 2552 2553
f 2553 2552 2554
f 2553 2554 2555
f 2555 2554 2556
f 2555 2556 2557
f 2548 2558 2549
f 2549 2558 2559
f 2549 2559 2550
f 2559 2560 2550
f 2550 2560 2561
f 2550 2561 2551
f 2551 2561 2562
f 2562 2563 2551
f 2551 2563 2564
f 2551 2564 2565
f 2565 2564 2566
f 2565 2566 2556
f 2556 2566 2567
f 2556 2567 2557
f 2414 2551 2426
f 2426 2551 2565
f 2426 2565 2428
f 2428 2565 2556
f 2428 2556 2430
f 2430 2556 2554
f 2430 2554 2431
f 2431 2554 2552
f 1300 2448 2568
f 1300 2568 1309
f 1309 2568 2569
f 1309 2569 1310
f 1310 2569 1311
f 1311 2569 2570
f 1311 2570 1312
f 2552 1314 2570
f 2570 1314 1313
f 2570 1313 1312
f 2431 2552 2435
f 2435 2552 2570
f 2435 2570 2439
f 2439 2570 2569
f 2439 2569 2443
f 2443 2569 2568
f 2443 2568 2447
f 2447 2568 2448
f 382 2522 367
f 367 2522 2524
f 367 2524 368
f 368 2524 2520
f 2520 2519 368
f 368 2519 2527
f 368 2527 369
f 369 2527 2529
f 369 2529 391
f 391 2529 2531
f 2531 2532 391
f 391 2532 1942
f 391 1942 392
f 2541 2522 382
f 2541 382 2540
f 382 381 2540
f 2540 381 380
f 2540 380 2538
f 2538 380 390
f 2538 390 2536
f 389 2535 390
f 390 2535 2534
f 390 2534 2536
f 2535 389 2542
f 2542 389 388
f 2542 388 2547
f 2547 388 2546
f 2546 388 386
f 2546 386 2545
f 2545 386 2544
f 2544 386 384
f 2544 384 2548
f 1308 1314 2553
f 2561 373 2562
f 2562 373 372
f 2561 2560 373
f 373 2560 2559
f 373 2559 374
f 374 2559 2558
f 374 2558 383
f 383 2558 2548
f 383 2548 384
f 372 366 2562
f 2562 366 365
f 2562 365 2563
f 2563 365 363
f 2563 363 2564
f 2564 363 361
f 2564 361 2566
f 2566 361 359
f 2566 359 2567
f 2567 359 358
f 2567 358 2557
f 2557 358 492
f 2557 492 2555
f 2555 492 490
f 2555 490 2553
f 2553 490 488
f 2553 488 1308
f 1932 1931 21
f 21 1931 19
f 1932 21 34
f 1932 34 1934
f 1934 34 64
f 1934 64 1909
f 1909 64 63
f 1909 63 1911
f 1911 63 62
f 1911 62 1913
f 1913 62 44
f 1913 44 1917
f 1917 44 46
f 1917 46 1876
f 1876 46 48
f 1876 48 1877
f 1877 48 50
f 1877 50 1881
f 1881 50 52
f 1881 52 1879
f 1879 52 53
f 1879 53 1905
f 1905 53 35
f 1905 35 1903
f 1903 35 37
f 1903 37 1901
f 1901 37 41
f 1901 41 1926
f 1926 41 40
f 1926 40 1924
f 1924 40 39
f 1924 39 1922
f 1922 39 14
f 1922 14 1870
f 1870 14 31
f 1870 31 1871
f 1871 31 30
f 1871 30 1873
f 1873 30 28
f 1873 28 1869
f 1869 28 26
f 1869 26 1885
f 1885 26 25
f 1885 25 1887
f 1887 25 23
f 1887 23 1889
f 1889 23 22
f 1889 22 1891
f 1891 22 60
f 1891 60 1894
f 1894 60 61
f 1894 61 1898
f 1898 61 57
f 1898 57 1896
f 1896 57 55
f 1896 55 1930
f 1930 55 54
f 1930 54 1929
f 357 1801 2571
f 357 2571 356
f 356 2571 2572
f 356 2572 355
f 355 2572 2573
f 355 2573 379
f 379 2573 84
f 379 84 82
f 2574 2575 89
f 1821 1840 2576
f 1822 1821 2577
f 1818 1822 2578
f 1801 1818 2579
f 1846 2580 1842
f 1842 2580 2581
f 1842 2581 1843
f 1843 2581 2582
f 1843 2582 1837
f 1837 2582 2583
f 1837 2583 1839
f 1839 2583 2584
f 1839 2584 1840
f 2580 2585 2581
f 2581 2585 2586
f 2581 2586 2582
f 2582 2586 2587
f 2582 2587 2583
f 2583 2587 2588
f 2583 2588 2584
f 2584 2588 2589
f 2585 2575 2586
f 2586 2575 2574
f 2586 2574 2587
f 2587 2574 2590
f 2587 2590 2588
f 2588 2590 2591
f 2588 2591 2589
f 2589 2591 2592
f 1801 2579 2571
f 2571 2579 2593
f 2571 2593 2572
f 2572 2593 2594
f 2572 2594 2573
f 2573 2594 106
f 2573 106 84
f 2595 103 105
f 1818 2578 2579
f 2579 2578 2596
f 2579 2596 2593
f 2593 2596 2595
f 2593 2595 2594
f 2594 2595 105
f 2594 105 106
f 1822 2577 2578
f 2578 2577 2597
f 2578 2597 2596
f 2596 2597 2598
f 2596 2598 2595
f 2595 2598 102
f 2595 102 103
f 1821 2576 2577
f 2577 2576 2599
f 2577 2599 2597
f 2597 2599 2600
f 2597 2600 2598
f 2598 2600 100
f 2598 100 102
f 1840 2584 2576
f 2576 2584 2589
f 2576 2589 2599
f 2599 2589 2592
f 2599 2592 2600
f 2600 2592 99
f 2600 99 100
f 89 91 2574
f 2574 91 93
f 2574 93 2590
f 2590 93 94
f 2590 94 2591
f 2591 94 96
f 2591 96 2592
f 2592 96 97
f 2592 97 99
f 107 89 2601
f 2601 89 2575
f 2601 2575 2602
f 2602 2575 2585
f 2602 2585 2603
f 2603 2585 2580
f 2603 2580 1845
f 1845 2580 1846
f 2604 1943 87
f 1829 1847 2605
f 1830 1829 2606
f 1844 1830 2607
f 1845 1844 2608
f 1826 1945 1853
f 1853 1945 2609
f 1853 2609 1854
f 1854 2609 2610
f 1854 2610 1851
f 1851 2610 2611
f 1851 2611 1849
f 1849 2611 2612
f 1849 2612 1847
f 1945 1944 2609
f 2609 1944 2613
f 2609 2613 2610
f 2610 2613 2614
f 2610 2614 2611
f 2611 2614 2615
f 2611 2615 2612
f 2612 2615 2616
f 1944 1943 2613
f 2613 1943 2604
f 2613 2604 2614
f 2614 2604 2617
f 2614 2617 2615
f 2615 2617 2618
f 2615 2618 2616
f 2616 2618 2619
f 1845 2608 2603
f 2603 2608 2620
f 2603 2620 2602
f 2602 2620 2621
f 2602 2621 2601
f 2601 2621 124
f 2601 124 107
f 2622 121 123
f 1844 2607 2608
f 2608 2607 2623
f 2608 2623 2620
f 2620 2623 2622
f 2620 2622 2621
f 2621 2622 123
f 2621 123 124
f 1830 2606 2607
f 2607 2606 2624
f 2607 2624 2623
f 2623 2624 2625
f 2623 2625 2622
f 2622 2625 120
f 2622 120 121
f 1829 2605 2606
f 2606 2605 2626
f 2606 2626 2624
f 2624 2626 2627
f 2624 2627 2625
f 2625 2627 118
f 2625 118 120
f 1847 2612 2605
f 2605 2612 2616
f 2605 2616 2626
f 2626 2616 2619
f 2626 2619 2627
f 2627 2619 117
f 2627 117 118
f 87 109 2604
f 2604 109 111
f 2604 111 2617
f 2617 111 112
f 2617 112 2618
f 2618 112 114
f 2618 114 2619
f 2619 114 115
f 2619 115 117
f 155 2628 156
f 156 2628 2629
f 156 2629 158
f 158 2629 2630
f 158 2630 159
f 159 2630 2631
f 159 2631 161
f 161 2631 2632
f 161 2632 162
f 162 2632 2633
f 162 2633 164
f 164 2633 2634
f 164 2634 165
f 165 2634 2635
f 165 2635 167
f 167 2635 2636
f 167 2636 169
f 169 2636 2637
f 169 2637 171
f 171 2637 2638
f 171 2638 172
f 172 2638 2639
f 172 2639 174
f 174 2639 2640
f 174 2640 175
f 175 2640 2641
f 175 2641 177
f 177 2641 2642
f 177 2642 178
f 178 2642 2643
f 178 2643 180
f 180 2643 2644
f 180 2644 181
f 181 2644 2645
f 181 2645 182
f 182 2645 2646
f 182 2646 125
f 125 2646 2647
f 125 2647 128
f 128 2647 2648
f 128 2648 129
f 129 2648 2649
f 129 2649 131
f 131 2649 2650
f 131 2650 132
f 132 2650 2651
f 132 2651 134
f 134 2651 2652
f 134 2652 135
f 135 2652 2653
f 135 2653 137
f 137 2653 2654
f 137 2654 138
f 138 2654 2655
f 138 2655 140
f 140 2655 2656
f 140 2656 141
f 141 2656 2657
f 141 2657 143
f 143 2657 2658
f 143 2658 144
f 144 2658 2659
f 144 2659 146
f 146 2659 2660
f 146 2660 147
f 147 2660 2661
f 147 2661 149
f 149 2661 2662
f 149 2662 150
f 150 2662 2663
f 150 2663 152
f 152 2663 2664
f 152 2664 153
f 153 2664 2665
f 153 2665 155
f 155 2665 2628
f 2628 2666 2629
f 2629 2666 2667
f 2629 2667 2630
f 2630 2667 2668
f 2630 2668 2631
f 2631 2668 2669
f 2631 2669 2632
f 2632 2669 2670
f 2632 2670 2633
f 2633 2670 2671
f 2633 2671 2634
f 2634 2671 2672
f 2634 2672 2635
f 2635 2672 2673
f 2635 2673 2636
f 2636 2673 2674
f 2636 2674 2637
f 2637 2674 2675
f 2637 2675 2638
f 2638 2675 2676
f 2638 2676 2639
f 2639 2676 2677
f 2639 2677 2640
f 2640 2677 2678
f 2640 2678 2641
f 2641 2678 2679
f 2641 2679 2642
f 2642 2679 2680
f 2642 2680 2643
f 2643 2680 2681
f 2643 2681 2644
f 2644 2681 2682
f 2644 2682 2645
f 2645 2682 2683
f 2645 2683 2646
f 2646 2683 2684
f 2646 2684 2647
f 2647 2684 2685
f 2647 2685 2648
f 2648 2685 2686
f 2648 2686 2649
f 2649 2686 2687
f 2649 2687 2650
f 2650 2687 2688
f 2650 2688 2651
f 2651 2688 2689
f 2651 2689 2652
f 2652 2689 2690
f 2652 2690 2653
f 2653 2690 2691
f 2653 2691 2654
f 2654 2691 2692
f 2654 2692 2655
f 2655 2692 2693
f 2655 2693 2656
f 2656 2693 2694
f 2656 2694 2657
f 2657 2694 2695
f 2657 2695 2658
f 2658 2695 2696
f 2658 2696 2659
f 2659 2696 2697
f 2659 2697 2660
f 2660 2697 2698
f 2660 2698 2661
f 2661 2698 2699
f 2661 2699 2662
f 2662 2699 2700
f 2662 2700 2663
f 2663 2700 2701
f 2663 2701 2664
f 2664 2701 2702
f 2664 2702 2665
f 2665 2702 2703
f 2665 2703 2628
f 2628 2703 2666
f 2666 1841 2667
f 2667 1841 1836
f 2667 1836 2668
f 2668 1836 1838
f 2668 1838 2669
f 2669 1838 1820
f 2669 1820 2670
f 2670 1820 1819
f 2670 1819 2671
f 2671 1819 1817
f 2671 1817 2672
f 2672 1817 1816
f 2672 1816 2673
f 2673 1816 1803
f 2673 1803 2674
f 2674 1803 1802
f 2674 1802 2675
f 2675 1802 1800
f 2675 1800 2676
f 2676 1800 1799
f 2676 1799 2677
f 2677 1799 1798
f 2677 1798 2678
f 2678 1798 1797
f 2678 1797 2679
f 2679 1797 1815
f 2679 1815 2680
f 2680 1815 1814
f 2680 1814 2681
f 2681 1814 1811
f 2681 1811 2682
f 2682 1811 1810
f 2682 1810 2683
f 2683 1810 1809
f 2683 1809 2684
f 2684 1809 1808
f 2684 1808 2685
f 2685 1808 1807
f 2685 1807 2686
f 2686 1807 1806
f 2686 1806 2687
f 2687 1806 1805
f 2687 1805 2688
f 2688 1805 1804
f 2688 1804 2689
f 2689 1804 1824
f 2689 1824 2690
f 2690 1824 1823
f 2690 1823 2691
f 2691 1823 1813
f 2691 1813 2692
f 2692 1813 1812
f 2692 1812 2693
f 2693 1812 1835
f 2693 1835 2694
f 2694 1835 1834
f 2694 1834 2695
f 2695 1834 1833
f 2695 1833 2696
f 2696 1833 1825
f 2696 1825 2697
f 2697 1825 1827
f 2697 1827 2698
f 2698 1827 1828
f 2698 1828 2699
f 2699 1828 1852
f 2699 1852 2700
f 2700 1852 1850
f 2700 1850 2701
f 2701 1850 1848
f 2701 1848 2702
f 2702 1848 1831
f 2702 1831 2703
f 2703 1831 1832
f 2703 1832 2666
f 2666 1832 1841
f 68 12 67
f 67 12 38
f 222 2704 220
f 220 2704 2705
f 220 2705 410
f 2706 2707 2708
f 2708 2707 2709
f 2709 2710 2708
f 2708 2710 2711
f 2708 2711 2712
f 2712 2711 2713
f 2712 2713 222
f 222 2713 2714
f 222 2714 2704
f 713 2715 2716
f 2716 2715 2717
f 2715 665 2718
f 2717 2715 2719
f 2719 2715 2718
f 2719 2718 2720
f 222 224 2712
f 2712 224 226
f 2712 226 2708
f 2708 226 239
f 2708 239 2706
f 2706 239 665
f 2706 665 2721
f 2721 665 2715
f 2721 2715 712
f 712 2715 713
f 2722 2723 2724
f 2725 2726 2727
f 2728 2729 2730
f 2721 2731 2732
f 2733 2734 808
f 808 2734 2735
f 808 2735 788
f 788 2735 2730
f 788 2730 787
f 787 2730 2729
f 787 2729 690
f 808 791 2733
f 2733 791 790
f 2733 790 786
f 786 2736 2733
f 2733 2736 2737
f 2733 2737 2734
f 2734 2737 2738
f 2734 2738 2735
f 2735 2738 2739
f 2735 2739 2730
f 2730 2739 2727
f 2730 2727 2728
f 2728 2727 2726
f 2736 2722 2737
f 2737 2722 2724
f 2737 2724 2738
f 2738 2724 2740
f 2738 2740 2739
f 2739 2740 2741
f 2739 2741 2727
f 2727 2741 2732
f 2727 2732 2725
f 2725 2732 2731
f 2721 2732 2706
f 2706 2732 2741
f 2706 2741 2707
f 2707 2741 2740
f 2707 2740 2709
f 2709 2740 2724
f 2709 2724 2710
f 2710 2724 2723
f 2710 2723 2711
f 2742 762 761
f 2714 2713 2743
f 2744 449 2745
f 2745 449 414
f 2745 414 413
f 451 450 2746
f 2746 450 448
f 2746 448 2744
f 2744 448 447
f 2744 447 449
f 2704 2745 2705
f 2705 2745 413
f 2705 413 410
f 2704 2747 2745
f 2745 2747 2748
f 2745 2748 2744
f 2744 2748 2749
f 2744 2749 2746
f 2746 2749 760
f 2746 760 451
f 451 760 415
f 2714 2743 2704
f 2704 2743 2747
f 2747 2743 2750
f 2747 2750 2748
f 2748 2750 2742
f 2748 2742 2749
f 2749 2742 761
f 2749 761 760
f 786 762 2736
f 2736 762 2742
f 2736 2742 2722
f 2722 2742 2750
f 2722 2750 2723
f 2723 2750 2743
f 2723 2743 2711
f 2711 2743 2713
f 2718 665 659
f 2718 659 2720
f 2716 2717 2751
f 2751 2717 2719
f 2751 2719 2752
f 758 713 2716
f 2716 2751 758
f 758 2751 929
f 758 929 757
f 1016 998 2752
f 2752 998 997
f 2752 997 2751
f 2751 997 996
f 2751 996 929
f 658 1016 659
f 659 1016 2752
f 659 2752 2720
f 2720 2752 2719
f 690 2729 691
f 691 2729 759
f 2729 2728 759
f 759 2728 2726
f 759 2726 711
f 2721 712 2731
f 2731 712 711
f 2731 711 2725
f 2725 711 2726
f 1130 1129 2753
f 2754 1079 1078
f 2754 1078 2755
f 2756 2757 2753
f 289 291 2758
f 2758 291 2759
f 2758 2759 2760
f 1077 1130 1078
f 1078 1130 2753
f 1078 2753 2755
f 2755 2753 2757
f 1129 1133 2753
f 2753 1133 2758
f 2753 2758 2756
f 2756 2758 2760
f 287 289 1172
f 1172 289 2758
f 1172 2758 1132
f 1132 2758 1133
f 185 191 296
f 296 191 452
f 296 452 311
f 314 197 185
f 185 296 295
f 295 293 185
f 185 293 292
f 185 292 323
f 327 314 324
f 324 314 185
f 324 185 325
f 325 185 323
f 286 247 81
f 184 74 83
f 83 74 72
f 83 72 81
f 81 72 319
f 81 319 286
f 318 285 319
f 319 285 278
f 319 278 286
f 345 285 343
f 343 285 342
f 318 338 285
f 285 338 340
f 285 340 342
f 290 311 2761
f 2761 311 452
f 2761 1080 290
f 290 1080 1079
f 1079 2754 290
f 290 2754 2755
f 290 2755 291
f 2757 2756 2760
f 2757 2760 2755
f 2755 2760 2759
f 2755 2759 291
f 1080 2761 241
f 241 2761 452
f 241 452 240
f 452 453 240
f 240 453 189
f 240 189 188
f 127 126 183
f 126 130 183
f 183 130 77
f 183 77 76
f 139 88 136
f 136 88 77
f 136 77 133
f 133 77 130
f 90 154 92
f 92 154 157
f 170 173 85
f 85 173 176
f 85 176 183
f 183 176 179
f 183 179 127
f 148 151 116
f 139 142 88
f 88 142 145
f 88 145 110
f 110 145 148
f 110 148 113
f 113 148 116
f 90 108 154
f 154 108 122
f 154 122 151
f 151 122 119
f 151 119 116
f 160 98 157
f 157 98 95
f 157 95 92
f 86 104 160
f 160 104 101
f 160 101 98
f 160 163 86
f 86 163 166
f 86 166 85
f 85 166 168
f 85 168 170
f 230 10 228
f 9 8 221
f 221 8 223
f 8 10 223
f 223 10 230
f 2266 2265 2762
f 2763 2281 2283
f 2266 2762 2271
f 2484 2485 2764
f 2764 2485 2489
f 2764 2489 2490
f 2283 2271 2763
f 2763 2271 2762
f 2763 2762 2765
f 2765 2762 2766
f 2765 2766 2767
f 2767 2766 2768
f 2767 2768 2769
f 2769 2768 2770
f 2769 2770 2764
f 2764 2770 2771
f 2764 2771 2484
f 2484 2771 2483
f 2281 2763 2279
f 2279 2763 2765
f 2279 2765 2491
f 2491 2765 2767
f 2767 2769 2491
f 2491 2769 2764
f 2491 2764 2490
f 2771 2770 2768
f 2483 2771 2482
f 2482 2771 2768
f 2482 2768 2270
f 2270 2768 2766
f 2270 2766 2265
f 2265 2766 2762
f 2772 2773 2774
f 2775 2776 2777
f 2777 2776 2778
f 2777 2778 2779
f 2779 2778 2780
f 2781 2782 2783
f 2783 2782 2779
f 2783 2779 2784
f 2784 2779 2780
f 2777 2772 2775
f 2775 2772 2774
f 2775 2774 2785
f 2785 2774 2786
f 2785 2786 2787
f 2787 2786 2788
f 2788 2786 2789
f 2788 2789 2790
f 2790 2789 2791
f 2791 2789 2792
f 2791 2792 2793
f 2793 2792 2794
f 2794 2792 2795
f 2794 2795 2796
f 2796 2795 2797
f 2797 2795 2798
f 2797 2798 2799
f 2799 2798 2800
f 2800 2798 2801
f 2800 2801 2802
f 2773 2803 2774
f 2774 2803 2804
f 2774 2804 2786
f 2786 2804 2805
f 2786 2805 2789
f 2789 2805 2806
f 2789 2806 2792
f 2792 2806 2807
f 2792 2807 2795
f 2795 2807 2808
f 2795 2808 2798
f 2798 2808 2809
f 2798 2809 2801
f 2801 2809 2810
f 2811 2810 2809
f 2812 2813 2814
f 2814 2813 2815
f 2815 2813 2816
f 2815 2816 2817
f 2817 2816 2818
f 2817 2818 2819
f 2819 2818 2820
f 2819 2820 2821
f 2821 2820 2822
f 2821 2822 2823
f 2823 2822 2824
f 2824 2822 2825
f 2824 2825 2826
f 2826 2825 2827
f 2826 2827 2828
f 2828 2827 2829
f 2828 2829 2803
f 2814 2811 2812
f 2812 2811 2809
f 2812 2809 2830
f 2830 2809 2808
f 2830 2808 2831
f 2831 2808 2807
f 2831 2807 2832
f 2832 2807 2806
f 2832 2806 2833
f 2833 2806 2805
f 2833 2805 2829
f 2829 2805 2804
f 2829 2804 2803
f 2834 2835 2836
f 2836 2835 2837
f 2836 2837 2802
f 2838 2839 2840
f 2834 2841 2835
f 2835 2841 2842
f 2835 2842 2840
f 2840 2842 2843
f 2840 2843 2838
f 2838 2844 2839
f 2839 2844 2781
f 2839 2781 2845
f 2845 2781 2783
f 2845 2783 2846
f 2783 2784 2846
f 2846 2784 2780
f 2846 2780 2847
f 2780 2778 2847
f 2847 2778 2776
f 2847 2776 2848
f 2776 2775 2848
f 2848 2775 2785
f 2848 2785 2849
f 2785 2787 2849
f 2849 2787 2788
f 2849 2788 2850
f 2788 2790 2850
f 2850 2790 2791
f 2850 2791 2851
f 2791 2793 2851
f 2851 2793 2794
f 2851 2794 2852
f 2794 2796 2852
f 2852 2796 2797
f 2852 2797 2853
f 2853 2797 2799
f 2853 2799 2837
f 2837 2799 2800
f 2837 2800 2802
f 2854 2855 2847
f 2847 2855 2856
f 2847 2856 2846
f 2846 2856 2857
f 2846 2857 2845
f 2845 2857 2858
f 2845 2858 2839
f 2839 2858 2859
f 2839 2859 2840
f 2840 2859 2860
f 2840 2860 2835
f 2835 2860 2861
f 2835 2861 2837
f 2837 2861 2862
f 2837 2862 2853
f 2853 2862 2863
f 2853 2863 2852
f 2852 2863 2864
f 2852 2864 2851
f 2851 2864 2865
f 2851 2865 2850
f 2850 2865 2866
f 2850 2866 2849
f 2849 2866 2867
f 2849 2867 2848
f 2848 2867 2854
f 2848 2854 2847
f 2863 2862 2812
f 2812 2862 2861
f 2812 2861 2813
f 2813 2861 2860
f 2813 2860 2816
f 2816 2860 2859
f 2816 2859 2818
f 2818 2859 2858
f 2818 2858 2820
f 2820 2858 2857
f 2820 2857 2822
f 2822 2857 2856
f 2822 2856 2825
f 2825 2856 2855
f 2825 2855 2827
f 2827 2855 2854
f 2827 2854 2829
f 2829 2854 2867
f 2829 2867 2833
f 2833 2867 2866
f 2833 2866 2832
f 2832 2866 2865
f 2832 2865 2831
f 2831 2865 2864
f 2831 2864 2830
f 2830 2864 2863
f 2830 2863 2812
f 2828 2803 2772
f 2772 2803 2773
f 2801 2810 2802
f 2802 2810 2811
f 2802 2811 2836
f 2828 2772 2826
f 2826 2772 2777
f 2781 2819 2782
f 2782 2819 2821
f 2782 2821 2779
f 2779 2821 2823
f 2779 2823 2777
f 2777 2823 2824
f 2777 2824 2826
f 2781 2844 2819
f 2819 2844 2838
f 2819 2838 2817
f 2817 2838 2843
f 2817 2843 2815
f 2815 2843 2842
f 2815 2842 2814
f 2836 2811 2834
f 2834 2811 2814
f 2834 2814 2841
f 2841 2814 2842
f 2868 2869 2870
f 2871 2869 2868
f 2868 2872 2873
f 2874 2872 2868
f 2870 2874 2868
f 2868 2875 2876
f 2877 2875 2868
f 2873 2877 2868
f 2868 2878 2879
f 2880 2878 2868
f 2876 2880 2868
f 2879 2871 2868
f 2871 2881 2869
f 2869 2881 2882
f 2869 2882 2870
f 2870 2882 2883
f 2870 2883 2874
f 2874 2883 2884
f 2874 2884 2872
f 2872 2884 2885
f 2872 2885 2873
f 2873 2885 2886
f 2873 2886 2877
f 2877 2886 2887
f 2877 2887 2875
f 2875 2887 2888
f 2875 2888 2876
f 2876 2888 2889
f 2876 2889 2880
f 2880 2889 2890
f 2880 2890 2878
f 2878 2890 2891
f 2878 2891 2879
f 2879 2891 2892
f 2879 2892 2871
f 2871 2892 2881
f 2891 2893 2892
f 2892 2893 2894
f 2892 2894 2881
f 2881 2894 2895
f 2881 2895 2882
f 2882 2895 2896
f 2882 2896 2883
f 2883 2896 2897
f 2883 2897 2884
f 2884 2897 2898
f 2884 2898 2885
f 2885 2898 2899
f 2885 2899 2886
f 2886 2899 2900
f 2886 2900 2887
f 2887 2900 2901
f 2887 2901 2888
f 2888 2901 2902
f 2888 2902 2889
f 2889 2902 2903
f 2889 2903 2890
f 2890 2903 2904
f 2890 2904 2891
f 2891 2904 2893
f 2905 2906 2897
f 2897 2906 2907
f 2897 2907 2898
f 2898 2907 2908
f 2898 2908 2899
f 2899 2908 2909
f 2899 2909 2900
f 2900 2909 2910
f 2900 2910 2901
f 2901 2910 2911
f 2901 2911 2902
f 2902 2911 2912
f 2902 2912 2903
f 2903 2912 2913
f 2903 2913 2904
f 2904 2913 2914
f 2904 2914 2893
f 2893 2914 2915
f 2893 2915 2894
f 2894 2915 2916
f 2894 2916 2895
f 2895 2916 2917
f 2895 2917 2896
f 2896 2917 2905
f 2896 2905 2897
f 2907 2906 2918
f 2910 2909 2918
f 2918 2909 2908
f 2918 2908 2907
f 2913 2912 2918
f 2918 2912 2911
f 2918 2911 2910
f 2916 2915 2918
f 2918 2915 2914
f 2918 2914 2913
f 2906 2905 2918
f 2918 2905 2917
f 2918 2917 2916
f 2919 2920 2921
f 2919 2922 2923
f 2919 2924 2925
f 2926 2924 2919
f 2923 2926 2919
f 2919 2927 2928
f 2929 2919 2928
f 2925 2927 2919
f 2930 2919 2931
f 2919 2930 2932
f 2933 2931 2919
f 2934 2935 2921
f 2921 2935 2919
f 2933 2919 2935
f 2929 2920 2919
f 2936 2922 2932
f 2932 2922 2919
f 2937 2938 2939
f 2922 2936 2940
f 2927 2941 2928
f 2928 2941 2942
f 2928 2942 2929
f 2929 2942 2943
f 2929 2943 2920
f 2920 2943 2944
f 2920 2944 2921
f 2921 2944 2934
f 2940 2937 2922
f 2922 2937 2939
f 2922 2939 2923
f 2923 2939 2945
f 2923 2945 2926
f 2926 2945 2946
f 2926 2946 2924
f 2924 2946 2947
f 2924 2947 2925
f 2925 2947 2948
f 2925 2948 2927
f 2927 2948 2949
f 2927 2949 2941
f 2941 2949 2950
f 2938 2951 2939
f 2939 2951 2952
f 2939 2952 2945
f 2945 2952 2953
f 2945 2953 2946
f 2946 2953 2954
f 2946 2954 2947
f 2947 2954 2955
f 2947 2955 2948
f 2948 2955 2956
f 2948 2956 2949
f 2949 2956 2957
f 2949 2957 2950
f 2951 2958 2952
f 2952 2958 2959
f 2952 2959 2953
f 2953 2959 2960
f 2953 2960 2954
f 2954 2960 2961
f 2954 2961 2955
f 2955 2961 2962
f 2955 2962 2956
f 2956 2962 2963
f 2956 2963 2957
f 2957 2963 2964
f 2959 2958 2965
f 2959 2965 2960
f 2966 2964 2965
f 2965 2964 2963
f 2963 2962 2965
f 2965 2962 2961
f 2965 2961 2960
f 2937 2967 2938
f 2938 2967 2965
f 2938 2965 2951
f 2951 2965 2958
f 2965 2967 2966
f 2966 2967 2968
f 2967 2937 2968
f 2968 2937 2940
f 2968 2941 2950
f 2957 2964 2950
f 2950 2964 2966
f 2950 2966 2968
f 2968 2940 2932
f 2932 2940 2936
f 2931 2968 2930
f 2930 2968 2932
f 2931 2933 2968
f 2968 2933 2935
f 2968 2935 2934
f 2942 2941 2943
f 2943 2941 2968
f 2943 2968 2944
f 2944 2968 2934
f 2969 2970 2971
f 2971 2970 2972
f 2971 2972 2973
f 2974 2975 2976
f 2974 2976 2977
f 2978 2976 2979
f 2979 2976 2980
f 2978 2981 2976
f 2976 2981 2982
f 2976 2982 2977
f 2975 2983 2976
f 2984 2985 2976
f 2976 2985 2980
f 2975 2974 2986
f 2986 2974 2987
f 2987 2974 2977
f 2987 2977 2988
f 2977 2982 2988
f 2988 2982 2981
f 2988 2981 2989
f 2980 2990 2979
f 2979 2990 2989
f 2979 2989 2978
f 2978 2989 2981
f 2986 2991 2975
f 2975 2991 2992
f 2975 2992 2983
f 2993 2984 2994
f 2980 2985 2993
f 2993 2985 2984
f 2994 2995 2993
f 2993 2995 2996
f 2993 2996 2980
f 2980 2996 2990
f 2997 2988 2996
f 2996 2988 2989
f 2996 2989 2990
f 2998 2992 2991
f 2988 2997 2987
f 2987 2997 2998
f 2987 2998 2986
f 2986 2998 2991
f 2983 2992 2976
f 2976 2992 2998
f 2976 2998 2984
f 2984 2998 2999
f 2971 2973 2997
f 2997 2973 2999
f 2997 2999 2998
f 2969 2971 2995
f 2995 2971 2997
f 2995 2997 2996
f 2972 2984 2973
f 2973 2984 2999
f 2995 2994 2969
f 2969 2994 2970
f 2970 2994 2972
f 2972 2994 2984
f 3000 3001 3002
f 3002 3001 3003
f 3002 3003 3004
f 3005 3006 3007
f 3008 3009 3005
f 3005 3009 3006
f 3010 3007 3006
f 3010 3011 3007
f 3007 3011 3012
f 3007 3012 3005
f 3005 3012 3013
f 3005 3013 3008
f 3008 3013 3014
f 3015 3008 3016
f 3006 3009 3015
f 3015 3009 3008
f 3017 3016 3008
f 3018 3014 3019
f 3019 3014 3013
f 3020 3017 3018
f 3018 3017 3008
f 3018 3008 3014
f 3011 3010 3021
f 3021 3010 3006
f 3021 3006 3022
f 3019 3013 3021
f 3021 3013 3012
f 3021 3012 3011
f 3000 3002 3022
f 3022 3002 3019
f 3022 3019 3021
f 3002 3004 3019
f 3019 3004 3020
f 3019 3020 3018
f 3022 3006 3000
f 3000 3006 3001
f 3003 3017 3004
f 3004 3017 3020
f 3001 3006 3015
f 3001 3015 3003
f 3003 3015 3016
f 3003 3016 3017

