# https://github.com/mikedh/trimesh
v -0.02109000 -0.01000000 0.00565000
v -0.02109000 -0.01000000 0.01105000
v -0.02109000 0.01000000 0.01105000
v -0.02109000 0.01000000 0.00565000
v -0.02109000 0.00950000 0.00515000
v -0.02109000 -0.00950000 0.00515000
v -0.02109000 -0.00958682 0.00515760
v -0.02109000 -0.00967101 0.00518015
v -0.02109000 -0.00975000 0.00521699
v -0.02109000 -0.00982139 0.00526698
v -0.02109000 -0.00988302 0.00532861
v -0.02109000 -0.00999240 0.00556318
v -0.02109000 -0.00999240 0.01113682
v -0.02109000 -0.00950000 0.01155000
v -0.02109000 0.00958682 0.01154240
v -0.02109000 0.00967101 0.01151985
v -0.02109000 0.00950000 0.01155000
v -0.02109000 0.00999240 0.01113682
v -0.02109000 0.00982139 0.00526698
v -0.02109000 0.00975000 0.00521699
v -0.02109000 0.00967101 0.00518015
v -0.02109000 0.00958682 0.00515760
v -0.02109000 0.00988302 0.00532861
v -0.02109000 0.00999240 0.00556318
v -0.02109000 -0.00993301 0.00540000
v -0.02109000 -0.00996985 0.00547899
v -0.02100000 -0.01300000 0.00300000
v -0.02109000 -0.00996985 0.01122101
v -0.02109000 -0.00993301 0.01130000
v -0.02109000 -0.00988302 0.01137139
v -0.02109000 -0.00958682 0.01154240
v -0.02109000 0.00975000 0.01148301
v -0.02109000 0.00996985 0.01122101
v -0.02100000 0.01300000 0.00300000
v -0.02109000 0.00996985 0.00547899
v -0.02109000 0.00993301 0.00540000
v -0.02098707 -0.01396712 0.01370000
v -0.02099725 -0.01356983 0.00300000
v -0.02095168 -0.01356918 0.00247906
v -0.02095442 -0.01300000 0.00247906
v -0.02095442 0.01300000 0.00247906
v -0.02109000 -0.00967101 0.01151985
v -0.02109000 -0.00975000 0.01148301
v -0.02109000 -0.00982139 0.01143302
v -0.02109000 0.00982139 0.01143302
v -0.02109000 0.00988302 0.01137139
v -0.02109000 0.00993301 0.01130000
v -0.02099705 0.01358340 0.00300000
v -0.02089364 -0.01502201 0.01370000
v -0.02099595 -0.01365014 0.00300000
v -0.02096594 -0.01435286 0.00300000
v -0.02089535 -0.01501029 0.00300000
v -0.02095038 -0.01364930 0.00247906
v -0.02081635 -0.01356726 0.00197394
v -0.02081506 -0.01364682 0.00197394
v -0.02081908 -0.01300000 0.00197394
v -0.02081908 0.01300000 0.00197394
v -0.02095148 0.01358273 0.00247906
v -0.02097614 0.01419520 0.00300000
v -0.02079014 -0.01558235 0.00300000
v -0.02092048 -0.01434958 0.00247906
v -0.02085025 -0.01500371 0.00247906
v -0.02074567 -0.01557238 0.00247906
v -0.02078549 -0.01433984 0.00197394
v -0.02059537 -0.01356412 0.00150000
v -0.02059409 -0.01364278 0.00150000
v -0.02056506 -0.01432395 0.00150000
v -0.02059808 -0.01300000 0.00150000
v -0.02059808 0.01300000 0.00150000
v -0.02081615 0.01358071 0.00197394
v -0.02093064 0.01419258 0.00247906
v -0.02075857 0.01571729 0.01370000
v -0.02092246 0.01480695 0.00300000
v -0.02093333 0.01471280 0.00300000
v -0.02068301 -0.01600143 0.00300000
v -0.02064295 -0.01613533 0.00300000
v -0.02042668 -0.01673344 0.00300000
v -0.02062175 -0.01620247 0.00300000
v -0.02071633 -0.01498418 0.00197394
v -0.02061360 -0.01554281 0.00197394
v -0.02059942 -0.01612182 0.00247906
v -0.02047014 -0.01608174 0.00197394
v -0.02049764 -0.01495229 0.00150000
v -0.02029545 -0.01355985 0.00107164
v -0.02029420 -0.01363729 0.00107164
v -0.02026589 -0.01430238 0.00107164
v -0.02020083 -0.01490901 0.00107164
v -0.02029813 -0.01300000 0.00107164
v -0.02029813 0.01300000 0.00107164
v -0.02059517 0.01357743 0.00150000
v -0.02079552 0.01418481 0.00197394
v -0.02087721 0.01480147 0.00247906
v -0.02073586 0.01580781 0.00300000
v -0.02056918 0.01635960 0.00300000
v -0.02082631 0.01541144 0.00300000
v -0.02034634 -0.01691908 0.00300000
v -0.02018775 -0.01724716 0.00300000
v -0.01990547 -0.01774118 0.00300000
v -0.02057836 -0.01618853 0.00247906
v -0.02038459 -0.01671596 0.00247906
v -0.02039794 -0.01549451 0.00150000
v -0.02025906 -0.01601627 0.00150000
v -0.02044950 -0.01614713 0.00197394
v -0.02023909 -0.01607953 0.00150000
v -0.02010524 -0.01542896 0.00107164
v -0.01992572 -0.01355460 0.00070187
v -0.01992449 -0.01363052 0.00070187
v -0.01989708 -0.01427578 0.00070187
v -0.01983493 -0.01485565 0.00070187
v -0.01974441 -0.01534815 0.00070187
v -0.01992836 -0.01300000 0.00070187
v -0.01992836 0.01300000 0.00070187
v -0.02029526 0.01357297 0.00107164
v -0.02057488 0.01417212 0.00150000
v -0.02074284 0.01478521 0.00197394
v -0.02078161 0.01540252 0.00247906
v -0.02035850 0.01689195 0.00300000
v -0.02044829 0.01668078 0.00300000
v -0.02069173 0.01579643 0.00247906
v -0.02052613 0.01634462 0.00247906
v -0.01920316 -0.01867232 0.01370000
v -0.01984065 -0.01784236 0.00300000
v -0.01958014 -0.01821369 0.00300000
v -0.02014727 -0.01722623 0.00247906
v -0.01986688 -0.01771694 0.00247906
v -0.02025959 -0.01666406 0.00197394
v -0.02002704 -0.01716407 0.00197394
v -0.01997258 -0.01592743 0.00107164
v -0.01995352 -0.01598778 0.00107164
v -0.02005548 -0.01657932 0.00150000
v -0.01977847 -0.01646430 0.00107164
v -0.01961940 -0.01581790 0.00070187
v -0.01949740 -0.01354851 0.00040192
v -0.01949620 -0.01362268 0.00040192
v -0.01946983 -0.01424497 0.00040192
v -0.01941105 -0.01479384 0.00040192
v -0.01932640 -0.01525453 0.00040192
v -0.01921026 -0.01569102 0.00040192
v -0.01950000 -0.01300000 0.00040192
v -0.01950000 0.01300000 0.00040192
v -0.01992553 0.01356747 0.00070187
v -0.02027543 0.01415490 0.00107164
v -0.02052344 0.01475866 0.00150000
v -0.02064888 0.01537606 0.00197394
v -0.01999287 0.01759821 0.00300000
v -0.01979303 0.01791427 0.00300000
v -0.02010653 0.01739947 0.00300000
v -0.02031686 0.01687341 0.00247906
v -0.02056067 0.01576264 0.00197394
v -0.02039831 0.01630014 0.00197394
v -0.01880765 -0.01907850 0.00300000
v -0.01920455 -0.01867077 0.00300000
v -0.01954372 -0.01818629 0.00247906
v -0.01917061 -0.01864035 0.00247906
v -0.01975228 -0.01764493 0.00197394
v -0.01943555 -0.01810494 0.00197394
v -0.01983072 -0.01706257 0.00150000
v -0.01956515 -0.01752735 0.00150000
v -0.01960148 -0.01587467 0.00070187
v -0.01943697 -0.01632251 0.00070187
v -0.01956429 -0.01692481 0.00107164
v -0.01923582 -0.01675499 0.00070187
v -0.01919365 -0.01574364 0.00040192
v -0.01902351 -0.01354177 0.00018092
v -0.01902234 -0.01361400 0.00018092
v -0.01899711 -0.01421089 0.00018092
v -0.01894207 -0.01472545 0.00018092
v -0.01886392 -0.01515096 0.00018092
v -0.01875759 -0.01555063 0.00018092
v -0.01874243 -0.01559868 0.00018092
v -0.01902606 -0.01300000 0.00018092
v -0.01902606 0.01300000 0.00018092
v -0.01949722 0.01356110 0.00040192
v -0.01990627 0.01413368 0.00070187
v -0.02022567 0.01472263 0.00107164
v -0.02043214 0.01533284 0.00150000
v -0.01867232 0.01920316 0.01370000
v -0.01939555 0.01844833 0.00300000
v -0.01907850 0.01880765 0.00300000
v -0.01945299 0.01837754 0.00300000
v -0.01975519 0.01788887 0.00247906
v -0.02006659 0.01737751 0.00247906
v -0.02019322 0.01681834 0.00197394
v -0.02034667 0.01570745 0.00150000
v -0.02018959 0.01622750 0.00150000
v -0.01844833 -0.01939555 0.00300000
v -0.01791427 -0.01979303 0.00300000
v -0.01837754 -0.01945299 0.00300000
v -0.01877633 -0.01904539 0.00247906
v -0.01906982 -0.01855002 0.00197394
v -0.01868331 -0.01894707 0.00197394
v -0.01925893 -0.01797210 0.00150000
v -0.01890525 -0.01840251 0.00150000
v -0.01931117 -0.01736778 0.00107164
v -0.01901922 -0.01779181 0.00107164
v -0.01904135 -0.01615825 0.00040192
v -0.01885531 -0.01655825 0.00040192
v -0.01899808 -0.01717106 0.00070187
v -0.01863537 -0.01694316 0.00040192
v -0.01860364 -0.01597651 0.00018092
v -0.01851844 -0.01353460 0.00004558
v -0.01851731 -0.01360476 0.00004558
v -0.01849331 -0.01417456 0.00004558
v -0.01844224 -0.01465257 0.00004558
v -0.01837101 -0.01504057 0.00004558
v -0.01827514 -0.01540101 0.00004558
v -0.01826152 -0.01544417 0.00004558
v -0.01813713 -0.01578282 0.00004558
v -0.01852094 -0.01300000 0.00004558
v -0.01852094 0.01300000 0.00004558
v -0.01902333 0.01355405 0.00018092
v -0.01947861 0.01410909 0.00040192
v -0.01985858 0.01467821 0.00070187
v -0.02013799 0.01527419 0.00107164
v -0.01821369 0.01958014 0.00300000
v -0.01867077 0.01920455 0.00300000
v -0.01904539 0.01877633 0.00247906
v -0.01941741 0.01834906 0.00247906
v -0.01964281 0.01781343 0.00197394
v -0.01994799 0.01731231 0.00197394
v -0.01999134 0.01672844 0.00150000
v -0.02005623 0.01563256 0.00107164
v -0.01990630 0.01612892 0.00107164
v -0.01759821 -0.01999287 0.00300000
v -0.01739947 -0.02010653 0.00300000
v -0.01689195 -0.02035850 0.00300000
v -0.01834906 -0.01941741 0.00247906
v -0.01788887 -0.01975519 0.00247906
v -0.01826448 -0.01931175 0.00197394
v -0.01853143 -0.01878653 0.00150000
v -0.01812637 -0.01913921 0.00150000
v -0.01868189 -0.01820232 0.00107164
v -0.01832530 -0.01856865 0.00107164
v -0.01872371 -0.01756954 0.00070187
v -0.01840653 -0.01795552 0.00070187
v -0.01843431 -0.01634058 0.00018092
v -0.01823406 -0.01669102 0.00018092
v -0.01838137 -0.01731206 0.00040192
v -0.01800260 -0.01702718 0.00018092
v -0.01798562 -0.01610859 0.00004558
v -0.01799755 -0.01352719 -0.00000000
v -0.01799645 -0.01359522 -0.00000000
v -0.01797371 -0.01413709 -0.00000000
v -0.01792675 -0.01457740 -0.00000000
v -0.01786266 -0.01492672 -0.00000000
v -0.01777758 -0.01524671 -0.00000000
v -0.01776554 -0.01528482 -0.00000000
v -0.01765601 -0.01558306 -0.00000000
v -0.01752287 -0.01586934 -0.00000000
v -0.01800000 -0.01300000 -0.00000000
v -0.01800000 0.01300000 -0.00000000
v -0.01851827 0.01354654 0.00004558
v -0.01900546 0.01408188 0.00018092
v -0.01943332 0.01462675 0.00040192
v -0.01977536 0.01520188 0.00070187
v -0.01774118 0.01990547 0.00300000
v -0.01724716 0.02018775 0.00300000
v -0.01784236 0.01984065 0.00300000
v -0.01818629 0.01954372 0.00247906
v -0.01864035 0.01917061 0.00247906
v -0.01894707 0.01868331 0.00197394
v -0.01931175 0.01826448 0.00197394
v -0.01945933 0.01769025 0.00150000
v -0.01975432 0.01720584 0.00150000
v -0.01971734 0.01660641 0.00107164
v -0.01969817 0.01554023 0.00070187
v -0.01955708 0.01600738 0.00070187
v -0.01571729 -0.02075857 0.01370000
v -0.01635960 -0.02056918 0.00300000
v -0.01668078 -0.02044829 0.00300000
v -0.01737751 -0.02006659 0.00247906
v -0.01687341 -0.02031686 0.00247906
v -0.01781343 -0.01964281 0.00197394
v -0.01731231 -0.01994799 0.00197394
v -0.01769025 -0.01945933 0.00150000
v -0.01793893 -0.01890505 0.00107164
v -0.01752307 -0.01921030 0.00107164
v -0.01807117 -0.01830004 0.00070187
v -0.01770786 -0.01861637 0.00070187
v -0.01808755 -0.01766962 0.00040192
v -0.01777678 -0.01798886 0.00040192
v -0.01780637 -0.01642229 0.00004558
v -0.01759892 -0.01672356 0.00004558
v -0.01773462 -0.01735329 0.00018092
v -0.01735847 -0.01701616 0.00004558
v -0.01736526 -0.01614514 -0.00000000
v -0.01799738 0.01353879 -0.00000000
v -0.01850117 0.01405288 0.00004558
v -0.01896281 0.01456981 0.00018092
v -0.01935527 0.01511811 0.00040192
v -0.01673344 0.02042668 0.00300000
v -0.01691908 0.02034634 0.00300000
v -0.01771694 0.01986688 0.00247906
v -0.01722623 0.02014727 0.00247906
v -0.01810494 0.01943555 0.00197394
v -0.01855002 0.01906982 0.00197394
v -0.01878653 0.01853143 0.00150000
v -0.01913921 0.01812637 0.00150000
v -0.01921030 0.01752307 0.00107164
v -0.01949148 0.01706135 0.00107164
v -0.01937955 0.01645598 0.00070187
v -0.01928337 0.01543327 0.00040192
v -0.01915251 0.01586659 0.00040192
v -0.01580781 -0.02073586 0.00300000
v -0.01541144 -0.02082631 0.00300000
v -0.01480695 -0.02092246 0.00300000
v -0.01634462 -0.02052613 0.00247906
v -0.01579643 -0.02069173 0.00247906
v -0.01681834 -0.02019322 0.00197394
v -0.01630014 -0.02039831 0.00197394
v -0.01720584 -0.01975432 0.00150000
v -0.01672844 -0.01999134 0.00150000
v -0.01706135 -0.01949148 0.00107164
v -0.01731696 -0.01890329 0.00070187
v -0.01688321 -0.01916744 0.00070187
v -0.01744017 -0.01828195 0.00040192
v -0.01707820 -0.01854764 0.00040192
v -0.01745107 -0.01764458 0.00018092
v -0.01714400 -0.01791195 0.00018092
v -0.01718259 -0.01641043 -0.00000000
v -0.01697054 -0.01666847 -0.00000000
v -0.01710393 -0.01727765 0.00004558
v -0.01674591 -0.01689923 -0.00000000
v -0.01624213 -0.01730225 -0.00000000
v -0.01650280 -0.01711091 -0.00000000
v -0.01798109 0.01402298 -0.00000000
v -0.01846135 0.01450913 0.00004558
v -0.01889048 0.01502544 0.00018092
v -0.01502201 0.02089364 0.01370000
v -0.01558235 0.02079014 0.00300000
v -0.01600143 0.02068301 0.00300000
v -0.01613533 0.02064295 0.00300000
v -0.01620247 0.02062175 0.00300000
v -0.01671596 0.02038459 0.00247906
v -0.01764493 0.01975228 0.00197394
v -0.01716407 0.02002704 0.00197394
v -0.01797210 0.01925893 0.00150000
v -0.01840251 0.01890525 0.00150000
v -0.01856865 0.01832530 0.00107164
v -0.01890505 0.01793893 0.00107164
v -0.01890329 0.01731696 0.00070187
v -0.01916744 0.01688321 0.00070187
v -0.01898824 0.01628171 0.00040192
v -0.01882445 0.01531494 0.00018092
v -0.01870490 0.01571082 0.00018092
v -0.01343051 -0.02099880 0.01370000
v -0.01471280 -0.02093333 0.00300000
v -0.01419520 -0.02097614 0.00300000
v -0.01540252 -0.02078161 0.00247906
v -0.01480147 -0.02087721 0.00247906
v -0.01576264 -0.02056067 0.00197394
v -0.01537606 -0.02064888 0.00197394
v -0.01622750 -0.02018959 0.00150000
v -0.01570745 -0.02034667 0.00150000
v -0.01660641 -0.01971734 0.00107164
v -0.01612892 -0.01990630 0.00107164
v -0.01645598 -0.01937955 0.00070187
v -0.01667685 -0.01879206 0.00040192
v -0.01628171 -0.01898824 0.00040192
v -0.01681404 -0.01815415 0.00018092
v -0.01644853 -0.01837674 0.00018092
v -0.01682834 -0.01751761 0.00004558
v -0.01653250 -0.01773477 0.00004558
v -0.01595424 -0.01747759 -0.00000000
v -0.01794418 0.01444654 -0.00000000
v -0.01352719 0.01799755 -0.00000000
v -0.01359522 0.01799645 -0.00000000
v -0.01413709 0.01797371 -0.00000000
v -0.01528482 0.01776554 -0.00000000
v -0.01524671 0.01777758 -0.00000000
v -0.01788423 0.01482479 -0.00000000
v -0.01558306 0.01765601 -0.00000000
v -0.01711091 0.01650280 -0.00000000
v -0.01689923 0.01674591 -0.00000000
v -0.01666847 0.01697054 -0.00000000
v -0.01641043 0.01718259 -0.00000000
v -0.01492672 0.01786266 -0.00000000
v -0.01457740 0.01792675 -0.00000000
v -0.01783088 0.01505874 -0.00000000
v -0.01773585 0.01537358 -0.00000000
v -0.01761798 0.01567146 -0.00000000
v -0.01614514 0.01736526 -0.00000000
v -0.01586934 0.01752287 -0.00000000
v -0.01747759 0.01595424 -0.00000000
v -0.01730225 0.01624213 -0.00000000
v -0.01839511 0.01492666 0.00004558
v -0.01396712 0.02098707 0.01370000
v -0.01501029 0.02089535 0.00300000
v -0.01557238 0.02074567 0.00247906
v -0.01612182 0.02059942 0.00247906
v -0.01618853 0.02057836 0.00247906
v -0.01666406 0.02025959 0.00197394
v -0.01752735 0.01956515 0.00150000
v -0.01706257 0.01983072 0.00150000
v -0.01779181 0.01901922 0.00107164
v -0.01820232 0.01868189 0.00107164
v -0.01830004 0.01807117 0.00070187
v -0.01861637 0.01770786 0.00070187
v -0.01854764 0.01707820 0.00040192
v -0.01879206 0.01667685 0.00040192
v -0.01855529 0.01608890 0.00018092
v -0.01833533 0.01518881 0.00004558
v -0.01822785 0.01554480 0.00004558
v -0.01300000 -0.02100000 0.00300000
v -0.01358340 -0.02099705 0.00300000
v -0.01419258 -0.02093064 0.00247906
v -0.01358273 -0.02095148 0.00247906
v -0.01478521 -0.02074284 0.00197394
v -0.01418481 -0.02079552 0.00197394
v -0.01533284 -0.02043214 0.00150000
v -0.01475866 -0.02052344 0.00150000
v -0.01563256 -0.02005623 0.00107164
v -0.01527419 -0.02013799 0.00107164
v -0.01600738 -0.01955708 0.00070187
v -0.01554023 -0.01969817 0.00070187
v -0.01586659 -0.01915251 0.00040192
v -0.01608890 -0.01855529 0.00018092
v -0.01571082 -0.01870490 0.00018092
v -0.01620520 -0.01793410 0.00004558
v -0.01588340 -0.01809387 0.00004558
v -0.01353879 -0.01799738 -0.00000000
v -0.01300000 -0.01800000 -0.00000000
v -0.01402298 -0.01798109 -0.00000000
v -0.01444654 -0.01794418 -0.00000000
v -0.01482479 -0.01788423 -0.00000000
v -0.01505874 -0.01783088 -0.00000000
v -0.01537358 -0.01773585 -0.00000000
v -0.01567146 -0.01761798 -0.00000000
v -0.01300000 0.01800000 -0.00000000
v -0.01353460 0.01851844 0.00004558
v -0.01300000 0.01852094 0.00004558
v -0.01360476 0.01851731 0.00004558
v -0.01417456 0.01849331 0.00004558
v -0.01544417 0.01826152 0.00004558
v -0.01540101 0.01827514 0.00004558
v -0.01504057 0.01837101 0.00004558
v -0.01578282 0.01813713 0.00004558
v -0.01751761 0.01682834 0.00004558
v -0.01727765 0.01710393 0.00004558
v -0.01701616 0.01735847 0.00004558
v -0.01672356 0.01759892 0.00004558
v -0.01642229 0.01780637 0.00004558
v -0.01465257 0.01844224 0.00004558
v -0.01809387 0.01588340 0.00004558
v -0.01793410 0.01620520 0.00004558
v -0.01610859 0.01798562 0.00004558
v -0.01773477 0.01653250 0.00004558
v -0.01365014 0.02099595 0.00300000
v -0.01356983 0.02099725 0.00300000
v -0.01435286 0.02096594 0.00300000
v -0.01500371 0.02085025 0.00247906
v -0.01554281 0.02061360 0.00197394
v -0.01608174 0.02047014 0.00197394
v -0.01614713 0.02044950 0.00197394
v -0.01657932 0.02005548 0.00150000
v -0.01736778 0.01931117 0.00107164
v -0.01692481 0.01956429 0.00107164
v -0.01756954 0.01872371 0.00070187
v -0.01795552 0.01840653 0.00070187
v -0.01798886 0.01777678 0.00040192
v -0.01828195 0.01744017 0.00040192
v -0.01815415 0.01681404 0.00018092
v -0.01837674 0.01644853 0.00018092
v 0.01300000 -0.02100000 0.00300000
v -0.01300000 -0.02095442 0.00247906
v -0.01358071 -0.02081615 0.00197394
v -0.01300000 -0.02081908 0.00197394
v -0.01417212 -0.02057488 0.00150000
v -0.01357743 -0.02059517 0.00150000
v -0.01472263 -0.02022567 0.00107164
v -0.01415490 -0.02027543 0.00107164
v -0.01520188 -0.01977536 0.00070187
v -0.01467821 -0.01985858 0.00070187
v -0.01543327 -0.01928337 0.00040192
v -0.01511811 -0.01935527 0.00040192
v -0.01531494 -0.01882445 0.00018092
v -0.01554480 -0.01822785 0.00004558
v -0.01518881 -0.01833533 0.00004558
v -0.01354654 -0.01851827 0.00004558
v -0.01405288 -0.01850117 0.00004558
v 0.01300000 -0.01800000 -0.00000000
v -0.01300000 -0.01852094 0.00004558
v 0.01300000 -0.01852094 0.00004558
v -0.01450913 -0.01846135 0.00004558
v -0.01492666 -0.01839511 0.00004558
v 0.01300000 0.01800000 -0.00000000
v -0.01354177 0.01902351 0.00018092
v -0.01300000 0.01902606 0.00018092
v 0.01300000 0.01852094 0.00004558
v -0.01361400 0.01902234 0.00018092
v -0.01421089 0.01899711 0.00018092
v -0.01559868 0.01874243 0.00018092
v -0.01555063 0.01875759 0.00018092
v -0.01515096 0.01886392 0.00018092
v -0.01472545 0.01894207 0.00018092
v -0.01597651 0.01860364 0.00018092
v -0.01791195 0.01714400 0.00018092
v -0.01764458 0.01745107 0.00018092
v -0.01735329 0.01773462 0.00018092
v -0.01702718 0.01800260 0.00018092
v -0.01669102 0.01823406 0.00018092
v -0.01634058 0.01843431 0.00018092
v -0.01799529 0.01973780 0.01409921
v -0.01863805 0.01923366 0.01409921
v -0.01929120 0.01857193 0.01409177
v -0.01971765 0.01802441 0.01409920
v -0.02046004 0.01665144 0.01409554
v -0.02094279 0.01461410 0.01408695
v -0.01300000 0.02100000 0.00300000
v 0.01300000 0.02100000 0.00300000
v -0.01364930 0.02095038 0.00247906
v -0.01434958 0.02092048 0.00247906
v -0.01356918 0.02095168 0.00247906
v -0.01498418 0.02071633 0.00197394
v -0.01549451 0.02039794 0.00150000
v -0.01601627 0.02025906 0.00150000
v -0.01607953 0.02023909 0.00150000
v -0.01646430 0.01977847 0.00107164
v -0.01717106 0.01899808 0.00070187
v -0.01675499 0.01923582 0.00070187
v -0.01731206 0.01838137 0.00040192
v -0.01766962 0.01808755 0.00040192
v -0.02094511 -0.01459925 0.01410000
v -0.02099238 0.01380654 0.01410000
v 0.01396712 -0.02098707 0.01370000
v 0.01356983 -0.02099725 0.00300000
v 0.01300000 -0.02095442 0.00247906
v 0.01356918 -0.02095168 0.00247906
v -0.01300000 -0.02059808 0.00150000
v 0.01300000 -0.02081908 0.00197394
v -0.01357297 -0.02029526 0.00107164
v -0.01300000 -0.02029813 0.00107164
v -0.01413368 -0.01990627 0.00070187
v -0.01356747 -0.01992553 0.00070187
v -0.01462675 -0.01943332 0.00040192
v -0.01410909 -0.01947861 0.00040192
v -0.01502544 -0.01889048 0.00018092
v -0.01456981 -0.01896281 0.00018092
v -0.02048810 -0.01657159 0.01407538
v -0.01355405 -0.01902333 0.00018092
v -0.01408188 -0.01900546 0.00018092
v 0.01352719 -0.01799755 -0.00000000
v -0.01300000 -0.01902606 0.00018092
v 0.01300000 -0.01902606 0.00018092
v 0.01353460 -0.01851844 0.00004558
v 0.01353879 0.01799738 -0.00000000
v 0.01354654 0.01851827 0.00004558
v -0.01354851 0.01949740 0.00040192
v -0.01300000 0.01950000 0.00040192
v 0.01300000 0.01902606 0.00018092
v 0.01355405 0.01902333 0.00018092
v -0.01362268 0.01949620 0.00040192
v -0.01424497 0.01946983 0.00040192
v -0.01574364 0.01919365 0.00040192
v -0.01569102 0.01921026 0.00040192
v -0.01525453 0.01932640 0.00040192
v -0.01479384 0.01941105 0.00040192
v -0.01615825 0.01904135 0.00040192
v -0.01694316 0.01863537 0.00040192
v -0.01655825 0.01885531 0.00040192
v -0.01657159 0.02048810 0.01407538
v -0.01832367 0.01949568 0.01410000
v -0.01832367 0.01949568 0.02290000
v -0.01799528 0.01973779 0.02290000
v -0.01765492 0.01995878 0.01410000
v -0.01730263 0.02015875 0.01410000
v -0.01867232 0.01920316 0.02290000
v -0.01863807 0.01923367 0.02290000
v -0.01893511 0.01895477 0.01410000
v -0.01994200 0.01768237 0.01410000
v -0.01994200 0.01768237 0.02290000
v -0.01971756 0.01802435 0.02290000
v -0.01947471 0.01835026 0.01410000
v -0.02014549 0.01732757 0.01410000
v -0.02061977 0.01620864 0.01410000
v -0.02082478 0.01541908 0.01410000
v 0.01343051 0.02099880 0.01370000
v -0.01300000 0.02095442 0.00247906
v 0.01300000 0.02095442 0.00247906
v 0.01358340 0.02099705 0.00300000
v -0.01364682 0.02081506 0.00197394
v -0.01433984 0.02078549 0.00197394
v -0.01356726 0.02081635 0.00197394
v -0.01495229 0.02049764 0.00150000
v -0.01542896 0.02010524 0.00107164
v -0.01592743 0.01997258 0.00107164
v -0.01598778 0.01995352 0.00107164
v -0.01632251 0.01943697 0.00070187
v -0.02083011 -0.01539223 0.01410000
v -0.02089364 -0.01502201 0.02290000
v -0.02094511 -0.01459925 0.02290000
v -0.02083011 -0.01539223 0.02290000
v -0.02100000 -0.01300000 0.02290000
v -0.02098707 -0.01396712 0.02290000
v -0.02099880 0.01343051 0.02290000
v -0.02099238 0.01380654 0.02290000
v 0.01502201 -0.02089364 0.01370000
v 0.01365014 -0.02099595 0.00300000
v 0.01435286 -0.02096594 0.00300000
v 0.01501029 -0.02089535 0.00300000
v 0.01364930 -0.02095038 0.00247906
v 0.01356726 -0.02081635 0.00197394
v 0.01364682 -0.02081506 0.00197394
v 0.01300000 -0.02059808 0.00150000
v 0.01356412 -0.02059537 0.00150000
v -0.01300000 -0.01992836 0.00070187
v 0.01300000 -0.02029813 0.00107164
v -0.01356110 -0.01949722 0.00040192
v -0.01300000 -0.01950000 0.00040192
v -0.02063036 -0.01617549 0.01410000
v 0.01359522 -0.01799645 -0.00000000
v 0.01300000 -0.01950000 0.00040192
v 0.01354177 -0.01902351 0.00018092
v 0.01360476 -0.01851731 0.00004558
v 0.01402298 0.01798109 -0.00000000
v 0.01405288 0.01850117 0.00004558
v 0.01797371 0.01413709 -0.00000000
v 0.01752287 0.01586934 -0.00000000
v 0.01765601 0.01558306 -0.00000000
v 0.01776554 0.01528482 -0.00000000
v 0.01777758 0.01524671 -0.00000000
v 0.01786266 0.01492672 -0.00000000
v 0.01792675 0.01457740 -0.00000000
v 0.01444654 0.01794418 -0.00000000
v 0.01482479 0.01788423 -0.00000000
v 0.01505874 0.01783088 -0.00000000
v 0.01537358 0.01773585 -0.00000000
v 0.01567146 0.01761798 -0.00000000
v 0.01650280 0.01711091 -0.00000000
v 0.01674591 0.01689923 -0.00000000
v 0.01697054 0.01666847 -0.00000000
v 0.01595424 0.01747759 -0.00000000
v 0.01624213 0.01730225 -0.00000000
v 0.01718259 0.01641043 -0.00000000
v 0.01736526 0.01614514 -0.00000000
v 0.01408188 0.01900546 0.00018092
v -0.01355460 0.01992572 0.00070187
v -0.01300000 0.01992836 0.00070187
v 0.01300000 0.01950000 0.00040192
v 0.01356110 0.01949722 0.00040192
v 0.01410909 0.01947861 0.00040192
v -0.01363052 0.01992449 0.00070187
v -0.01427578 0.01989708 0.00070187
v -0.01587467 0.01960148 0.00070187
v -0.01581790 0.01961940 0.00070187
v -0.01534815 0.01974441 0.00070187
v -0.01485565 0.01983493 0.00070187
v -0.01693839 0.02033760 0.01410000
v -0.01617549 0.02063036 0.01410000
v -0.01832315 0.01949502 0.02291291
v -0.01784236 0.01984065 0.02290000
v -0.01765447 0.01995804 0.02291310
v -0.01765315 0.01995587 0.02292588
v -0.01832156 0.01949299 0.02292588
v -0.01765492 0.01995878 0.02290000
v -0.01730263 0.02015875 0.02290000
v -0.01893511 0.01895477 0.02290000
v -0.01893452 0.01895417 0.02291291
v -0.01893271 0.01895235 0.02292588
v -0.01947471 0.01835026 0.02290000
v -0.01939555 0.01844833 0.02290000
v -0.01999287 0.01759821 0.02290000
v -0.01994129 0.01768193 0.02291291
v -0.01993910 0.01768059 0.02292588
v -0.01947220 0.01834826 0.02292588
v -0.01947420 0.01834985 0.02291299
v -0.02044829 0.01668078 0.02290000
v -0.02014549 0.01732757 0.02290000
v -0.02075857 0.01571729 0.02290000
v -0.02061977 0.01620864 0.02290000
v -0.02082478 0.01541908 0.02290000
v -0.02093333 0.01471280 0.02290000
v 0.01419520 0.02097614 0.00300000
v -0.01300000 0.02081908 0.00197394
v 0.01300000 0.02081908 0.00197394
v 0.01358273 0.02095148 0.00247906
v -0.01364278 0.02059409 0.00150000
v -0.01432395 0.02056506 0.00150000
v -0.01356412 0.02059537 0.00150000
v -0.01490901 0.02020083 0.00107164
v -0.02063036 -0.01617549 0.02290000
v -0.02068301 -0.01600143 0.02290000
v -0.02094426 -0.01459917 0.02291305
v -0.02082906 -0.01539202 0.02291305
v -0.02100000 0.01300000 0.02290000
v -0.02099877 -0.01300000 0.02291564
v -0.02099111 -0.01380006 0.02291305
v -0.02099877 0.01300000 0.02291564
v -0.02099095 0.01380649 0.02291305
v -0.02094279 0.01461410 0.02291305
v 0.01558235 -0.02079014 0.00300000
v 0.01434958 -0.02092048 0.00247906
v 0.01500371 -0.02085025 0.00247906
v 0.01557238 -0.02074567 0.00247906
v 0.01433984 -0.02078549 0.00197394
v 0.01364278 -0.02059409 0.00150000
v 0.01432395 -0.02056506 0.00150000
v 0.01355985 -0.02029545 0.00107164
v 0.01363729 -0.02029420 0.00107164
v 0.01300000 -0.01992836 0.00070187
v 0.01355460 -0.01992572 0.00070187
v -0.01973780 -0.01799529 0.01409921
v -0.01995878 -0.01765492 0.01410000
v -0.02015875 -0.01730263 0.01410000
v -0.02033760 -0.01693839 0.01410000
v -0.02033760 -0.01693839 0.02290000
v -0.02034634 -0.01691908 0.02290000
v 0.01800000 -0.01300000 -0.00000000
v 0.01799738 -0.01353879 -0.00000000
v 0.01798109 -0.01402298 -0.00000000
v 0.01413709 -0.01797371 -0.00000000
v 0.01528482 -0.01776554 -0.00000000
v 0.01524671 -0.01777758 -0.00000000
v 0.01558306 -0.01765601 -0.00000000
v 0.01794418 -0.01444654 -0.00000000
v 0.01788423 -0.01482479 -0.00000000
v 0.01492672 -0.01786266 -0.00000000
v 0.01457740 -0.01792675 -0.00000000
v 0.01711091 -0.01650280 -0.00000000
v 0.01689923 -0.01674591 -0.00000000
v 0.01666847 -0.01697054 -0.00000000
v 0.01641043 -0.01718259 -0.00000000
v 0.01614514 -0.01736526 -0.00000000
v 0.01586934 -0.01752287 -0.00000000
v 0.01783088 -0.01505874 -0.00000000
v 0.01773585 -0.01537358 -0.00000000
v 0.01761798 -0.01567146 -0.00000000
v 0.01747759 -0.01595424 -0.00000000
v 0.01730225 -0.01624213 -0.00000000
v 0.01800000 0.01300000 -0.00000000
v 0.01799755 0.01352719 -0.00000000
v 0.01799645 0.01359522 -0.00000000
v 0.01354851 -0.01949740 0.00040192
v 0.01361400 -0.01902234 0.00018092
v 0.01417456 -0.01849331 0.00004558
v 0.01450913 0.01846135 0.00004558
v 0.01456981 0.01896281 0.00018092
v 0.01849331 0.01417456 0.00004558
v 0.01851731 0.01360476 0.00004558
v 0.01798562 0.01610859 0.00004558
v 0.01813713 0.01578282 0.00004558
v 0.01826152 0.01544417 0.00004558
v 0.01827514 0.01540101 0.00004558
v 0.01837101 0.01504057 0.00004558
v 0.01844224 0.01465257 0.00004558
v 0.01492666 0.01839511 0.00004558
v 0.01518881 0.01833533 0.00004558
v 0.01554480 0.01822785 0.00004558
v 0.01588340 0.01809387 0.00004558
v 0.01620520 0.01793410 0.00004558
v 0.01682834 0.01751761 0.00004558
v 0.01710393 0.01727765 0.00004558
v 0.01735847 0.01701616 0.00004558
v 0.01759892 0.01672356 0.00004558
v 0.01653250 0.01773477 0.00004558
v 0.01780637 0.01642229 0.00004558
v 0.01462675 0.01943332 0.00040192
v -0.01355985 0.02029545 0.00107164
v -0.01300000 0.02029813 0.00107164
v 0.01300000 0.01992836 0.00070187
v 0.01356747 0.01992553 0.00070187
v 0.01413368 0.01990627 0.00070187
v 0.01467821 0.01985858 0.00070187
v -0.01363729 0.02029420 0.00107164
v -0.01430238 0.02026589 0.00107164
v -0.01539223 0.02083011 0.01410000
v -0.01459925 0.02094511 0.01410000
v -0.01693839 0.02033760 0.02290000
v -0.01691908 0.02034634 0.02290000
v -0.01617549 0.02063036 0.02290000
v -0.01600143 0.02068301 0.02290000
v -0.01730223 0.02015800 0.02291305
v -0.01730104 0.02015574 0.02292588
v -0.01765096 0.01995227 0.02293827
v -0.01831897 0.01948969 0.02293827
v -0.01929120 0.01857193 0.02290823
v -0.01892974 0.01894938 0.02293827
v -0.02014477 0.01732718 0.02291310
v -0.02014253 0.01732598 0.02292588
v -0.01993552 0.01767839 0.02293827
v -0.01946890 0.01834565 0.02293827
v -0.02046006 0.01665108 0.02290650
v -0.02032832 0.01695161 0.02292441
v -0.02082394 0.01541892 0.02291305
v -0.02061894 0.01620838 0.02291313
v 0.01571729 0.02075857 0.01370000
v 0.01480695 0.02092246 0.00300000
v 0.01471280 0.02093333 0.00300000
v 0.01419258 0.02093064 0.00247906
v -0.01300000 0.02059808 0.00150000
v 0.01300000 0.02059808 0.00150000
v 0.01358071 0.02081615 0.00197394
v -0.02062953 -0.01617524 0.02291313
v -0.02048810 -0.01657159 0.02292462
v -0.02094172 -0.01459892 0.02292588
v -0.02082655 -0.01539152 0.02292588
v -0.02099659 -0.01300000 0.02292588
v -0.02098856 -0.01379999 0.02292588
v -0.02099511 0.01300000 0.02293090
v -0.02098840 0.01380642 0.02292588
v -0.02082144 0.01541841 0.02292588
v -0.02094025 0.01461385 0.02292588
v 0.01691908 -0.02034634 0.00300000
v 0.01673344 -0.02042668 0.00300000
v 0.01724716 -0.02018775 0.00300000
v 0.01774118 -0.01990547 0.00300000
v 0.01600143 -0.02068301 0.00300000
v 0.01613533 -0.02064295 0.00300000
v 0.01620247 -0.02062175 0.00300000
v 0.01498418 -0.02071633 0.00197394
v 0.01554281 -0.02061360 0.00197394
v 0.01612182 -0.02059942 0.00247906
v 0.01608174 -0.02047014 0.00197394
v 0.01495229 -0.02049764 0.00150000
v 0.01430238 -0.02026589 0.00107164
v 0.01490901 -0.02020083 0.00107164
v 0.01363052 -0.01992449 0.00070187
v 0.01427578 -0.01989708 0.00070187
v 0.01362268 -0.01949620 0.00040192
v -0.01923366 -0.01863805 0.01409921
v -0.01857193 -0.01929120 0.01409177
v -0.01949568 -0.01832367 0.01410000
v -0.01949568 -0.01832367 0.02290000
v -0.01973779 -0.01799528 0.02290000
v -0.01984065 -0.01784236 0.02290000
v -0.01995878 -0.01765492 0.02290000
v -0.02015875 -0.01730263 0.02290000
v -0.02033682 -0.01693804 0.02291305
v -0.02015800 -0.01730223 0.02291305
v 0.01852094 -0.01300000 0.00004558
v 0.01851827 -0.01354654 0.00004558
v 0.01852094 0.01300000 0.00004558
v 0.01850117 -0.01405288 0.00004558
v 0.01846135 -0.01450913 0.00004558
v 0.01544417 -0.01826152 0.00004558
v 0.01540101 -0.01827514 0.00004558
v 0.01504057 -0.01837101 0.00004558
v 0.01578282 -0.01813713 0.00004558
v 0.01839511 -0.01492666 0.00004558
v 0.01833533 -0.01518881 0.00004558
v 0.01465257 -0.01844224 0.00004558
v 0.01751761 -0.01682834 0.00004558
v 0.01727765 -0.01710393 0.00004558
v 0.01701616 -0.01735847 0.00004558
v 0.01672356 -0.01759892 0.00004558
v 0.01642229 -0.01780637 0.00004558
v 0.01610859 -0.01798562 0.00004558
v 0.01822785 -0.01554480 0.00004558
v 0.01809387 -0.01588340 0.00004558
v 0.01793410 -0.01620520 0.00004558
v 0.01773477 -0.01653250 0.00004558
v 0.01851844 0.01353460 0.00004558
v 0.01421089 -0.01899711 0.00018092
v 0.01502544 0.01889048 0.00018092
v 0.01511811 0.01935527 0.00040192
v 0.01899711 0.01421089 0.00018092
v 0.01902234 0.01361400 0.00018092
v 0.01902351 0.01354177 0.00018092
v 0.01843431 0.01634058 0.00018092
v 0.01860364 0.01597651 0.00018092
v 0.01874243 0.01559868 0.00018092
v 0.01875759 0.01555063 0.00018092
v 0.01886392 0.01515096 0.00018092
v 0.01894207 0.01472545 0.00018092
v 0.01531494 0.01882445 0.00018092
v 0.01571082 0.01870490 0.00018092
v 0.01608890 0.01855529 0.00018092
v 0.01644853 0.01837674 0.00018092
v 0.01681404 0.01815415 0.00018092
v 0.01714400 0.01791195 0.00018092
v 0.01745107 0.01764458 0.00018092
v 0.01773462 0.01735329 0.00018092
v 0.01800260 0.01702718 0.00018092
v 0.01823406 0.01669102 0.00018092
v 0.01520188 0.01977536 0.00070187
v 0.01300000 0.02029813 0.00107164
v 0.01357297 0.02029526 0.00107164
v 0.01415490 0.02027543 0.00107164
v 0.01472263 0.02022567 0.00107164
v 0.01527419 0.02013799 0.00107164
v -0.01539223 0.02083011 0.02290000
v -0.01502201 0.02089364 0.02290000
v -0.01459925 0.02094511 0.02290000
v -0.01300000 0.02100000 0.02290000
v -0.01396712 0.02098707 0.02290000
v -0.01693804 0.02033682 0.02291305
v -0.01657159 0.02048810 0.02292462
v -0.01617524 0.02062953 0.02291313
v -0.01539202 0.02082906 0.02291305
v -0.01693698 0.02033450 0.02292588
v -0.01693524 0.02033067 0.02293827
v -0.01764796 0.01994733 0.02295000
v -0.01693285 0.02032541 0.02295000
v -0.01831540 0.01948513 0.02295000
v -0.01892566 0.01894528 0.02295000
v -0.02032306 0.01696218 0.02292588
v -0.02031924 0.01696043 0.02293827
v -0.01946437 0.01834205 0.02295000
v -0.01993059 0.01767536 0.02295000
v -0.02061652 0.01620759 0.02292588
v 0.01580781 0.02073586 0.00300000
v 0.01635960 0.02056918 0.00300000
v 0.01541144 0.02082631 0.00300000
v 0.01480147 0.02087721 0.00247906
v 0.01418481 0.02079552 0.00197394
v 0.01357743 0.02059517 0.00150000
v -0.02049207 -0.01656035 0.02292588
v -0.02062711 -0.01617446 0.02292588
v -0.02033450 -0.01693698 0.02292588
v -0.02093753 -0.01459851 0.02293827
v -0.02082243 -0.01539071 0.02293827
v -0.02099511 -0.01300000 0.02293090
v -0.02098436 -0.01379988 0.02293827
v -0.02099239 0.01300000 0.02293827
v -0.02098420 0.01380630 0.02293827
v -0.02081732 0.01541759 0.02293827
v -0.02061252 0.01620630 0.02293827
v -0.02093607 0.01461343 0.02293827
v 0.01867232 -0.01920316 0.01370000
v 0.01784236 -0.01984065 0.00300000
v 0.01821369 -0.01958014 0.00300000
v 0.01671596 -0.02038459 0.00247906
v 0.01722623 -0.02014727 0.00247906
v 0.01771694 -0.01986688 0.00247906
v 0.01618853 -0.02057836 0.00247906
v 0.01549451 -0.02039794 0.00150000
v 0.01601627 -0.02025906 0.00150000
v 0.01614713 -0.02044950 0.00197394
v 0.01607953 -0.02023909 0.00150000
v 0.01542896 -0.02010524 0.00107164
v 0.01485565 -0.01983493 0.00070187
v 0.01534815 -0.01974441 0.00070187
v 0.01424497 -0.01946983 0.00040192
v 0.01479384 -0.01941105 0.00040192
v -0.01802441 -0.01971765 0.01409920
v -0.01920316 -0.01867232 0.02290000
v -0.01923367 -0.01863807 0.02290000
v -0.01895477 -0.01893511 0.01410000
v -0.01949502 -0.01832315 0.02291291
v -0.01995804 -0.01765447 0.02291310
v -0.01995587 -0.01765315 0.02292588
v -0.01949299 -0.01832156 0.02292588
v -0.02015574 -0.01730104 0.02292588
v 0.01902606 -0.01300000 0.00018092
v 0.01902333 -0.01355405 0.00018092
v 0.01902606 0.01300000 0.00018092
v 0.01900546 -0.01408188 0.00018092
v 0.01896281 -0.01456981 0.00018092
v 0.01889048 -0.01502544 0.00018092
v 0.01559868 -0.01874243 0.00018092
v 0.01555063 -0.01875759 0.00018092
v 0.01515096 -0.01886392 0.00018092
v 0.01472545 -0.01894207 0.00018092
v 0.01597651 -0.01860364 0.00018092
v 0.01882445 -0.01531494 0.00018092
v 0.01870490 -0.01571082 0.00018092
v 0.01791195 -0.01714400 0.00018092
v 0.01764458 -0.01745107 0.00018092
v 0.01735329 -0.01773462 0.00018092
v 0.01702718 -0.01800260 0.00018092
v 0.01669102 -0.01823406 0.00018092
v 0.01634058 -0.01843431 0.00018092
v 0.01855529 -0.01608890 0.00018092
v 0.01837674 -0.01644853 0.00018092
v 0.01815415 -0.01681404 0.00018092
v 0.01543327 0.01928337 0.00040192
v 0.01554023 0.01969817 0.00070187
v 0.01946983 0.01424497 0.00040192
v 0.01949620 0.01362268 0.00040192
v 0.01949740 0.01354851 0.00040192
v 0.01950000 0.01300000 0.00040192
v 0.01885531 0.01655825 0.00040192
v 0.01904135 0.01615825 0.00040192
v 0.01919365 0.01574364 0.00040192
v 0.01921026 0.01569102 0.00040192
v 0.01932640 0.01525453 0.00040192
v 0.01941105 0.01479384 0.00040192
v 0.01586659 0.01915251 0.00040192
v 0.01628171 0.01898824 0.00040192
v 0.01667685 0.01879206 0.00040192
v 0.01707820 0.01854764 0.00040192
v 0.01744017 0.01828195 0.00040192
v 0.01777678 0.01798886 0.00040192
v 0.01808755 0.01766962 0.00040192
v 0.01838137 0.01731206 0.00040192
v 0.01863537 0.01694316 0.00040192
v 0.01563256 0.02005623 0.00107164
v 0.01417212 0.02057488 0.00150000
v 0.01475866 0.02052344 0.00150000
v 0.01533284 0.02043214 0.00150000
v 0.01570745 0.02034667 0.00150000
v -0.01459917 0.02094426 0.02291305
v -0.01380006 0.02099111 0.02291305
v -0.01300000 0.02099877 0.02291564
v 0.01300000 0.02100000 0.02290000
v -0.01656035 0.02049207 0.02292588
v -0.01539152 0.02082655 0.02292588
v -0.01617446 0.02062711 0.02292588
v -0.01459892 0.02094172 0.02292588
v -0.01617319 0.02062310 0.02293827
v -0.01617145 0.02061759 0.02295000
v -0.01764419 0.01994112 0.02296088
v -0.01692984 0.02031879 0.02296088
v -0.01616925 0.02061066 0.02296088
v -0.01831092 0.01947942 0.02296088
v -0.01892053 0.01894013 0.02296088
v -0.02031398 0.01695802 0.02295000
v -0.01945867 0.01833754 0.02296088
v -0.01992440 0.01767156 0.02296088
v 0.01689195 0.02035850 0.00300000
v 0.01668078 0.02044829 0.00300000
v 0.01579643 0.02069173 0.00247906
v 0.01540252 0.02078161 0.00247906
v 0.01634462 0.02052613 0.00247906
v 0.01478521 0.02074284 0.00197394
v -0.02033067 -0.01693524 0.02293827
v -0.02062310 -0.01617319 0.02293827
v -0.02093178 -0.01459795 0.02295000
v -0.02081675 -0.01538960 0.02295000
v -0.02099239 -0.01300000 0.02293827
v -0.02097858 -0.01379972 0.02295000
v -0.02098910 0.01300000 0.02294540
v -0.02097842 0.01380614 0.02295000
v -0.02081164 0.01541645 0.02295000
v -0.02060702 0.01620453 0.02295000
v -0.02093031 0.01461286 0.02295000
v 0.01907850 -0.01880765 0.00300000
v 0.01867077 -0.01920455 0.00300000
v 0.01818629 -0.01954372 0.00247906
v 0.01864035 -0.01917061 0.00247906
v 0.01666406 -0.02025959 0.00197394
v 0.01716407 -0.02002704 0.00197394
v 0.01764493 -0.01975228 0.00197394
v 0.01810494 -0.01943555 0.00197394
v 0.01592743 -0.01997258 0.00107164
v 0.01598778 -0.01995352 0.00107164
v 0.01657932 -0.02005548 0.00150000
v 0.01646430 -0.01977847 0.00107164
v 0.01581790 -0.01961940 0.00070187
v 0.01525453 -0.01932640 0.00040192
v 0.01569102 -0.01921026 0.00040192
v -0.01665144 -0.02046004 0.01409554
v -0.01768237 -0.01994200 0.01410000
v -0.01768237 -0.01994200 0.02290000
v -0.01802435 -0.01971756 0.02290000
v -0.01835026 -0.01947471 0.01410000
v -0.01895477 -0.01893511 0.02290000
v -0.01895417 -0.01893452 0.02291291
v -0.01895235 -0.01893271 0.02292588
v -0.01835026 -0.01947471 0.02290000
v -0.01844833 -0.01939555 0.02290000
v -0.01995227 -0.01765096 0.02293827
v -0.01948969 -0.01831897 0.02293827
v 0.01950000 -0.01300000 0.00040192
v 0.01949722 -0.01356110 0.00040192
v 0.01947861 -0.01410909 0.00040192
v 0.01943332 -0.01462675 0.00040192
v 0.01935527 -0.01511811 0.00040192
v 0.01928337 -0.01543327 0.00040192
v 0.01574364 -0.01919365 0.00040192
v 0.01615825 -0.01904135 0.00040192
v 0.01915251 -0.01586659 0.00040192
v 0.01898824 -0.01628171 0.00040192
v 0.01828195 -0.01744017 0.00040192
v 0.01798886 -0.01777678 0.00040192
v 0.01766962 -0.01808755 0.00040192
v 0.01731206 -0.01838137 0.00040192
v 0.01694316 -0.01863537 0.00040192
v 0.01655825 -0.01885531 0.00040192
v 0.01879206 -0.01667685 0.00040192
v 0.01854764 -0.01707820 0.00040192
v 0.01600738 0.01955708 0.00070187
v 0.01612892 0.01990630 0.00107164
v 0.01989708 0.01427578 0.00070187
v 0.01992449 0.01363052 0.00070187
v 0.01992572 0.01355460 0.00070187
v 0.01992836 0.01300000 0.00070187
v 0.01923582 0.01675499 0.00070187
v 0.01943697 0.01632251 0.00070187
v 0.01960148 0.01587467 0.00070187
v 0.01961940 0.01581790 0.00070187
v 0.01974441 0.01534815 0.00070187
v 0.01983493 0.01485565 0.00070187
v 0.01645598 0.01937955 0.00070187
v 0.01688321 0.01916744 0.00070187
v 0.01731696 0.01890329 0.00070187
v 0.01770786 0.01861637 0.00070187
v 0.01807117 0.01830004 0.00070187
v 0.01840653 0.01795552 0.00070187
v 0.01872371 0.01756954 0.00070187
v 0.01899808 0.01717106 0.00070187
v 0.01622750 0.02018959 0.00150000
v 0.01537606 0.02064888 0.00197394
v 0.01576264 0.02056067 0.00197394
v 0.01630014 0.02039831 0.00197394
v -0.01379999 0.02098856 0.02292588
v -0.01300000 0.02099659 0.02292588
v 0.01300000 0.02099877 0.02291564
v 0.01343051 0.02099880 0.02290000
v -0.01539071 0.02082243 0.02293827
v -0.01459851 0.02093753 0.02293827
v -0.01538960 0.02081675 0.02295000
v -0.01538820 0.02080962 0.02296088
v -0.01763971 0.01993375 0.02297071
v -0.01692628 0.02031094 0.02297071
v -0.01616665 0.02060244 0.02297071
v -0.01538653 0.02080116 0.02297071
v -0.01830559 0.01947263 0.02297071
v -0.01891444 0.01893402 0.02297071
v -0.02030738 0.01695498 0.02296088
v -0.01945191 0.01833219 0.02297071
v -0.01991705 0.01766704 0.02297071
v 0.01759821 0.01999287 0.00300000
v 0.01791427 0.01979303 0.00300000
v 0.01739947 0.02010653 0.00300000
v 0.01687341 0.02031686 0.00247906
v -0.02032541 -0.01693285 0.02295000
v -0.02061759 -0.01617145 0.02295000
v -0.02092454 -0.01459725 0.02296088
v -0.02080962 -0.01538820 0.02296088
v -0.02098910 -0.01300000 0.02294540
v -0.02097131 -0.01379952 0.02296088
v -0.02098660 0.01300000 0.02295000
v -0.02097115 0.01380594 0.02296088
v -0.02098090 0.01300000 0.02295878
v -0.02080452 0.01541502 0.02296088
v -0.02060010 0.01620230 0.02296088
v -0.02092308 0.01461214 0.02296088
v 0.01939555 -0.01844833 0.00300000
v 0.01979303 -0.01791427 0.00300000
v 0.01945299 -0.01837754 0.00300000
v 0.01904539 -0.01877633 0.00247906
v 0.01855002 -0.01906982 0.00197394
v 0.01894707 -0.01868331 0.00197394
v 0.01706257 -0.01983072 0.00150000
v 0.01752735 -0.01956515 0.00150000
v 0.01797210 -0.01925893 0.00150000
v 0.01840251 -0.01890525 0.00150000
v 0.01587467 -0.01960148 0.00070187
v 0.01632251 -0.01943697 0.00070187
v 0.01692481 -0.01956429 0.00107164
v 0.01675499 -0.01923582 0.00070187
v -0.01732757 -0.02014549 0.01410000
v -0.01620864 -0.02061977 0.01410000
v -0.01759821 -0.01999287 0.02290000
v -0.01768193 -0.01994129 0.02291291
v -0.01768059 -0.01993910 0.02292588
v -0.01834826 -0.01947220 0.02292588
v -0.01834985 -0.01947420 0.02291299
v -0.01857193 -0.01929120 0.02290823
v -0.01894938 -0.01892974 0.02293827
v -0.01994733 -0.01764796 0.02295000
v -0.01948513 -0.01831540 0.02295000
v 0.01992836 -0.01300000 0.00070187
v 0.01992553 -0.01356747 0.00070187
v 0.01990627 -0.01413368 0.00070187
v 0.01985858 -0.01467821 0.00070187
v 0.01977536 -0.01520188 0.00070187
v 0.01969817 -0.01554023 0.00070187
v 0.01955708 -0.01600738 0.00070187
v 0.01937955 -0.01645598 0.00070187
v 0.01916744 -0.01688321 0.00070187
v 0.01861637 -0.01770786 0.00070187
v 0.01830004 -0.01807117 0.00070187
v 0.01795552 -0.01840653 0.00070187
v 0.01756954 -0.01872371 0.00070187
v 0.01717106 -0.01899808 0.00070187
v 0.01890329 -0.01731696 0.00070187
v 0.01660641 0.01971734 0.00107164
v 0.01672844 0.01999134 0.00150000
v 0.02026589 0.01430238 0.00107164
v 0.02029420 0.01363729 0.00107164
v 0.02029545 0.01355985 0.00107164
v 0.02029813 0.01300000 0.00107164
v 0.01956429 0.01692481 0.00107164
v 0.01977847 0.01646430 0.00107164
v 0.01995352 0.01598778 0.00107164
v 0.01997258 0.01592743 0.00107164
v 0.02010524 0.01542896 0.00107164
v 0.02020083 0.01490901 0.00107164
v 0.01706135 0.01949148 0.00107164
v 0.01752307 0.01921030 0.00107164
v 0.01793893 0.01890505 0.00107164
v 0.01832530 0.01856865 0.00107164
v 0.01868189 0.01820232 0.00107164
v 0.01901922 0.01779181 0.00107164
v 0.01931117 0.01736778 0.00107164
v 0.01681834 0.02019322 0.00197394
v 0.01380654 0.02099238 0.01410000
v 0.01461410 0.02094279 0.01408695
v -0.01379988 0.02098436 0.02293827
v -0.01300000 0.02099511 0.02293090
v 0.01300000 0.02099511 0.02293090
v 0.01380649 0.02099095 0.02291305
v 0.01380654 0.02099238 0.02290000
v -0.01459795 0.02093178 0.02295000
v -0.01459725 0.02092454 0.02296088
v -0.01459641 0.02091596 0.02297071
v -0.01763460 0.01992535 0.02297934
v -0.01692221 0.02030198 0.02297934
v -0.01616368 0.02059306 0.02297934
v -0.01538464 0.02079151 0.02297934
v -0.01459546 0.02090617 0.02297934
v -0.01829952 0.01946489 0.02297934
v -0.01890750 0.01892705 0.02297934
v -0.02029954 0.01695138 0.02297071
v -0.01944420 0.01832608 0.02297934
v -0.01990867 0.01766189 0.02297934
v 0.01920316 0.01867232 0.01370000
v 0.01844833 0.01939555 0.00300000
v 0.01880765 0.01907850 0.00300000
v 0.01837754 0.01945299 0.00300000
v 0.01788887 0.01975519 0.00247906
v 0.01737751 0.02006659 0.00247906
v -0.02031879 -0.01692984 0.02296088
v -0.02061066 -0.01616925 0.02296088
v -0.02091596 -0.01459641 0.02297071
v -0.02080116 -0.01538653 0.02297071
v -0.02098090 -0.01300000 0.02295878
v -0.02096269 -0.01379929 0.02297071
v -0.02096253 0.01380570 0.02297071
v -0.02097071 0.01300000 0.02297071
v -0.02097071 -0.01300000 0.02297071
v -0.02079606 0.01541333 0.02297071
v -0.02059189 0.01619965 0.02297071
v -0.02091450 0.01461129 0.02297071
v 0.01999287 -0.01759821 0.00300000
v 0.02010653 -0.01739947 0.00300000
v 0.02035850 -0.01689195 0.00300000
v 0.01941741 -0.01834906 0.00247906
v 0.01975519 -0.01788887 0.00247906
v 0.01931175 -0.01826448 0.00197394
v 0.01878653 -0.01853143 0.00150000
v 0.01913921 -0.01812637 0.00150000
v 0.01736778 -0.01931117 0.00107164
v 0.01779181 -0.01901922 0.00107164
v 0.01820232 -0.01868189 0.00107164
v 0.01856865 -0.01832530 0.00107164
v -0.01461410 -0.02094279 0.01408695
v -0.01668078 -0.02044829 0.02290000
v -0.01732757 -0.02014549 0.02290000
v -0.01571729 -0.02075857 0.02290000
v -0.01620864 -0.02061977 0.02290000
v -0.01732718 -0.02014477 0.02291310
v -0.01732598 -0.02014253 0.02292588
v -0.01767839 -0.01993552 0.02293827
v -0.01834565 -0.01946890 0.02293827
v -0.01894528 -0.01892566 0.02295000
v -0.01994112 -0.01764419 0.02296088
v -0.01947942 -0.01831092 0.02296088
v 0.02029813 -0.01300000 0.00107164
v 0.02029526 -0.01357297 0.00107164
v 0.02027543 -0.01415490 0.00107164
v 0.02022567 -0.01472263 0.00107164
v 0.02013799 -0.01527419 0.00107164
v 0.02005623 -0.01563256 0.00107164
v 0.01990630 -0.01612892 0.00107164
v 0.01971734 -0.01660641 0.00107164
v 0.01949148 -0.01706135 0.00107164
v 0.01921030 -0.01752307 0.00107164
v 0.01890505 -0.01793893 0.00107164
v 0.01720584 0.01975432 0.00150000
v 0.01731231 0.01994799 0.00197394
v 0.02056506 0.01432395 0.00150000
v 0.02059409 0.01364278 0.00150000
v 0.02059537 0.01356412 0.00150000
v 0.02059808 0.01300000 0.00150000
v 0.01983072 0.01706257 0.00150000
v 0.02005548 0.01657932 0.00150000
v 0.02023909 0.01607953 0.00150000
v 0.02025906 0.01601627 0.00150000
v 0.02039794 0.01549451 0.00150000
v 0.02049764 0.01495229 0.00150000
v 0.01769025 0.01945933 0.00150000
v 0.01812637 0.01913921 0.00150000
v 0.01853143 0.01878653 0.00150000
v 0.01890525 0.01840251 0.00150000
v 0.01925893 0.01797210 0.00150000
v 0.01956515 0.01752735 0.00150000
v 0.01541908 0.02082478 0.01410000
v -0.01379972 0.02097858 0.02295000
v -0.01300000 0.02099239 0.02293827
v 0.01300000 0.02099239 0.02293827
v 0.01380642 0.02098840 0.02292588
v 0.01461410 0.02094279 0.02291305
v 0.01471280 0.02093333 0.02290000
v -0.01379952 0.02097131 0.02296088
v -0.01379929 0.02096269 0.02297071
v -0.01691771 0.02029208 0.02298660
v -0.01762895 0.01991605 0.02298660
v -0.01616039 0.02058269 0.02298660
v -0.01538254 0.02078084 0.02298660
v -0.01459440 0.02089535 0.02298660
v -0.01379902 0.02095286 0.02297934
v -0.01829281 0.01945633 0.02298660
v -0.01889983 0.01891934 0.02298660
v -0.02029060 0.01694728 0.02297934
v -0.01943568 0.01831933 0.02298660
v -0.01989940 0.01765620 0.02298660
v 0.01958014 0.01821369 0.00300000
v 0.01920455 0.01867077 0.00300000
v 0.01877633 0.01904539 0.00247906
v 0.01834906 0.01941741 0.00247906
v 0.01781343 0.01964281 0.00197394
v -0.02031094 -0.01692628 0.02297071
v -0.02060244 -0.01616665 0.02297071
v -0.02090617 -0.01459546 0.02297934
v -0.02079151 -0.01538464 0.02297934
v -0.02095286 -0.01379902 0.02297934
v -0.02095270 0.01380543 0.02297934
v -0.02095878 0.01300000 0.02298090
v -0.02095878 -0.01300000 0.02298090
v -0.02078642 0.01541139 0.02297934
v -0.02058253 0.01619663 0.02297934
v -0.02090471 0.01461032 0.02297934
v 0.02075857 -0.01571729 0.01370000
v 0.02056918 -0.01635960 0.00300000
v 0.02044829 -0.01668078 0.00300000
v 0.02006659 -0.01737751 0.00247906
v 0.02031686 -0.01687341 0.00247906
v 0.01964281 -0.01781343 0.00197394
v 0.01994799 -0.01731231 0.00197394
v 0.01945933 -0.01769025 0.00150000
v -0.01541908 -0.02082478 0.01410000
v 0.01459925 -0.02094511 0.01410000
v -0.01380654 -0.02099238 0.01410000
v -0.01541908 -0.02082478 0.02290000
v -0.01665108 -0.02046006 0.02290650
v -0.01695161 -0.02032832 0.02292441
v -0.01541892 -0.02082394 0.02291305
v -0.01620838 -0.02061894 0.02291313
v -0.01696218 -0.02032306 0.02292588
v -0.01696043 -0.02031924 0.02293827
v -0.01834205 -0.01946437 0.02295000
v -0.01767536 -0.01993059 0.02295000
v -0.01894013 -0.01892053 0.02296088
v -0.01993375 -0.01763971 0.02297071
v -0.01947263 -0.01830559 0.02297071
v 0.02059808 -0.01300000 0.00150000
v 0.02059517 -0.01357743 0.00150000
v 0.02057488 -0.01417212 0.00150000
v 0.02052344 -0.01475866 0.00150000
v 0.02043214 -0.01533284 0.00150000
v 0.02034667 -0.01570745 0.00150000
v 0.02018959 -0.01622750 0.00150000
v 0.01999134 -0.01672844 0.00150000
v 0.01975432 -0.01720584 0.00150000
v 0.02078549 0.01433984 0.00197394
v 0.02081506 0.01364682 0.00197394
v 0.02081635 0.01356726 0.00197394
v 0.02081908 0.01300000 0.00197394
v 0.02002704 0.01716407 0.00197394
v 0.02025959 0.01666406 0.00197394
v 0.02044950 0.01614713 0.00197394
v 0.02047014 0.01608174 0.00197394
v 0.02061360 0.01554281 0.00197394
v 0.02071633 0.01498418 0.00197394
v 0.01826448 0.01931175 0.00197394
v 0.01868331 0.01894707 0.00197394
v 0.01906982 0.01855002 0.00197394
v 0.01943555 0.01810494 0.00197394
v 0.01975228 0.01764493 0.00197394
v 0.01665144 0.02046004 0.01409554
v 0.01620864 0.02061977 0.01410000
v 0.01541908 0.02082478 0.02290000
v 0.01571729 0.02075857 0.02290000
v -0.01300000 0.02098910 0.02294540
v 0.01300000 0.02098910 0.02294540
v 0.01380630 0.02098420 0.02293827
v 0.01461385 0.02094025 0.02292588
v 0.01541892 0.02082394 0.02291305
v 0.01541841 0.02082144 0.02292588
v -0.01300000 0.02098090 0.02295878
v -0.01300000 0.02097071 0.02297071
v -0.01691286 0.02028140 0.02299239
v -0.01615685 0.02057151 0.02299239
v -0.01762286 0.01990603 0.02299239
v -0.01538028 0.02076933 0.02299239
v -0.01459326 0.02088367 0.02299239
v -0.01379873 0.02094198 0.02298660
v -0.01300000 0.02095878 0.02298090
v -0.01828557 0.01944710 0.02299239
v -0.01889155 0.01891103 0.02299239
v -0.02028072 0.01694274 0.02298660
v -0.01942648 0.01831204 0.02299239
v -0.01988940 0.01765006 0.02299239
v 0.01990547 0.01774118 0.00300000
v 0.01984065 0.01784236 0.00300000
v 0.01954372 0.01818629 0.00247906
v 0.01917061 0.01864035 0.00247906
v -0.02030198 -0.01692221 0.02297934
v -0.02059306 -0.01616368 0.02297934
v -0.02089535 -0.01459440 0.02298660
v -0.02078084 -0.01538254 0.02298660
v -0.02094198 -0.01379873 0.02298660
v -0.02094182 0.01380513 0.02298660
v -0.02094540 0.01300000 0.02298910
v -0.02095000 -0.01300000 0.02298660
v -0.02077575 0.01540926 0.02298660
v -0.02057218 0.01619330 0.02298660
v -0.02089389 0.01460925 0.02298660
v 0.02073586 -0.01580781 0.00300000
v 0.02082631 -0.01541144 0.00300000
v 0.02092246 -0.01480695 0.00300000
v 0.02052613 -0.01634462 0.00247906
v 0.02069173 -0.01579643 0.00247906
v 0.02019322 -0.01681834 0.00197394
v 0.02039831 -0.01630014 0.00197394
v -0.01380654 -0.02099238 0.02290000
v -0.01471280 -0.02093333 0.02290000
v 0.01502201 -0.02089364 0.02290000
v 0.01459925 -0.02094511 0.02290000
v 0.01539223 -0.02083011 0.01410000
v 0.01539223 -0.02083011 0.02290000
v 0.01300000 -0.02100000 0.02290000
v 0.01396712 -0.02098707 0.02290000
v 0.01657159 -0.02048810 0.01407538
v -0.01343051 -0.02099880 0.02290000
v -0.01620759 -0.02061652 0.02292588
v -0.01461410 -0.02094279 0.02291305
v -0.01541841 -0.02082144 0.02292588
v -0.01695802 -0.02031398 0.02295000
v -0.01620630 -0.02061252 0.02293827
v -0.01833754 -0.01945867 0.02296088
v -0.01767156 -0.01992440 0.02296088
v -0.01893402 -0.01891444 0.02297071
v -0.01992535 -0.01763460 0.02297934
v -0.01946489 -0.01829952 0.02297934
v 0.02081908 -0.01300000 0.00197394
v 0.02081615 -0.01358071 0.00197394
v 0.02079552 -0.01418481 0.00197394
v 0.02074284 -0.01478521 0.00197394
v 0.02064888 -0.01537606 0.00197394
v 0.02056067 -0.01576264 0.00197394
v 0.02092048 0.01434958 0.00247906
v 0.02095038 0.01364930 0.00247906
v 0.02095168 0.01356918 0.00247906
v 0.02095442 0.01300000 0.00247906
v 0.02014727 0.01722623 0.00247906
v 0.02038459 0.01671596 0.00247906
v 0.02057836 0.01618853 0.00247906
v 0.02059942 0.01612182 0.00247906
v 0.02074567 0.01557238 0.00247906
v 0.02085025 0.01500371 0.00247906
v 0.01986688 0.01771694 0.00247906
v 0.01732757 0.02014549 0.01410000
v 0.01620864 0.02061977 0.02290000
v 0.01620838 0.02061894 0.02291313
v 0.01300000 0.02098660 0.02295000
v 0.01380614 0.02097842 0.02295000
v 0.01461343 0.02093607 0.02293827
v 0.01541759 0.02081732 0.02293827
v 0.01620759 0.02061652 0.02292588
v 0.01620630 0.02061252 0.02293827
v 0.01300000 0.02098090 0.02295878
v 0.01300000 0.02097071 0.02297071
v -0.01690773 0.02027012 0.02299659
v -0.01615311 0.02055970 0.02299659
v -0.01537789 0.02075718 0.02299659
v -0.01761642 0.01989544 0.02299659
v -0.01459206 0.02087134 0.02299659
v -0.01379841 0.02093025 0.02299239
v -0.01300000 0.02094540 0.02298910
v -0.01300000 0.02095000 0.02298660
v 0.01300000 0.02095878 0.02298090
v -0.01827793 0.01943735 0.02299659
v -0.01888281 0.01890226 0.02299659
v -0.02027006 0.01693785 0.02299239
v -0.01941677 0.01830435 0.02299659
v -0.01987885 0.01764358 0.02299659
v 0.02089364 0.01502201 0.01370000
v 0.02034634 0.01691908 0.00300000
v 0.02042668 0.01673344 0.00300000
v 0.02018775 0.01724716 0.00300000
v -0.02029208 -0.01691771 0.02298660
v -0.02058269 -0.01616039 0.02298660
v -0.02088367 -0.01459326 0.02299239
v -0.02076933 -0.01538028 0.02299239
v -0.02093025 -0.01379841 0.02299239
v -0.02094540 -0.01300000 0.02298910
v -0.02093009 0.01380481 0.02299239
v -0.02093827 0.01300000 0.02299239
v -0.02076425 0.01540695 0.02299239
v -0.02056101 0.01618970 0.02299239
v -0.02088221 0.01460809 0.02299239
v 0.02099880 -0.01343051 0.01370000
v 0.02093333 -0.01471280 0.00300000
v 0.02097614 -0.01419520 0.00300000
v 0.02078161 -0.01540252 0.00247906
v 0.02087721 -0.01480147 0.00247906
v -0.01380649 -0.02099095 0.02291305
v 0.01459917 -0.02094426 0.02291305
v 0.01539202 -0.02082906 0.02291305
v 0.01600143 -0.02068301 0.02290000
v 0.01617549 -0.02063036 0.01410000
v 0.01617549 -0.02063036 0.02290000
v -0.01300000 -0.02100000 0.02290000
v 0.01300000 -0.02099877 0.02291564
v 0.01380006 -0.02099111 0.02291305
v -0.01300000 -0.02099877 0.02291564
v -0.01380642 -0.02098840 0.02292588
v -0.01461385 -0.02094025 0.02292588
v -0.01541759 -0.02081732 0.02293827
v -0.01695498 -0.02030738 0.02296088
v -0.01620453 -0.02060702 0.02295000
v -0.01833219 -0.01945191 0.02297071
v -0.01766704 -0.01991705 0.02297071
v -0.01892705 -0.01890750 0.02297934
v -0.01991605 -0.01762895 0.02298660
v -0.01945633 -0.01829281 0.02298660
v 0.02095442 -0.01300000 0.00247906
v 0.02095148 -0.01358273 0.00247906
v 0.02093064 -0.01419258 0.00247906
v 0.02096594 0.01435286 0.00300000
v 0.02099595 0.01365014 0.00300000
v 0.02099725 0.01356983 0.00300000
v 0.02100000 0.01300000 0.00300000
v 0.02062175 0.01620247 0.00300000
v 0.02064295 0.01613533 0.00300000
v 0.02068301 0.01600143 0.00300000
v 0.02079014 0.01558235 0.00300000
v 0.02089535 0.01501029 0.00300000
v 0.01802441 0.01971765 0.01409920
v 0.01857193 0.01929120 0.01409177
v 0.01668078 0.02044829 0.02290000
v 0.01732757 0.02014549 0.02290000
v 0.01759821 0.01999287 0.02290000
v 0.01768237 0.01994200 0.01410000
v 0.01665108 0.02046006 0.02290650
v 0.01461286 0.02093031 0.02295000
v 0.01380594 0.02097115 0.02296088
v 0.01541645 0.02081164 0.02295000
v 0.01620453 0.02060702 0.02295000
v 0.01696043 0.02031924 0.02293827
v 0.01695161 0.02032832 0.02292441
v 0.01696218 0.02032306 0.02292588
v 0.01695802 0.02031398 0.02295000
v 0.01380570 0.02096253 0.02297071
v -0.01690242 0.02025844 0.02299914
v -0.01614924 0.02054747 0.02299914
v -0.01537541 0.02074459 0.02299914
v -0.01459082 0.02085857 0.02299914
v -0.01760976 0.01988448 0.02299914
v -0.01379807 0.02091787 0.02299659
v -0.01300000 0.02093827 0.02299239
v 0.01300000 0.02094540 0.02298910
v 0.01300000 0.02093827 0.02299239
v 0.01380543 0.02095270 0.02297934
v -0.01827001 0.01942726 0.02299914
v -0.01887376 0.01889317 0.02299914
v -0.02025880 0.01693268 0.02299659
v -0.01940671 0.01829638 0.02299914
v -0.01986792 0.01763686 0.02299914
v 0.02098707 0.01396712 0.01370000
v -0.02028140 -0.01691286 0.02299239
v -0.02057151 -0.01615685 0.02299239
v -0.02087134 -0.01459206 0.02299659
v -0.02075718 -0.01537789 0.02299659
v -0.02091787 -0.01379807 0.02299659
v -0.02093827 -0.01300000 0.02299239
v -0.02091771 0.01380447 0.02299659
v -0.02093090 0.01300000 0.02299511
v -0.02075211 0.01540451 0.02299659
v -0.02054922 0.01618590 0.02299659
v -0.02086989 0.01460687 0.02299659
v 0.02100000 -0.01300000 0.00300000
v 0.02099705 -0.01358340 0.00300000
v -0.01300000 -0.02099511 0.02293090
v 0.01459892 -0.02094172 0.02292588
v 0.01617524 -0.02062953 0.02291313
v 0.01539152 -0.02082655 0.02292588
v 0.01691908 -0.02034634 0.02290000
v 0.01657159 -0.02048810 0.02292462
v 0.01300000 -0.02099659 0.02292588
v 0.01379999 -0.02098856 0.02292588
v 0.01799529 -0.01973780 0.01409921
v 0.01765492 -0.01995878 0.01410000
v 0.01730263 -0.02015875 0.01410000
v 0.01693839 -0.02033760 0.01410000
v 0.01693839 -0.02033760 0.02290000
v -0.01300000 -0.02099239 0.02293827
v -0.01380630 -0.02098420 0.02293827
v -0.01461343 -0.02093607 0.02293827
v -0.01541645 -0.02081164 0.02295000
v -0.01695138 -0.02029954 0.02297071
v -0.01620230 -0.02060010 0.02296088
v -0.01832608 -0.01944420 0.02297934
v -0.01766189 -0.01990867 0.02297934
v -0.01891934 -0.01889983 0.02298660
v -0.01990603 -0.01762286 0.02299239
v -0.01944710 -0.01828557 0.02299239
v 0.01923366 0.01863805 0.01409921
v 0.01768237 0.01994200 0.02290000
v 0.01802435 0.01971756 0.02290000
v 0.01835026 0.01947471 0.01410000
v 0.01895477 0.01893511 0.01410000
v 0.01732718 0.02014477 0.02291310
v 0.01768193 0.01994129 0.02291291
v 0.01461214 0.02092308 0.02296088
v 0.01541502 0.02080452 0.02296088
v 0.01620230 0.02060010 0.02296088
v 0.01695498 0.02030738 0.02296088
v 0.01767536 0.01993059 0.02295000
v 0.01767839 0.01993552 0.02293827
v 0.01732598 0.02014253 0.02292588
v 0.01767156 0.01992440 0.02296088
v 0.01461129 0.02091450 0.02297071
v -0.01730789 0.02004256 0.02300000
v -0.01689703 0.02024656 0.02300000
v -0.01635537 0.02046466 0.02300000
v -0.01614529 0.02053503 0.02300000
v -0.01540961 0.02072448 0.02300000
v -0.01458955 0.02084558 0.02300000
v -0.01438796 0.02086295 0.02300000
v -0.01379772 0.02090505 0.02299914
v -0.01817045 0.01948750 0.02300000
v -0.01760298 0.01987332 0.02300000
v -0.01300000 0.02093090 0.02299511
v 0.01300000 0.02093090 0.02299511
v 0.01380513 0.02094182 0.02298660
v 0.01380481 0.02093009 0.02299239
v 0.01461032 0.02090471 0.02297934
v -0.01826196 0.01941699 0.02300000
v -0.01886454 0.01888392 0.02300000
v -0.02024714 0.01692732 0.02299914
v -0.01953680 0.01810476 0.02300000
v -0.01939648 0.01828828 0.02300000
v -0.02008779 0.01722278 0.02300000
v -0.01985680 0.01763003 0.02300000
v -0.02027012 -0.01690773 0.02299659
v -0.02055970 -0.01615311 0.02299659
v -0.02085857 -0.01459082 0.02299914
v -0.02074459 -0.01537541 0.02299914
v -0.02090505 -0.01379772 0.02299914
v -0.02093090 -0.01300000 0.02299511
v -0.02092588 0.01300000 0.02299659
v -0.02091564 0.01300000 0.02299877
v -0.02090489 0.01380411 0.02299914
v -0.02073953 0.01540199 0.02299914
v -0.02053701 0.01618196 0.02299914
v -0.02085712 0.01460561 0.02299914
v 0.01300000 -0.02099511 0.02293090
v 0.01459851 -0.02093753 0.02293827
v 0.01656035 -0.02049207 0.02292588
v 0.01617446 -0.02062711 0.02292588
v 0.01539071 -0.02082243 0.02293827
v 0.01693804 -0.02033682 0.02291305
v 0.01693698 -0.02033450 0.02292588
v 0.01379988 -0.02098436 0.02293827
v 0.01863805 -0.01923366 0.01409921
v 0.01832367 -0.01949568 0.01410000
v 0.01832367 -0.01949568 0.02290000
v 0.01799528 -0.01973779 0.02290000
v 0.01784236 -0.01984065 0.02290000
v 0.01765492 -0.01995878 0.02290000
v 0.01730263 -0.02015875 0.02290000
v 0.01730223 -0.02015800 0.02291305
v -0.01300000 -0.02098910 0.02294540
v 0.01300000 -0.02099239 0.02293827
v -0.01380614 -0.02097842 0.02295000
v -0.01461286 -0.02093031 0.02295000
v -0.01541502 -0.02080452 0.02296088
v -0.01694728 -0.02029060 0.02297934
v -0.01619965 -0.02059189 0.02297071
v -0.01831933 -0.01943568 0.02298660
v -0.01765620 -0.01989940 0.02298660
v -0.01891103 -0.01889155 0.02299239
v -0.01989544 -0.01761642 0.02299659
v -0.01943735 -0.01827793 0.02299659
v 0.01973780 0.01799529 0.01409921
v 0.01920316 0.01867232 0.02290000
v 0.01923367 0.01863807 0.02290000
v 0.01949568 0.01832367 0.01410000
v 0.01768059 0.01993910 0.02292588
v 0.01834826 0.01947220 0.02292588
v 0.01834985 0.01947420 0.02291299
v 0.01835026 0.01947471 0.02290000
v 0.01844833 0.01939555 0.02290000
v 0.01895477 0.01893511 0.02290000
v 0.01541333 0.02079606 0.02297071
v 0.01619965 0.02059189 0.02297071
v 0.01695138 0.02029954 0.02297071
v 0.01766704 0.01991705 0.02297071
v 0.01833754 0.01945867 0.02296088
v 0.01834205 0.01946437 0.02295000
v 0.01834565 0.01946890 0.02293827
v 0.01833219 0.01945191 0.02297071
v 0.01541139 0.02078642 0.02297934
v -0.01379737 0.02089200 0.02300000
v -0.01300000 0.02091564 0.02299877
v 0.01300000 0.02092588 0.02299659
v 0.01380447 0.02091771 0.02299659
v 0.01460925 0.02089389 0.02298660
v 0.01460809 0.02088221 0.02299239
v 0.01540926 0.02077575 0.02298660
v -0.02049076 0.01628016 0.02300000
v -0.02023528 0.01692188 0.02300000
v -0.02025844 -0.01690242 0.02299914
v -0.02054747 -0.01614924 0.02299914
v -0.02084558 -0.01458955 0.02300000
v -0.02086295 -0.01438796 0.02300000
v -0.02072448 -0.01540961 0.02300000
v -0.02089200 -0.01379737 0.02300000
v -0.02091564 -0.01300000 0.02299877
v -0.02090000 0.01300000 0.02300000
v -0.02090000 -0.01300000 0.02300000
v -0.02087318 0.01423702 0.02300000
v -0.02074949 0.01528092 0.02300000
v -0.02072673 0.01539943 0.02300000
v -0.02052459 0.01617796 0.02300000
v -0.02084413 0.01460432 0.02300000
v 0.01459795 -0.02093178 0.02295000
v 0.01693524 -0.02033067 0.02293827
v 0.01617319 -0.02062310 0.02293827
v 0.01538960 -0.02081675 0.02295000
v 0.01730104 -0.02015574 0.02292588
v 0.01379972 -0.02097858 0.02295000
v 0.01929120 -0.01857193 0.01409177
v 0.01867232 -0.01920316 0.02290000
v 0.01863807 -0.01923367 0.02290000
v 0.01832315 -0.01949502 0.02291291
v 0.01765447 -0.01995804 0.02291310
v 0.01765315 -0.01995587 0.02292588
v 0.01832156 -0.01949299 0.02292588
v -0.01300000 -0.02098660 0.02295000
v 0.01300000 -0.02098910 0.02294540
v -0.01380594 -0.02097115 0.02296088
v -0.01300000 -0.02098090 0.02295878
v -0.01461214 -0.02092308 0.02296088
v -0.01541333 -0.02079606 0.02297071
v -0.01694274 -0.02028072 0.02298660
v -0.01619663 -0.02058253 0.02297934
v -0.01831204 -0.01942648 0.02299239
v -0.01765006 -0.01988940 0.02299239
v -0.01890226 -0.01888281 0.02299659
v -0.01988448 -0.01760976 0.02299914
v -0.01942726 -0.01827001 0.02299914
v 0.02048810 0.01657159 0.01407538
v 0.01949568 0.01832367 0.02290000
v 0.01973779 0.01799528 0.02290000
v 0.01995878 0.01765492 0.01410000
v 0.02015875 0.01730263 0.01410000
v 0.01895417 0.01893452 0.02291291
v 0.01895235 0.01893271 0.02292588
v 0.01949299 0.01832156 0.02292588
v 0.01949502 0.01832315 0.02291291
v 0.01857193 0.01929120 0.02290823
v 0.01894938 0.01892974 0.02293827
v 0.01619663 0.02058253 0.02297934
v 0.01694728 0.02029060 0.02297934
v 0.01766189 0.01990867 0.02297934
v 0.01832608 0.01944420 0.02297934
v 0.01893402 0.01891444 0.02297071
v 0.01894013 0.01892053 0.02296088
v 0.01894528 0.01892566 0.02295000
v 0.01892705 0.01890750 0.02297934
v 0.01619330 0.02057218 0.02298660
v -0.01300000 0.02090000 0.02300000
v 0.01300000 0.02091564 0.02299877
v 0.01460687 0.02086989 0.02299659
v 0.01380411 0.02090489 0.02299914
v 0.01540695 0.02076425 0.02299239
v 0.01540451 0.02075211 0.02299659
v 0.01618970 0.02056101 0.02299239
v -0.02004256 -0.01730789 0.02300000
v -0.02024656 -0.01689703 0.02300000
v -0.02046466 -0.01635537 0.02300000
v -0.02053503 -0.01614529 0.02300000
v 0.01459725 -0.02092454 0.02296088
v 0.01765096 -0.01995227 0.02293827
v 0.01693285 -0.02032541 0.02295000
v 0.01617145 -0.02061759 0.02295000
v 0.01538820 -0.02080962 0.02296088
v 0.01379952 -0.02097131 0.02296088
v 0.01971765 -0.01802441 0.01409920
v 0.01893511 -0.01895477 0.01410000
v 0.01893511 -0.01895477 0.02290000
v 0.01893452 -0.01895417 0.02291291
v 0.01893271 -0.01895235 0.02292588
v 0.01831897 -0.01948969 0.02293827
v 0.01300000 -0.02098090 0.02295878
v -0.01380570 -0.02096253 0.02297071
v -0.01300000 -0.02097071 0.02297071
v 0.01300000 -0.02097071 0.02297071
v -0.01461129 -0.02091450 0.02297071
v -0.01541139 -0.02078642 0.02297934
v -0.01693785 -0.02027006 0.02299239
v -0.01619330 -0.02057218 0.02298660
v -0.01830435 -0.01941677 0.02299659
v -0.01764358 -0.01987885 0.02299659
v -0.01889317 -0.01887376 0.02299914
v -0.01948750 -0.01817045 0.02300000
v -0.01987332 -0.01760298 0.02300000
v -0.01941699 -0.01826196 0.02300000
v 0.02033760 0.01693839 0.01410000
v 0.02063036 0.01617549 0.01410000
v 0.01984065 0.01784236 0.02290000
v 0.01995804 0.01765447 0.02291310
v 0.01995587 0.01765315 0.02292588
v 0.01995878 0.01765492 0.02290000
v 0.02015875 0.01730263 0.02290000
v 0.01948969 0.01831897 0.02293827
v 0.01995227 0.01765096 0.02293827
v 0.01948513 0.01831540 0.02295000
v 0.01694274 0.02028072 0.02298660
v 0.01765620 0.01989940 0.02298660
v 0.01831933 0.01943568 0.02298660
v 0.01891934 0.01889983 0.02298660
v 0.01946489 0.01829952 0.02297934
v 0.01947263 0.01830559 0.02297071
v 0.01947942 0.01831092 0.02296088
v 0.01945633 0.01829281 0.02298660
v 0.01693785 0.02027006 0.02299239
v 0.01300000 0.02090000 0.02300000
v 0.01460561 0.02085712 0.02299914
v 0.01540199 0.02073953 0.02299914
v 0.01423702 0.02087318 0.02300000
v 0.01618590 0.02054922 0.02299659
v 0.01618196 0.02053701 0.02299914
v 0.01693268 0.02025880 0.02299659
v 0.01459641 -0.02091596 0.02297071
v 0.01764796 -0.01994733 0.02295000
v 0.01692984 -0.02031879 0.02296088
v 0.01616925 -0.02061066 0.02296088
v 0.01538653 -0.02080116 0.02297071
v 0.01379929 -0.02096269 0.02297071
v 0.01994200 -0.01768237 0.01410000
v 0.01994200 -0.01768237 0.02290000
v 0.01971756 -0.01802435 0.02290000
v 0.01947471 -0.01835026 0.01410000
v 0.01947471 -0.01835026 0.02290000
v 0.01939555 -0.01844833 0.02290000
v 0.01929120 -0.01857193 0.02290823
v 0.01947220 -0.01834826 0.02292588
v 0.01892974 -0.01894938 0.02293827
v 0.01831540 -0.01948513 0.02295000
v -0.01380543 -0.02095270 0.02297934
v -0.01300000 -0.02095878 0.02298090
v 0.01300000 -0.02095878 0.02298090
v 0.01379902 -0.02095286 0.02297934
v -0.01461032 -0.02090471 0.02297934
v -0.01540926 -0.02077575 0.02298660
v -0.01693268 -0.02025880 0.02299659
v -0.01618970 -0.02056101 0.02299239
v -0.01829638 -0.01940671 0.02299914
v -0.01763686 -0.01986792 0.02299914
v -0.01888392 -0.01886454 0.02300000
v 0.02083011 0.01539223 0.01410000
v 0.02094511 0.01459925 0.01410000
v 0.02033760 0.01693839 0.02290000
v 0.02034634 0.01691908 0.02290000
v 0.02063036 0.01617549 0.02290000
v 0.02068301 0.01600143 0.02290000
v 0.02015800 0.01730223 0.02291305
v 0.02015574 0.01730104 0.02292588
v 0.01994733 0.01764796 0.02295000
v 0.02033067 0.01693524 0.02293827
v 0.02032541 0.01693285 0.02295000
v 0.01994112 0.01764419 0.02296088
v 0.01765006 0.01988940 0.02299239
v 0.01831204 0.01942648 0.02299239
v 0.01891103 0.01889155 0.02299239
v 0.01944710 0.01828557 0.02299239
v 0.01991605 0.01762895 0.02298660
v 0.01992535 0.01763460 0.02297934
v 0.01993375 0.01763971 0.02297071
v 0.01990603 0.01762286 0.02299239
v 0.01764358 0.01987885 0.02299659
v 0.01460432 0.02084413 0.02300000
v 0.01528092 0.02074949 0.02300000
v 0.01539943 0.02072673 0.02300000
v 0.01617796 0.02052459 0.02300000
v 0.01692732 0.02024714 0.02299914
v 0.01628016 0.02049076 0.02300000
v 0.01763686 0.01986792 0.02299914
v 0.01459546 -0.02090617 0.02297934
v 0.01764419 -0.01994112 0.02296088
v 0.01692628 -0.02031094 0.02297071
v 0.01616665 -0.02060244 0.02297071
v 0.01538464 -0.02079151 0.02297934
v 0.02046004 -0.01665144 0.01409554
v 0.02014549 -0.01732757 0.01410000
v 0.01999287 -0.01759821 0.02290000
v 0.01994129 -0.01768193 0.02291291
v 0.01993910 -0.01768059 0.02292588
v 0.01947420 -0.01834985 0.02291299
v 0.01946890 -0.01834565 0.02293827
v 0.01892566 -0.01894528 0.02295000
v 0.01831092 -0.01947942 0.02296088
v -0.01380513 -0.02094182 0.02298660
v -0.01300000 -0.02094540 0.02298910
v 0.01300000 -0.02095000 0.02298660
v 0.01379873 -0.02094198 0.02298660
v 0.01459440 -0.02089535 0.02298660
v -0.01460925 -0.02089389 0.02298660
v -0.01540695 -0.02076425 0.02299239
v -0.01692732 -0.02024714 0.02299914
v -0.01618590 -0.02054922 0.02299659
v -0.01810476 -0.01953680 0.02300000
v -0.01828828 -0.01939648 0.02300000
v -0.01722278 -0.02008779 0.02300000
v -0.01763003 -0.01985680 0.02300000
v 0.02083011 0.01539223 0.02290000
v 0.02089364 0.01502201 0.02290000
v 0.02094511 0.01459925 0.02290000
v 0.02100000 0.01300000 0.02290000
v 0.02098707 0.01396712 0.02290000
v 0.02033682 0.01693804 0.02291305
v 0.02048810 0.01657159 0.02292462
v 0.02062953 0.01617524 0.02291313
v 0.02082906 0.01539202 0.02291305
v 0.02033450 0.01693698 0.02292588
v 0.02031879 0.01692984 0.02296088
v 0.02049207 0.01656035 0.02292588
v 0.02062310 0.01617319 0.02293827
v 0.02061759 0.01617145 0.02295000
v 0.02061066 0.01616925 0.02296088
v 0.02031094 0.01692628 0.02297071
v 0.01830435 0.01941677 0.02299659
v 0.01890226 0.01888281 0.02299659
v 0.01943735 0.01827793 0.02299659
v 0.01989544 0.01761642 0.02299659
v 0.02028140 0.01691286 0.02299239
v 0.02029208 0.01691771 0.02298660
v 0.02030198 0.01692221 0.02297934
v 0.02027012 0.01690773 0.02299659
v 0.01829638 0.01940671 0.02299914
v 0.01692188 0.02023528 0.02300000
v 0.01722278 0.02008779 0.02300000
v 0.01763003 0.01985680 0.02300000
v 0.01810476 0.01953680 0.02300000
v 0.01763971 -0.01993375 0.02297071
v 0.01692221 -0.02030198 0.02297934
v 0.01616368 -0.02059306 0.02297934
v 0.01538254 -0.02078084 0.02298660
v 0.02061977 -0.01620864 0.01410000
v 0.02044829 -0.01668078 0.02290000
v 0.02014549 -0.01732757 0.02290000
v 0.02014477 -0.01732718 0.02291310
v 0.02014253 -0.01732598 0.02292588
v 0.01993552 -0.01767839 0.02293827
v 0.01946437 -0.01834205 0.02295000
v 0.01892053 -0.01894013 0.02296088
v 0.01830559 -0.01947263 0.02297071
v -0.01380481 -0.02093009 0.02299239
v -0.01300000 -0.02093827 0.02299239
v 0.01300000 -0.02094540 0.02298910
v 0.01379841 -0.02093025 0.02299239
v 0.01459326 -0.02088367 0.02299239
v -0.01460809 -0.02088221 0.02299239
v -0.01540451 -0.02075211 0.02299659
v -0.01628016 -0.02049076 0.02300000
v -0.01692188 -0.02023528 0.02300000
v -0.01618196 -0.02053701 0.02299914
v 0.02094426 0.01459917 0.02291305
v 0.02100000 -0.01300000 0.02290000
v 0.02099877 0.01300000 0.02291564
v 0.02099111 0.01380006 0.02291305
v 0.02082655 0.01539152 0.02292588
v 0.02062711 0.01617446 0.02292588
v 0.02094172 0.01459892 0.02292588
v 0.02060244 0.01616665 0.02297071
v 0.02081675 0.01538960 0.02295000
v 0.02082243 0.01539071 0.02293827
v 0.02080962 0.01538820 0.02296088
v 0.02080116 0.01538653 0.02297071
v 0.02059306 0.01616368 0.02297934
v 0.01889317 0.01887376 0.02299914
v 0.01942726 0.01827001 0.02299914
v 0.01988448 0.01760976 0.02299914
v 0.02025844 0.01690242 0.02299914
v 0.02057151 0.01615685 0.02299239
v 0.02055970 0.01615311 0.02299659
v 0.02058269 0.01616039 0.02298660
v 0.02054747 0.01614924 0.02299914
v 0.01828828 0.01939648 0.02300000
v 0.01888392 0.01886454 0.02300000
v 0.01763460 -0.01992535 0.02297934
v 0.01691771 -0.02029208 0.02298660
v 0.01616039 -0.02058269 0.02298660
v 0.01538028 -0.02076933 0.02299239
v 0.02075857 -0.01571729 0.02290000
v 0.02061977 -0.01620864 0.02290000
v 0.02046006 -0.01665108 0.02290650
v 0.02032832 -0.01695161 0.02292441
v 0.02032306 -0.01696218 0.02292588
v 0.02031924 -0.01696043 0.02293827
v 0.01993059 -0.01767536 0.02295000
v 0.01945867 -0.01833754 0.02296088
v 0.01891444 -0.01893402 0.02297071
v 0.01829952 -0.01946489 0.02297934
v -0.01380447 -0.02091771 0.02299659
v -0.01300000 -0.02093090 0.02299511
v 0.01300000 -0.02093827 0.02299239
v 0.01379807 -0.02091787 0.02299659
v 0.01459206 -0.02087134 0.02299659
v -0.01460687 -0.02086989 0.02299659
v -0.01540199 -0.02073953 0.02299914
v -0.01617796 -0.02052459 0.02300000
v 0.02099877 -0.01300000 0.02291564
v 0.02099880 -0.01343051 0.02290000
v 0.02099659 0.01300000 0.02292588
v 0.02098856 0.01379999 0.02292588
v 0.02093753 0.01459851 0.02293827
v 0.02079151 0.01538464 0.02297934
v 0.02092454 0.01459725 0.02296088
v 0.02093178 0.01459795 0.02295000
v 0.02091596 0.01459641 0.02297071
v 0.02090617 0.01459546 0.02297934
v 0.02078084 0.01538254 0.02298660
v 0.01941699 0.01826196 0.02300000
v 0.01948750 0.01817045 0.02300000
v 0.01987332 0.01760298 0.02300000
v 0.02004256 0.01730789 0.02300000
v 0.02024656 0.01689703 0.02300000
v 0.02046466 0.01635537 0.02300000
v 0.02075718 0.01537789 0.02299659
v 0.02076933 0.01538028 0.02299239
v 0.02074459 0.01537541 0.02299914
v 0.02053503 0.01614529 0.02300000
v 0.02072448 0.01540961 0.02300000
v 0.01762895 -0.01991605 0.02298660
v 0.01691286 -0.02028140 0.02299239
v 0.01615685 -0.02057151 0.02299239
v 0.01537789 -0.02075718 0.02299659
v 0.02094279 -0.01461410 0.01408695
v 0.02082478 -0.01541908 0.01410000
v 0.02082478 -0.01541908 0.02290000
v 0.02082394 -0.01541892 0.02291305
v 0.02061894 -0.01620838 0.02291313
v 0.02061652 -0.01620759 0.02292588
v 0.02031398 -0.01695802 0.02295000
v 0.02061252 -0.01620630 0.02293827
v 0.01992440 -0.01767156 0.02296088
v 0.01945191 -0.01833219 0.02297071
v 0.01890750 -0.01892705 0.02297934
v 0.01829281 -0.01945633 0.02298660
v -0.01300000 -0.02092588 0.02299659
v -0.01300000 -0.02091564 0.02299877
v -0.01380411 -0.02090489 0.02299914
v 0.01300000 -0.02093090 0.02299511
v 0.01379772 -0.02090505 0.02299914
v 0.01459082 -0.02085857 0.02299914
v -0.01460561 -0.02085712 0.02299914
v -0.01528092 -0.02074949 0.02300000
v -0.01539943 -0.02072673 0.02300000
v 0.02099238 -0.01380654 0.01410000
v 0.02099511 -0.01300000 0.02293090
v 0.02099095 -0.01380649 0.02291305
v 0.02099238 -0.01380654 0.02290000
v 0.02099511 0.01300000 0.02293090
v 0.02098436 0.01379988 0.02293827
v 0.02089535 0.01459440 0.02298660
v 0.02097858 0.01379972 0.02295000
v 0.02097131 0.01379952 0.02296088
v 0.02096269 0.01379929 0.02297071
v 0.02095286 0.01379902 0.02297934
v 0.02088367 0.01459326 0.02299239
v 0.02085857 0.01459082 0.02299914
v 0.02087134 0.01459206 0.02299659
v 0.02084558 0.01458955 0.02300000
v 0.01762286 -0.01990603 0.02299239
v 0.01690773 -0.02027012 0.02299659
v 0.01615311 -0.02055970 0.02299659
v 0.01537541 -0.02074459 0.02299914
v 0.02093333 -0.01471280 0.02290000
v 0.02094279 -0.01461410 0.02291305
v 0.02082144 -0.01541841 0.02292588
v 0.02030738 -0.01695498 0.02296088
v 0.02060702 -0.01620453 0.02295000
v 0.02081732 -0.01541759 0.02293827
v 0.01991705 -0.01766704 0.02297071
v 0.01944420 -0.01832608 0.02297934
v 0.01889983 -0.01891934 0.02298660
v 0.01828557 -0.01944710 0.02299239
v 0.01300000 -0.02091564 0.02299877
v -0.01300000 -0.02090000 0.02300000
v 0.01300000 -0.02090000 0.02300000
v -0.01423702 -0.02087318 0.02300000
v 0.01379737 -0.02089200 0.02300000
v 0.01438796 -0.02086295 0.02300000
v 0.01458955 -0.02084558 0.02300000
v -0.01460432 -0.02084413 0.02300000
v 0.02098840 -0.01380642 0.02292588
v 0.02099239 -0.01300000 0.02293827
v 0.02099239 0.01300000 0.02293827
v 0.02094198 0.01379873 0.02298660
v 0.02098910 0.01300000 0.02294540
v 0.02098090 0.01300000 0.02295878
v 0.02097071 0.01300000 0.02297071
v 0.02095878 0.01300000 0.02298090
v 0.02093025 0.01379841 0.02299239
v 0.02086295 0.01438796 0.02300000
v 0.02091787 0.01379807 0.02299659
v 0.02090505 0.01379772 0.02299914
v 0.01761642 -0.01989544 0.02299659
v 0.01690242 -0.02025844 0.02299914
v 0.01614924 -0.02054747 0.02299914
v 0.01540961 -0.02072448 0.02300000
v 0.02094025 -0.01461385 0.02292588
v 0.02029954 -0.01695138 0.02297071
v 0.02060010 -0.01620230 0.02296088
v 0.02081164 -0.01541645 0.02295000
v 0.02093607 -0.01461343 0.02293827
v 0.01990867 -0.01766189 0.02297934
v 0.01943568 -0.01831933 0.02298660
v 0.01889155 -0.01891103 0.02299239
v 0.01827793 -0.01943735 0.02299659
v 0.02098420 -0.01380630 0.02293827
v 0.02098910 -0.01300000 0.02294540
v 0.02094540 0.01300000 0.02298910
v 0.02095000 0.01300000 0.02298660
v 0.02098660 -0.01300000 0.02295000
v 0.02098090 -0.01300000 0.02295878
v 0.02097071 -0.01300000 0.02297071
v 0.02095878 -0.01300000 0.02298090
v 0.02093827 0.01300000 0.02299239
v 0.02089200 0.01379737 0.02300000
v 0.02093090 0.01300000 0.02299511
v 0.02091564 0.01300000 0.02299877
v 0.01760976 -0.01988448 0.02299914
v 0.01730789 -0.02004256 0.02300000
v 0.01689703 -0.02024656 0.02300000
v 0.01635537 -0.02046466 0.02300000
v 0.01614529 -0.02053503 0.02300000
v 0.02029060 -0.01694728 0.02297934
v 0.02059189 -0.01619965 0.02297071
v 0.02080452 -0.01541502 0.02296088
v 0.02093031 -0.01461286 0.02295000
v 0.02097842 -0.01380614 0.02295000
v 0.01989940 -0.01765620 0.02298660
v 0.01942648 -0.01831204 0.02299239
v 0.01888281 -0.01890226 0.02299659
v 0.01827001 -0.01942726 0.02299914
v 0.02094540 -0.01300000 0.02298910
v 0.02093827 -0.01300000 0.02299239
v 0.02097115 -0.01380594 0.02296088
v 0.02096253 -0.01380570 0.02297071
v 0.02095270 -0.01380543 0.02297934
v 0.02093090 -0.01300000 0.02299511
v 0.02090000 0.01300000 0.02300000
v 0.02092588 -0.01300000 0.02299659
v 0.02091564 -0.01300000 0.02299877
v 0.02090000 -0.01300000 0.02300000
v 0.01817045 -0.01948750 0.02300000
v 0.01760298 -0.01987332 0.02300000
v 0.02028072 -0.01694274 0.02298660
v 0.02058253 -0.01619663 0.02297934
v 0.02079606 -0.01541333 0.02297071
v 0.02092308 -0.01461214 0.02296088
v 0.01988940 -0.01765006 0.02299239
v 0.01941677 -0.01830435 0.02299659
v 0.01887376 -0.01889317 0.02299914
v 0.01826196 -0.01941699 0.02300000
v 0.02094182 -0.01380513 0.02298660
v 0.02093009 -0.01380481 0.02299239
v 0.02091450 -0.01461129 0.02297071
v 0.02090471 -0.01461032 0.02297934
v 0.02091771 -0.01380447 0.02299659
v 0.02090489 -0.01380411 0.02299914
v 0.02087318 -0.01423702 0.02300000
v 0.02074949 -0.01528092 0.02300000
v 0.02084413 -0.01460432 0.02300000
v 0.02027006 -0.01693785 0.02299239
v 0.02057218 -0.01619330 0.02298660
v 0.02078642 -0.01541139 0.02297934
v 0.01987885 -0.01764358 0.02299659
v 0.01940671 -0.01829638 0.02299914
v 0.01886454 -0.01888392 0.02300000
v 0.02089389 -0.01460925 0.02298660
v 0.02088221 -0.01460809 0.02299239
v 0.02077575 -0.01540926 0.02298660
v 0.02086989 -0.01460687 0.02299659
v 0.02085712 -0.01460561 0.02299914
v 0.02023528 -0.01692188 0.02300000
v 0.02049076 -0.01628016 0.02300000
v 0.02052459 -0.01617796 0.02300000
v 0.02072673 -0.01539943 0.02300000
v 0.02073953 -0.01540199 0.02299914
v 0.02025880 -0.01693268 0.02299659
v 0.02056101 -0.01618970 0.02299239
v 0.01986792 -0.01763686 0.02299914
v 0.01953680 -0.01810476 0.02300000
v 0.01939648 -0.01828828 0.02300000
v 0.02076425 -0.01540695 0.02299239
v 0.02075211 -0.01540451 0.02299659
v 0.02008779 -0.01722278 0.02300000
v 0.02024714 -0.01692732 0.02299914
v 0.02053701 -0.01618196 0.02299914
v 0.02054922 -0.01618590 0.02299659
v 0.01985680 -0.01763003 0.02300000
f 1554 1514 1907
f 1567 1512 1566
f 2050 1567 2001
f 1740 1802 1804
f 1804 1802 1672
f 146 572 506
f 182 220 148
f 50 61 51
f 1046 1050 188
f 188 935 1046
f 1046 935 1050
f 100 124 96
f 96 124 97
f 156 192 193
f 97 124 98
f 60 589 52
f 589 49 52
f 52 590 591
f 52 49 590
f 78 81 99
f 51 61 62
f 62 52 51
f 1341 1431 1342
f 1566 1512 1511
f 1028 1030 1132
f 274 228 273
f 1325 1412 599
f 1478 1394 1476
f 1393 1394 1478
f 2001 1567 1486
f 1486 1567 1566
f 1488 1567 2047
f 2047 2050 1488
f 1567 2050 2047
f 1028 1132 1027
f 1027 1776 1028
f 1866 1925 1918
f 2165 2166 2172
f 1402 1403 1316
f 1865 1925 1866
f 1976 1977 1968
f 1968 1977 2011
f 2011 1969 1968
f 1756 1809 1753
f 1809 1756 1812
f 1812 1865 1809
f 1968 1969 1921
f 1921 1922 1867
f 1514 1554 1515
f 1515 1554 1907
f 1907 1958 1515
f 1458 1540 1459
f 577 1099 580
f 636 641 737
f 547 489 550
f 737 641 757
f 295 293 335
f 393 337 295
f 295 335 393
f 92 74 73
f 71 74 92
f 295 337 338
f 338 296 295
f 295 296 260
f 219 264 220
f 263 264 219
f 148 220 183
f 120 150 119
f 120 118 148
f 148 183 120
f 120 183 150
f 120 119 93
f 119 150 149
f 184 176 144
f 144 149 184
f 341 340 398
f 36 35 48
f 24 4 48
f 48 35 24
f 19 48 20
f 48 21 20
f 22 21 48
f 5 22 34
f 34 22 48
f 178 218 180
f 180 146 506
f 570 146 145
f 148 118 117
f 504 568 562
f 911 1118 1019
f 592 589 60
f 1018 911 1019
f 1 50 2
f 37 50 51
f 61 50 53
f 64 61 53
f 541 608 536
f 313 275 277
f 100 96 77
f 77 99 100
f 78 99 77
f 705 97 706
f 705 96 97
f 278 233 232
f 232 233 193
f 122 98 125
f 125 98 124
f 703 98 826
f 703 704 97
f 97 98 703
f 541 536 538
f 523 591 51
f 51 52 523
f 523 52 591
f 76 81 78
f 76 75 81
f 1342 1431 1432
f 1513 1431 1512
f 1490 1432 1513
f 1513 1432 1431
f 1513 1487 1490
f 1488 1487 1513
f 1513 1567 1488
f 1512 1567 1513
f 1342 1432 1343
f 1340 1341 1253
f 1340 1339 1429
f 708 830 709
f 1252 1340 1253
f 1252 1251 1339
f 1339 1340 1252
f 715 833 834
f 188 228 187
f 187 228 224
f 187 935 188
f 224 228 271
f 228 274 271
f 190 156 193
f 193 191 190
f 154 156 190
f 273 228 227
f 227 228 188
f 226 1241 1143
f 312 353 310
f 526 528 601
f 1028 1651 921
f 921 1030 1028
f 926 810 814
f 811 810 926
f 1308 1394 1393
f 1476 1394 1308
f 1702 1700 1633
f 1633 1700 1632
f 1632 1557 1633
f 580 1099 1195
f 1211 1679 1596
f 1740 1300 1739
f 1500 1498 1574
f 1650 1651 1028
f 1028 1776 919
f 2069 2102 2127
f 1775 1829 1831
f 1402 1983 1936
f 2032 2102 2069
f 2056 2055 2008
f 1975 2020 2021
f 1967 1925 1974
f 1923 1972 1974
f 1913 1917 1914
f 1962 1925 1967
f 1962 1918 1925
f 1965 1917 1962
f 1913 1918 1962
f 1962 1917 1913
f 2095 2120 2094
f 2141 2095 2118
f 2120 2095 2141
f 2183 2182 2191
f 2167 2182 2183
f 2161 2174 2160
f 2160 2144 2161
f 2143 2144 2160
f 2159 2160 2174
f 2156 2140 2159
f 2143 2160 2159
f 2163 2174 2161
f 2179 2189 2190
f 2190 2186 2179
f 2179 2178 2177
f 2177 2189 2179
f 2155 2171 2170
f 2155 2156 2171
f 2135 2156 2155
f 1913 1855 1859
f 1859 1918 1913
f 1866 1918 1859
f 1859 1811 1866
f 1969 2011 2012
f 1862 1812 1808
f 1808 1812 1756
f 1807 1862 1808
f 1808 1756 1807
f 1864 1812 1867
f 1865 1812 1864
f 1867 1923 1864
f 1925 1865 1864
f 1968 1921 1920
f 1920 1921 1862
f 1920 1919 1968
f 1863 1812 1862
f 1862 1921 1863
f 1867 1812 1863
f 1863 1921 1867
f 2008 2055 2006
f 2006 2007 1965
f 1905 1904 1955
f 1514 1849 1905
f 1907 1514 1905
f 1905 1955 1907
f 1955 1904 1961
f 1907 1955 1961
f 1753 1809 1810
f 1810 1811 1753
f 1866 1811 1810
f 1809 1865 1810
f 1810 1865 1866
f 1516 1906 1517
f 1436 1515 1516
f 1516 1958 1906
f 1516 1515 1958
f 1761 1814 1817
f 1615 1690 1544
f 771 330 331
f 336 335 294
f 294 335 293
f 881 330 771
f 1615 1689 1758
f 1758 1690 1615
f 501 446 442
f 736 636 737
f 383 442 446
f 443 495 491
f 502 446 501
f 646 680 647
f 510 577 580
f 512 511 582
f 584 680 585
f 680 646 585
f 647 680 765
f 677 764 765
f 762 757 641
f 647 765 643
f 643 765 764
f 640 639 760
f 641 636 640
f 548 638 549
f 256 294 293
f 459 521 522
f 394 335 336
f 394 393 335
f 394 457 393
f 48 4 524
f 59 524 596
f 48 524 59
f 59 71 48
f 59 74 71
f 144 92 116
f 116 149 144
f 119 149 116
f 116 95 93
f 93 119 116
f 73 95 116
f 116 92 73
f 217 260 296
f 217 218 178
f 259 260 215
f 259 293 295
f 295 260 259
f 297 340 298
f 263 219 298
f 339 340 297
f 297 338 339
f 339 338 396
f 398 340 339
f 265 264 300
f 300 264 263
f 300 301 265
f 342 301 300
f 220 182 181
f 181 219 220
f 218 219 181
f 181 180 218
f 146 180 181
f 145 146 181
f 181 182 145
f 144 176 115
f 115 92 144
f 71 92 115
f 115 91 71
f 150 183 221
f 220 264 221
f 221 183 220
f 221 264 265
f 94 120 93
f 118 120 94
f 93 575 94
f 94 507 118
f 399 341 398
f 23 48 19
f 23 36 48
f 48 71 58
f 58 34 48
f 71 91 58
f 93 95 72
f 95 576 72
f 147 117 574
f 145 182 147
f 147 182 148
f 148 117 147
f 776 505 178
f 1216 1118 907
f 681 907 793
f 1560 1479 1635
f 1706 1634 1703
f 1704 1634 1706
f 1703 1634 1701
f 1632 1700 1701
f 1701 1634 1632
f 1477 1557 1479
f 1393 1478 1477
f 1632 1634 1559
f 1559 1557 1632
f 1479 1557 1559
f 1559 1635 1479
f 1559 1634 1704
f 1704 1635 1559
f 1120 1018 1019
f 1019 1118 1120
f 1118 1216 1120
f 590 911 910
f 911 1018 910
f 910 795 590
f 594 2 50
f 51 591 594
f 15 17 685
f 685 16 15
f 1637 1705 1638
f 1638 1561 1637
f 689 800 802
f 800 799 915
f 595 16 685
f 595 689 596
f 595 799 800
f 800 689 595
f 38 53 50
f 231 275 273
f 277 275 231
f 356 353 355
f 355 353 312
f 275 313 311
f 312 274 311
f 311 355 312
f 313 355 311
f 311 274 273
f 273 275 311
f 78 77 539
f 316 278 281
f 79 80 62
f 79 61 64
f 79 62 61
f 62 80 63
f 63 75 60
f 81 75 63
f 60 52 63
f 52 62 63
f 103 99 81
f 126 124 100
f 126 127 124
f 100 99 126
f 99 103 126
f 126 103 130
f 156 125 155
f 124 127 155
f 155 125 124
f 279 278 316
f 279 233 278
f 315 313 277
f 277 314 315
f 314 358 315
f 192 156 158
f 156 155 158
f 122 125 153
f 153 156 154
f 153 125 156
f 706 97 827
f 97 704 827
f 1702 1633 1699
f 188 1050 1051
f 317 358 314
f 317 279 316
f 314 279 317
f 316 360 317
f 926 814 930
f 930 814 816
f 930 816 932
f 78 681 610
f 610 76 78
f 681 76 610
f 1489 1403 1402
f 1230 1132 1134
f 1430 1340 1429
f 1512 1431 1430
f 1431 1341 1430
f 1341 1340 1430
f 1429 1511 1430
f 1430 1511 1512
f 1436 1516 1437
f 1517 1438 1437
f 1437 1516 1517
f 831 945 833
f 709 830 831
f 830 944 831
f 831 944 945
f 1264 1265 1171
f 833 715 710
f 709 831 710
f 710 831 833
f 834 839 716
f 716 715 834
f 716 839 725
f 728 727 850
f 850 727 849
f 727 848 849
f 726 848 727
f 1161 1160 1257
f 1161 1259 1162
f 1063 1160 1161
f 1062 1160 1063
f 1071 1064 965
f 224 271 225
f 226 1143 225
f 225 1143 1241
f 186 227 188
f 191 227 189
f 154 190 189
f 189 190 191
f 189 152 154
f 151 152 189
f 189 186 151
f 227 186 189
f 1329 1241 226
f 226 1240 1329
f 224 225 1145
f 1145 225 1241
f 935 187 1045
f 187 1044 1045
f 1050 935 1045
f 1043 187 224
f 1043 1044 187
f 734 733 613
f 818 815 699
f 351 310 353
f 272 271 274
f 226 225 272
f 272 225 271
f 465 404 407
f 305 1327 1324
f 1324 268 305
f 598 599 525
f 598 526 601
f 601 692 598
f 598 692 599
f 527 528 464
f 528 526 464
f 920 921 1576
f 1576 921 1653
f 1030 921 1029
f 1029 921 920
f 599 692 693
f 693 692 810
f 810 811 693
f 2137 2138 2157
f 2026 1487 1488
f 1487 2066 1404
f 1490 1487 1404
f 1404 2028 1403
f 2066 2028 1404
f 1404 1489 1490
f 1403 1489 1404
f 791 906 877
f 675 906 791
f 1529 902 1447
f 1594 1114 1593
f 1674 1527 1605
f 1527 1115 1526
f 1447 902 1364
f 1364 901 1447
f 902 901 1364
f 1755 1804 1672
f 1672 1748 1755
f 1755 1811 1804
f 1671 1748 1672
f 1671 1744 1748
f 1211 1596 1301
f 1300 1390 1301
f 1301 1671 1672
f 1672 1802 1745
f 1745 1802 1740
f 2042 2078 2076
f 2042 2043 2081
f 2044 2079 2083
f 1997 1992 2044
f 1659 1649 1726
f 1574 1498 1575
f 1575 1643 1649
f 1582 1501 1568
f 1568 1500 1574
f 1418 1500 1568
f 1568 1501 1418
f 1497 1500 1418
f 2105 2147 2131
f 2102 2032 2070
f 2165 2147 2148
f 2148 2166 2165
f 2148 2127 2166
f 1775 1831 1830
f 1942 1829 1988
f 1942 2034 1989
f 1988 2034 1942
f 1130 1227 1827
f 1130 1827 1828
f 1828 1829 1130
f 1130 1829 1775
f 1985 1938 1229
f 1229 1318 1937
f 1937 1985 1229
f 1906 1958 1957
f 2016 2020 1975
f 2017 2060 2058
f 2009 2053 2057
f 2009 2056 2008
f 2057 2056 2009
f 2053 2009 2005
f 1967 1974 2005
f 2005 2009 2008
f 2005 1962 1967
f 1973 1972 1923
f 1973 2016 1975
f 1975 2017 1973
f 1924 1974 1925
f 1923 1974 1924
f 1925 1864 1924
f 1924 1864 1923
f 1909 1914 1852
f 2171 2186 2185
f 2170 2171 2185
f 2185 2172 2170
f 2186 2190 2185
f 2165 2172 2185
f 2173 2174 2179
f 2179 2186 2173
f 2173 2186 2171
f 2173 2159 2174
f 2171 2156 2173
f 2156 2159 2173
f 2094 2120 2119
f 2136 2156 2135
f 2136 2140 2156
f 2187 2191 2182
f 2182 2167 2187
f 2184 2168 2183
f 2132 2167 2152
f 2183 2168 2152
f 2152 2167 2183
f 1989 2034 2035
f 2035 2034 2072
f 2035 1943 1989
f 2072 2105 2035
f 2035 2105 2073
f 2151 2167 2132
f 2131 2147 2151
f 2143 2159 2142
f 2142 2159 2140
f 2142 2120 2143
f 2140 2119 2142
f 2142 2119 2120
f 2174 2163 2162
f 2162 2178 2179
f 2179 2174 2162
f 2181 2147 2165
f 2165 2185 2181
f 2181 2185 2190
f 2175 2187 2188
f 2188 2190 2189
f 2189 2177 2176
f 2175 2188 2176
f 2176 2188 2189
f 2001 2048 2084
f 2084 2048 2109
f 2130 2109 2110
f 2139 2155 2170
f 1801 1854 1850
f 1800 1854 1801
f 1800 1741 1387
f 1911 1904 1903
f 1903 1853 1911
f 1965 2007 1963
f 2007 1964 1963
f 2004 1964 2007
f 1904 1964 2004
f 2004 1961 1904
f 2007 2052 2004
f 1915 1964 1853
f 1211 1301 1302
f 1302 1301 1390
f 1760 1694 1621
f 1610 1540 1458
f 1541 1459 1540
f 1540 1612 1541
f 1458 1459 1378
f 292 769 291
f 1004 996 1003
f 771 331 332
f 330 881 766
f 766 388 330
f 450 388 767
f 767 883 450
f 388 883 767
f 1098 1193 1099
f 500 521 501
f 522 521 500
f 501 442 500
f 746 736 737
f 636 736 616
f 616 736 624
f 443 378 377
f 442 383 382
f 366 431 429
f 553 491 495
f 501 521 559
f 559 502 501
f 645 644 586
f 586 585 645
f 645 585 646
f 513 509 578
f 450 387 448
f 448 512 450
f 448 511 512
f 390 332 331
f 333 332 390
f 450 512 451
f 451 388 450
f 581 582 511
f 514 582 584
f 452 451 514
f 512 582 514
f 514 451 512
f 584 585 515
f 515 585 586
f 515 514 584
f 452 514 515
f 677 765 678
f 584 582 678
f 678 680 584
f 678 765 680
f 678 581 677
f 582 581 678
f 877 762 761
f 761 640 760
f 761 762 641
f 641 640 761
f 642 553 643
f 642 643 764
f 550 639 551
f 639 640 551
f 551 640 636
f 547 550 551
f 551 616 547
f 636 616 551
f 562 568 563
f 563 215 562
f 565 256 655
f 655 256 651
f 258 256 293
f 258 259 215
f 293 259 258
f 215 503 258
f 292 294 257
f 294 256 257
f 257 648 292
f 565 566 257
f 257 256 565
f 768 648 257
f 458 459 396
f 521 459 458
f 519 559 458
f 458 559 521
f 395 338 337
f 396 338 395
f 395 458 396
f 519 458 395
f 517 518 455
f 457 394 455
f 455 518 457
f 74 59 508
f 179 217 178
f 178 505 179
f 505 776 179
f 297 298 261
f 261 338 297
f 296 338 261
f 218 217 261
f 261 217 296
f 396 459 397
f 397 339 396
f 398 339 397
f 397 459 522
f 299 341 342
f 342 300 299
f 340 341 299
f 299 300 263
f 263 298 299
f 299 298 340
f 150 221 185
f 185 149 150
f 185 184 149
f 185 221 265
f 142 175 213
f 267 301 343
f 400 399 463
f 343 301 400
f 400 301 342
f 342 341 400
f 341 399 400
f 209 250 241
f 201 209 241
f 249 282 240
f 289 254 328
f 255 214 266
f 213 175 255
f 175 214 255
f 303 267 343
f 266 267 303
f 386 289 328
f 327 289 386
f 34 58 41
f 70 58 91
f 57 41 70
f 70 41 58
f 573 180 506
f 671 95 73
f 671 576 95
f 93 669 670
f 670 575 93
f 670 94 575
f 668 147 574
f 574 117 668
f 1476 1308 1392
f 681 793 682
f 682 76 681
f 682 592 60
f 1395 1309 1393
f 1393 1477 1395
f 1395 1477 1479
f 683 594 591
f 795 594 683
f 591 590 683
f 590 795 683
f 1707 1638 1705
f 1636 1704 1637
f 1636 1635 1704
f 1637 1561 1636
f 229 231 273
f 191 231 229
f 273 227 229
f 229 227 191
f 230 191 193
f 230 231 191
f 193 233 230
f 64 53 55
f 171 209 201
f 64 55 67
f 67 55 66
f 80 79 101
f 101 102 80
f 82 103 81
f 81 63 82
f 82 63 80
f 80 102 82
f 102 103 82
f 233 279 276
f 277 231 276
f 276 314 277
f 276 279 314
f 276 230 233
f 231 230 276
f 356 355 357
f 357 355 313
f 313 315 357
f 357 315 358
f 358 359 357
f 192 158 194
f 122 153 123
f 154 152 123
f 123 153 154
f 151 1150 1047
f 824 123 823
f 706 827 829
f 943 909 829
f 829 827 826
f 77 707 794
f 794 539 77
f 78 539 794
f 794 681 78
f 794 907 681
f 1558 1699 1633
f 1558 1633 1557
f 1558 1477 1478
f 1557 1477 1558
f 421 479 423
f 540 479 543
f 540 608 541
f 540 609 608
f 543 609 540
f 543 479 482
f 482 421 422
f 479 421 482
f 541 538 484
f 853 841 953
f 926 930 1035
f 1406 1489 1402
f 1133 1132 1030
f 1133 1134 1132
f 1323 1321 1234
f 1173 1267 1174
f 1436 1437 1350
f 1350 1438 1351
f 1350 1437 1438
f 1349 1265 1264
f 1264 1348 1349
f 1349 1350 1265
f 1349 1348 1436
f 1436 1350 1349
f 1055 945 1054
f 945 944 1054
f 1054 1154 1055
f 946 832 852
f 1083 1171 1074
f 1074 977 1083
f 1273 1348 1264
f 1055 1154 1155
f 1155 1154 1251
f 1251 1252 1155
f 840 955 848
f 725 839 840
f 840 726 725
f 848 726 840
f 949 840 839
f 955 840 949
f 963 1062 1063
f 850 849 963
f 1257 1160 1256
f 1058 1158 1059
f 1058 949 1057
f 1059 955 1058
f 955 949 1058
f 1164 1065 1064
f 1066 1065 1164
f 1070 1161 1162
f 1063 1161 1070
f 1070 963 1063
f 821 186 1150
f 821 1150 151
f 151 186 821
f 1661 1582 1660
f 1660 1729 1661
f 1240 1042 1328
f 1328 1329 1240
f 1050 1045 1149
f 1150 1051 1149
f 1149 1051 1050
f 733 700 612
f 612 613 733
f 544 613 612
f 608 609 606
f 1040 1041 932
f 934 818 933
f 933 953 934
f 933 853 953
f 931 818 934
f 931 1040 932
f 934 1040 931
f 932 816 931
f 816 815 931
f 815 818 931
f 817 818 699
f 817 933 818
f 354 351 353
f 354 353 356
f 354 410 352
f 352 351 354
f 309 272 274
f 309 274 312
f 312 310 309
f 1144 1243 269
f 269 1328 1042
f 1243 1328 269
f 352 410 408
f 408 350 352
f 408 406 350
f 348 1326 1409
f 1420 1239 348
f 1409 1420 348
f 1033 923 1032
f 599 693 600
f 1413 597 600
f 1325 599 600
f 600 1411 1412
f 600 1412 1325
f 600 597 1411
f 694 693 811
f 694 600 693
f 699 815 696
f 695 692 601
f 601 603 695
f 810 692 695
f 695 814 810
f 926 1035 927
f 927 811 926
f 1140 1139 1061
f 1061 1139 1060
f 1060 1139 1041
f 1060 954 1061
f 1491 1409 1418
f 1418 1501 1491
f 1491 1420 1409
f 1410 1420 1502
f 1420 1491 1502
f 1502 1491 1501
f 2104 2084 2109
f 1982 1983 1402
f 2027 1316 1403
f 1403 2028 2027
f 876 791 877
f 877 761 876
f 876 761 760
f 1687 1756 1753
f 1598 1593 1527
f 1527 1674 1598
f 1594 1593 1598
f 1598 1674 1594
f 1603 1685 1594
f 1528 1593 1114
f 1114 1113 1528
f 1605 1527 1597
f 1527 1526 1597
f 580 1195 1189
f 904 789 788
f 580 789 676
f 579 510 676
f 676 510 580
f 1818 1816 1819
f 1819 1816 1872
f 1819 1873 1818
f 1447 901 1366
f 1743 1671 1679
f 1744 1671 1743
f 1748 1744 1747
f 1744 1743 1747
f 1747 1755 1748
f 1685 1755 1747
f 1678 1676 1747
f 1747 1743 1679
f 1747 1679 1211
f 1211 1524 1747
f 1753 1811 1754
f 1811 1755 1754
f 1754 1687 1753
f 1209 1301 1596
f 1671 1301 1209
f 1592 1301 1672
f 1673 1739 1300
f 1300 1301 1673
f 1301 1592 1673
f 1672 1739 1673
f 1673 1592 1672
f 1523 1114 1594
f 1678 1747 1210
f 1210 1747 1524
f 1210 1524 1211
f 1211 1302 1210
f 1746 1739 1672
f 1672 1745 1746
f 1740 1739 1746
f 1746 1745 1740
f 1670 1300 1740
f 1670 1388 1300
f 1387 1741 1474
f 1801 1850 1474
f 1903 1848 1521
f 1521 1853 1903
f 2080 2042 2081
f 2078 2042 2080
f 2044 2083 2045
f 2077 2079 2040
f 2040 2079 2044
f 2044 1992 2040
f 1950 1895 1890
f 1649 1659 1642
f 1574 1575 1642
f 1642 1575 1649
f 1642 1568 1574
f 1412 1411 1492
f 1499 1498 1415
f 1499 1575 1498
f 1415 526 1499
f 526 598 1499
f 1582 1568 1581
f 2081 2043 2082
f 1777 1027 1833
f 1776 1027 1777
f 1654 1576 1653
f 1655 806 1654
f 924 806 923
f 923 1033 924
f 920 806 924
f 924 1029 920
f 1577 806 1655
f 2101 2105 2072
f 2101 2034 2069
f 2072 2034 2101
f 2069 2127 2101
f 2031 1982 2033
f 1833 1027 1718
f 1989 1943 1888
f 1888 1942 1989
f 1833 1942 1888
f 1943 1889 1888
f 1937 1881 1984
f 2031 2033 1984
f 1984 2033 2070
f 1984 2070 2032
f 2032 1987 1984
f 1984 1985 1937
f 1984 1987 1985
f 1775 1830 1131
f 1131 1130 1775
f 1831 1832 1131
f 1131 1830 1831
f 1402 1936 1317
f 1881 1318 1317
f 1317 1936 1983
f 1983 1984 1317
f 1317 1984 1881
f 1986 1938 1985
f 1985 1987 1986
f 1882 1229 1938
f 1229 1882 1228
f 1228 1883 1227
f 1938 1883 1228
f 1228 1882 1938
f 1940 2034 1988
f 1940 1987 2032
f 1940 2032 2069
f 2069 2034 1940
f 1940 1986 1987
f 2115 2139 2138
f 2115 2138 2137
f 2110 2109 2085
f 2109 2048 2085
f 2001 1956 2000
f 2000 2048 2001
f 2000 1957 2002
f 2002 2048 2000
f 2003 1957 1958
f 2002 1957 2003
f 2003 1958 1907
f 1907 1961 2003
f 1961 2004 2003
f 2003 2004 2052
f 2054 2052 2007
f 2054 2006 2055
f 2007 2006 2054
f 2055 2089 2054
f 2013 2014 1970
f 1970 2014 1922
f 1970 2012 2013
f 1969 2012 1970
f 1970 1921 1969
f 1922 1921 1970
f 2118 2095 2093
f 2019 2060 2017
f 2021 2061 2019
f 2019 2017 1975
f 1975 2021 2019
f 2092 2060 2094
f 2092 2058 2060
f 2092 2119 2117
f 2094 2119 2092
f 2017 2058 2018
f 2018 2058 2053
f 2018 1973 2017
f 1972 1973 2018
f 2018 1974 1972
f 1966 2005 2008
f 2008 2006 1966
f 1966 2006 1965
f 1965 1962 1966
f 1962 2005 1966
f 1926 1973 1923
f 2016 1973 1926
f 1922 2014 1926
f 1926 1923 1867
f 1867 1922 1926
f 1519 1852 1853
f 2167 2151 2180
f 2190 2188 2180
f 2180 2187 2167
f 2180 2188 2187
f 2180 2181 2190
f 2049 2050 2001
f 2001 2084 2049
f 2158 2139 2170
f 2166 2157 2158
f 2158 2157 2138
f 2138 2139 2158
f 2170 2172 2158
f 2158 2172 2166
f 1909 1473 1851
f 1855 1854 1798
f 1854 1800 1798
f 1927 1931 1976
f 1919 1931 1927
f 1927 1976 1968
f 1968 1919 1927
f 1868 1931 1919
f 1751 1687 1683
f 1807 1860 1861
f 1861 1862 1807
f 1861 1868 1919
f 1860 1868 1861
f 1861 1920 1862
f 1919 1920 1861
f 1853 1964 1959
f 1959 1911 1853
f 1959 1964 1904
f 1904 1911 1959
f 1960 1915 1853
f 1914 1915 1960
f 1916 1963 1964
f 1964 1915 1916
f 1916 1917 1965
f 1965 1963 1916
f 1916 1914 1917
f 1916 1915 1914
f 1389 1390 1300
f 1300 1388 1389
f 1815 1761 1817
f 1816 1760 1815
f 1815 1870 1816
f 1692 1760 1621
f 1761 1815 1692
f 1692 1815 1760
f 1759 1691 1690
f 1814 1761 1759
f 1761 1692 1759
f 1759 1692 1691
f 1611 1612 1540
f 1540 1610 1611
f 1609 1539 1608
f 1609 1610 1539
f 1613 1541 1612
f 1193 1098 1097
f 1283 1369 1193
f 1292 1378 1293
f 1202 1198 1107
f 1292 1293 1202
f 1200 1201 1106
f 1004 1003 1106
f 1106 1202 1107
f 1201 1202 1106
f 1458 1378 1376
f 1376 1375 1458
f 1001 996 1004
f 771 332 770
f 333 291 561
f 1458 1375 1457
f 1457 1610 1458
f 1539 1610 1457
f 1608 1539 1457
f 1291 1201 1200
f 1375 1376 1291
f 1292 1202 1291
f 1291 1202 1201
f 1291 1378 1292
f 1291 1376 1378
f 771 1100 997
f 388 766 329
f 993 448 885
f 450 883 885
f 1103 1106 1107
f 1004 1106 1103
f 1103 1001 1004
f 995 1098 1099
f 461 399 398
f 398 397 461
f 748 865 866
f 854 746 737
f 737 757 854
f 747 865 748
f 746 854 747
f 747 854 865
f 546 486 489
f 546 489 547
f 488 431 430
f 431 366 430
f 436 495 443
f 443 377 436
f 436 377 370
f 370 435 436
f 555 645 646
f 644 645 555
f 449 513 511
f 511 448 449
f 509 513 449
f 884 509 449
f 993 884 449
f 449 448 993
f 334 294 292
f 292 291 334
f 336 294 392
f 294 334 392
f 392 394 336
f 392 455 394
f 389 451 452
f 389 331 330
f 389 390 331
f 330 388 389
f 388 451 389
f 583 578 674
f 583 513 578
f 677 581 583
f 511 513 583
f 583 581 511
f 452 515 516
f 516 515 586
f 1360 1302 1390
f 637 638 548
f 548 642 637
f 637 764 758
f 637 642 764
f 552 642 548
f 553 642 552
f 548 490 552
f 491 553 552
f 552 490 491
f 564 651 503
f 564 503 215
f 215 563 564
f 768 257 656
f 656 257 566
f 587 518 517
f 587 516 586
f 517 516 587
f 586 644 587
f 519 395 456
f 456 520 519
f 457 520 456
f 393 457 456
f 337 393 456
f 456 395 337
f 260 217 216
f 217 179 216
f 215 260 216
f 562 215 216
f 216 504 562
f 568 504 216
f 262 298 219
f 262 261 298
f 262 219 218
f 218 261 262
f 222 267 266
f 266 214 222
f 176 184 222
f 222 214 176
f 282 249 286
f 320 283 286
f 283 282 286
f 236 196 200
f 462 445 463
f 463 399 462
f 399 461 462
f 462 461 497
f 463 445 401
f 343 400 401
f 401 400 463
f 401 303 343
f 345 303 401
f 441 382 376
f 442 382 441
f 441 500 442
f 385 384 447
f 447 384 445
f 445 462 447
f 447 462 497
f 522 500 499
f 500 441 499
f 252 326 287
f 251 210 287
f 287 210 252
f 288 326 252
f 288 252 211
f 365 326 288
f 288 327 365
f 344 345 403
f 290 254 213
f 213 255 290
f 328 254 290
f 290 344 328
f 365 327 371
f 327 386 371
f 12 50 1
f 12 26 50
f 50 26 25
f 657 179 776
f 1396 1310 1311
f 1311 1397 1396
f 672 671 73
f 507 94 782
f 94 670 782
f 147 668 662
f 1218 1120 1306
f 1306 1120 1216
f 1306 1308 1218
f 1306 1392 1308
f 907 1118 1017
f 1118 911 1017
f 911 682 1017
f 796 682 911
f 796 911 590
f 1398 1397 1311
f 1119 1021 1018
f 1119 1120 1218
f 1018 1120 1119
f 688 595 685
f 799 595 688
f 795 910 798
f 798 594 795
f 1221 1310 1315
f 1223 1220 1309
f 31 593 14
f 31 42 593
f 43 44 593
f 593 42 43
f 29 28 593
f 593 28 687
f 594 798 687
f 2 594 687
f 687 686 593
f 687 798 686
f 1635 1636 1562
f 1562 1636 1561
f 596 3 18
f 18 595 596
f 38 8 7
f 7 6 27
f 27 38 7
f 9 38 10
f 9 8 38
f 535 538 536
f 412 354 356
f 412 413 410
f 410 354 412
f 470 413 472
f 470 471 468
f 319 360 316
f 316 281 319
f 281 318 319
f 239 282 283
f 66 55 54
f 54 40 56
f 54 55 53
f 57 70 90
f 90 69 57
f 211 252 172
f 252 210 172
f 83 101 79
f 83 79 64
f 64 67 83
f 83 67 87
f 87 105 83
f 83 105 101
f 472 413 415
f 413 412 415
f 414 359 416
f 414 357 359
f 416 415 414
f 356 357 414
f 414 412 356
f 414 415 412
f 278 232 235
f 232 234 235
f 157 126 130
f 127 126 157
f 157 155 127
f 157 158 155
f 198 234 195
f 195 194 198
f 195 234 232
f 192 194 195
f 193 192 195
f 195 232 193
f 198 194 162
f 130 103 104
f 104 103 102
f 822 123 152
f 823 123 822
f 823 822 937
f 938 152 151
f 151 1047 938
f 943 1152 1249
f 826 98 825
f 122 123 702
f 123 824 702
f 702 825 122
f 824 825 702
f 706 829 828
f 828 829 909
f 828 707 706
f 828 794 707
f 909 794 828
f 1668 1736 1765
f 1765 1736 1793
f 1702 1699 1768
f 1699 1767 1768
f 416 359 417
f 417 418 416
f 417 359 358
f 416 418 474
f 474 415 416
f 474 475 472
f 472 415 474
f 541 484 480
f 480 540 541
f 479 540 480
f 423 479 480
f 538 535 537
f 537 535 475
f 841 853 735
f 735 853 734
f 1069 1140 1061
f 1142 1140 1069
f 1167 1142 1069
f 1069 1068 1167
f 851 850 965
f 851 842 729
f 729 728 851
f 851 728 850
f 729 842 719
f 958 1065 1066
f 1066 959 958
f 958 959 844
f 960 959 1066
f 1066 1067 960
f 1139 1035 1039
f 932 1041 1039
f 1041 1139 1039
f 1039 930 932
f 1039 1035 930
f 1433 1343 1432
f 1433 1432 1490
f 1490 1489 1433
f 1405 1317 1318
f 1405 1406 1402
f 1402 1317 1405
f 1319 1228 1227
f 1030 1029 1034
f 1034 1133 1030
f 1029 924 1034
f 1034 924 1033
f 1258 1161 1257
f 1259 1161 1258
f 1323 1259 1347
f 1347 1321 1323
f 1259 1258 1347
f 1347 1258 1346
f 1134 1234 1232
f 1232 1234 1321
f 1230 1134 1232
f 1232 1321 1230
f 1133 1034 1138
f 1134 1133 1138
f 1162 1259 1260
f 1260 1259 1323
f 1323 1234 1260
f 1234 1261 1260
f 1267 1173 1266
f 1265 1350 1266
f 1351 1267 1266
f 1266 1350 1351
f 1172 1171 1265
f 1265 1266 1172
f 1172 1266 1173
f 1172 1074 1171
f 738 739 617
f 627 747 748
f 863 977 864
f 857 739 738
f 738 856 857
f 977 1074 968
f 968 864 977
f 856 864 968
f 1180 1171 1083
f 1264 1171 1180
f 1180 1273 1264
f 1083 1082 1180
f 1269 1176 1175
f 1080 1178 1081
f 1055 1155 1056
f 1157 1058 1057
f 1158 1058 1157
f 1057 949 948
f 948 1056 1057
f 948 839 834
f 948 949 839
f 1062 963 956
f 956 955 1059
f 1059 1062 956
f 848 955 956
f 956 849 848
f 956 963 849
f 1159 1256 1160
f 1059 1158 1159
f 1159 1062 1059
f 1160 1062 1159
f 1163 1261 1238
f 1238 1164 1163
f 1064 1071 1163
f 1163 1164 1064
f 1165 1067 1066
f 1066 1164 1165
f 963 1070 964
f 965 850 964
f 850 963 964
f 964 1071 965
f 964 1070 1071
f 1785 1782 1841
f 1729 1660 1727
f 1727 1785 1729
f 1782 1785 1727
f 1727 1783 1782
f 1410 1502 1421
f 1148 1149 1045
f 1150 1149 1148
f 534 536 608
f 608 606 534
f 819 733 734
f 734 853 819
f 853 933 819
f 819 817 733
f 933 817 819
f 698 607 701
f 701 607 700
f 701 699 698
f 701 817 699
f 701 700 733
f 733 817 701
f 226 272 270
f 270 269 1042
f 310 351 308
f 1144 269 304
f 268 1242 304
f 304 1243 1144
f 304 1242 1243
f 305 268 304
f 532 529 531
f 531 534 532
f 532 534 606
f 531 529 469
f 469 471 531
f 468 471 469
f 469 529 467
f 406 408 409
f 407 406 409
f 407 404 405
f 405 406 407
f 405 348 406
f 1326 348 405
f 405 404 346
f 405 346 1418
f 1409 1326 405
f 1418 1409 405
f 347 348 1239
f 350 406 347
f 406 348 347
f 1821 1880 1876
f 1135 1033 1032
f 1413 600 691
f 691 1414 1413
f 691 694 807
f 600 694 691
f 813 694 811
f 811 927 813
f 813 927 928
f 698 699 605
f 699 696 605
f 603 696 697
f 697 695 603
f 814 695 697
f 697 696 815
f 816 814 697
f 697 815 816
f 1031 928 1037
f 1032 923 1031
f 923 922 1031
f 1031 1135 1032
f 1037 1135 1031
f 809 1496 1495
f 809 1417 1573
f 1573 1496 809
f 803 922 923
f 928 1031 925
f 925 1031 922
f 1037 928 929
f 928 927 929
f 1038 1037 929
f 1583 1582 1661
f 1583 1661 1584
f 1583 1501 1582
f 1583 1502 1501
f 2109 2130 2129
f 2129 2104 2109
f 1488 2050 2067
f 2050 2049 2067
f 2067 2026 1488
f 1983 1982 2030
f 2030 1982 2031
f 2030 1984 1983
f 2031 1984 2030
f 1873 1928 1929
f 1818 1873 1820
f 1873 1929 1820
f 1820 1929 1868
f 1820 1868 1860
f 1805 1751 1750
f 679 790 758
f 758 764 679
f 679 764 677
f 677 583 679
f 674 790 679
f 679 583 674
f 758 790 759
f 759 637 758
f 638 637 759
f 1807 1756 1752
f 1756 1687 1752
f 1752 1751 1807
f 1687 1751 1752
f 1594 1676 1677
f 1677 1523 1594
f 1595 1523 1677
f 1677 1676 1678
f 1537 1601 1602
f 1537 1602 1605
f 1446 1526 1115
f 1010 1446 1115
f 1010 1535 1526
f 1526 1446 1010
f 1683 1687 1606
f 1606 1603 1605
f 1685 1603 1606
f 1605 1602 1606
f 1604 1674 1605
f 1605 1603 1604
f 1594 1674 1604
f 1604 1603 1594
f 1526 1535 1536
f 1536 1597 1526
f 1605 1597 1536
f 673 789 580
f 673 788 789
f 580 1189 673
f 1190 788 673
f 673 1189 1195
f 673 1285 1190
f 1195 1285 673
f 675 579 792
f 579 676 792
f 792 906 675
f 792 988 906
f 1621 1694 1620
f 1099 1193 1284
f 1193 1369 1284
f 1369 1451 1284
f 1531 1599 1450
f 1455 1531 1450
f 1450 1449 1455
f 1872 1816 1871
f 1816 1870 1871
f 1874 1819 1872
f 1874 1928 1873
f 1873 1819 1874
f 1763 1816 1818
f 1763 1760 1816
f 1694 1760 1763
f 1818 1820 1764
f 1805 1750 1749
f 1693 1620 1694
f 1548 1620 1693
f 1622 1693 1695
f 1622 1538 1548
f 1548 1693 1622
f 1533 1537 1529
f 1601 1537 1533
f 1447 1366 1448
f 1448 1366 1453
f 1448 1529 1447
f 1448 1453 1529
f 1675 1747 1676
f 1675 1676 1594
f 1801 1474 1742
f 1742 1474 1741
f 1472 1851 1473
f 1522 1848 1471
f 1522 1521 1848
f 1522 1849 1514
f 1471 1904 1522
f 1904 1905 1522
f 1522 1905 1849
f 2043 2042 1995
f 1995 2042 2076
f 1774 1769 1821
f 1993 2038 1992
f 2077 2040 2039
f 2039 2038 2076
f 2039 2040 1992
f 1992 2038 2039
f 1891 1890 1838
f 1946 1993 1945
f 1945 1993 1992
f 1945 1891 1946
f 1890 1891 1945
f 1950 1890 1945
f 1945 1997 1950
f 1992 1997 1945
f 1841 1782 1837
f 1837 1895 1841
f 1837 1890 1895
f 1838 1890 1837
f 1837 1783 1838
f 1782 1783 1837
f 1649 1643 1712
f 1411 1643 1569
f 1569 1492 1411
f 1643 1575 1569
f 1416 1499 598
f 1416 599 1412
f 1412 1492 1416
f 1575 1499 1416
f 1416 1569 1575
f 1492 1569 1416
f 1725 1660 1658
f 1726 1725 1658
f 1658 1660 1582
f 1582 1581 1658
f 2099 2098 2125
f 2145 2134 2154
f 1836 1888 1889
f 2108 2107 2133
f 2132 2152 2133
f 2133 2107 2132
f 2075 2107 2108
f 2132 2107 2106
f 2131 2151 2106
f 2106 2151 2132
f 2106 2105 2131
f 2073 2105 2106
f 2147 2105 2126
f 2105 2101 2126
f 2126 2148 2147
f 2127 2148 2126
f 2126 2101 2127
f 1886 1832 1831
f 1886 1831 1829
f 1829 1834 1886
f 1833 1832 1886
f 1886 1834 1833
f 1829 1942 1887
f 1887 1834 1829
f 1887 1942 1833
f 1833 1834 1887
f 1129 1718 1027
f 1129 1027 1132
f 1129 1131 1832
f 1129 1132 1230
f 1230 1131 1129
f 1129 1832 1833
f 1833 1718 1129
f 1883 1940 1885
f 1939 1883 1938
f 1939 1940 1883
f 1938 1986 1939
f 1986 1940 1939
f 2116 2112 2135
f 2091 2112 2116
f 2139 2115 2116
f 2135 2155 2116
f 2155 2139 2116
f 2090 2056 2057
f 2057 2091 2090
f 2055 2056 2090
f 2090 2089 2055
f 2114 2115 2137
f 2137 2130 2114
f 2135 2112 2111
f 2111 2092 2117
f 2059 2093 2095
f 2094 2060 2059
f 2059 2095 2094
f 2061 2093 2059
f 2060 2019 2059
f 2059 2019 2061
f 2053 2058 2087
f 2058 2092 2087
f 2057 2053 2087
f 2087 2091 2057
f 2087 2112 2091
f 2087 2111 2112
f 2092 2111 2087
f 2053 2005 2010
f 2010 2018 2053
f 2010 2005 1974
f 1974 2018 2010
f 2015 2016 1971
f 2016 1926 1971
f 1971 2014 2015
f 1971 1926 2014
f 1909 1852 1518
f 2164 2151 2147
f 2164 2180 2151
f 2147 2181 2164
f 2181 2180 2164
f 1857 1914 1909
f 1797 1798 1800
f 1740 1803 1797
f 1797 1670 1740
f 1797 1800 1387
f 1930 1931 1875
f 1931 1868 1875
f 1875 1929 1930
f 1868 1929 1875
f 1806 1860 1807
f 1807 1751 1806
f 1806 1805 1860
f 1806 1751 1805
f 1853 1852 1910
f 1910 1960 1853
f 1910 1852 1914
f 1914 1960 1910
f 1869 1815 1817
f 1870 1815 1869
f 1614 1689 1615
f 994 1097 1098
f 994 884 993
f 1096 994 993
f 1097 994 1096
f 993 885 1096
f 1107 1198 1197
f 1197 1103 1107
f 1455 1449 1373
f 1373 1449 1367
f 1367 1281 1373
f 1294 1374 1288
f 1294 1293 1380
f 1465 1620 1548
f 1200 1106 1105
f 1105 1106 1003
f 1690 1691 1618
f 1618 1544 1690
f 1618 1462 1544
f 1545 1462 1618
f 1000 998 996
f 996 1001 1000
f 771 998 1000
f 1000 1100 771
f 1000 1001 1100
f 888 998 771
f 771 770 888
f 996 998 888
f 888 770 996
f 649 332 333
f 333 770 649
f 649 770 332
f 887 891 996
f 887 291 769
f 887 561 291
f 333 561 887
f 887 770 333
f 996 770 887
f 893 1003 996
f 996 891 893
f 886 769 768
f 886 887 769
f 1289 1291 1200
f 1375 1291 1289
f 1100 1101 882
f 882 997 1100
f 882 883 388
f 992 885 883
f 883 882 992
f 1100 1001 1102
f 1001 1103 1102
f 460 397 522
f 460 461 397
f 497 461 460
f 547 616 615
f 615 546 547
f 615 616 624
f 488 430 487
f 487 490 548
f 487 549 488
f 548 549 487
f 491 490 433
f 443 491 433
f 433 368 378
f 433 378 443
f 372 434 369
f 369 435 370
f 369 434 435
f 437 434 372
f 437 372 383
f 437 383 446
f 446 502 437
f 502 496 437
f 557 553 495
f 647 643 557
f 643 553 557
f 644 555 554
f 454 516 517
f 517 455 454
f 455 392 454
f 1013 903 901
f 1213 1113 1114
f 867 866 978
f 870 869 982
f 1362 1279 1361
f 1390 1389 1361
f 1361 1360 1390
f 267 222 223
f 265 301 223
f 301 267 223
f 223 185 265
f 184 185 223
f 223 222 184
f 206 205 246
f 248 207 247
f 247 206 246
f 207 206 247
f 208 207 248
f 208 248 249
f 208 249 240
f 240 236 208
f 236 200 208
f 246 205 245
f 444 401 445
f 403 345 444
f 345 401 444
f 439 374 373
f 498 439 497
f 497 460 498
f 522 499 498
f 498 460 522
f 253 288 211
f 253 289 327
f 327 288 253
f 402 386 328
f 328 344 402
f 402 344 403
f 403 380 402
f 302 255 266
f 302 290 255
f 266 303 302
f 344 290 302
f 302 303 345
f 345 344 302
f 50 25 11
f 11 38 50
f 10 38 11
f 27 40 39
f 39 38 27
f 53 38 39
f 39 54 53
f 40 54 39
f 506 572 660
f 660 573 506
f 660 661 180
f 180 573 660
f 1628 1629 1553
f 1625 1697 1628
f 1696 1640 1710
f 1696 1697 1625
f 1625 1640 1696
f 1710 1640 1639
f 1624 1623 1550
f 1550 1627 1624
f 1552 1627 1550
f 1608 1457 1460
f 1626 1627 1552
f 1553 1629 1626
f 894 892 564
f 1005 892 894
f 776 777 659
f 177 216 569
f 569 216 179
f 179 657 569
f 1469 1550 1467
f 1552 1550 1469
f 1469 1626 1552
f 1315 1310 1401
f 1310 1396 1401
f 1396 1485 1401
f 1401 1399 1315
f 1481 1397 1482
f 1481 1396 1397
f 1482 1562 1481
f 1481 1562 1561
f 1481 1485 1396
f 1561 1565 1481
f 1565 1485 1481
f 802 672 690
f 690 59 596
f 690 508 59
f 690 689 802
f 596 689 690
f 801 672 802
f 507 782 667
f 1127 1025 1024
f 572 146 571
f 146 570 571
f 779 662 778
f 778 662 668
f 908 682 793
f 908 1017 682
f 908 793 907
f 907 1017 908
f 592 682 684
f 682 796 684
f 590 592 684
f 684 796 590
f 1397 1398 1480
f 1480 1479 1560
f 1480 1395 1479
f 1480 1398 1395
f 1393 1309 1307
f 1307 1308 1393
f 1309 1220 1307
f 1124 1128 1023
f 1220 1223 1122
f 1021 1119 1122
f 1312 1223 1309
f 1309 1395 1312
f 1395 1398 1312
f 1312 1398 1311
f 1311 1310 1222
f 1310 1221 1222
f 1221 1124 1222
f 914 915 799
f 1021 1122 1219
f 1219 1122 1223
f 913 798 910
f 1018 1021 913
f 913 910 1018
f 686 798 797
f 797 688 686
f 799 688 797
f 593 44 30
f 30 29 593
f 2 687 13
f 13 687 28
f 16 595 32
f 595 45 32
f 595 47 46
f 46 45 595
f 33 47 595
f 595 18 33
f 411 470 468
f 411 408 410
f 410 413 411
f 413 470 411
f 468 409 411
f 411 409 408
f 284 239 283
f 199 234 198
f 114 70 91
f 114 90 70
f 175 142 114
f 142 90 114
f 113 89 69
f 69 90 113
f 113 90 142
f 254 289 212
f 289 253 212
f 238 235 234
f 234 199 238
f 130 104 131
f 109 108 136
f 936 937 152
f 820 822 152
f 152 937 820
f 820 937 822
f 823 937 939
f 939 824 823
f 1052 824 1152
f 1052 1152 943
f 943 941 1052
f 1052 825 824
f 941 825 1052
f 940 829 826
f 826 825 940
f 940 825 941
f 943 829 940
f 940 941 943
f 1791 1847 1794
f 1791 1794 1737
f 1900 1847 1791
f 1792 1793 1736
f 1737 1794 1792
f 1792 1736 1737
f 1699 1558 1631
f 1631 1558 1478
f 1631 1767 1699
f 1476 1392 1391
f 1392 1306 1391
f 1337 1427 1391
f 1391 1427 1509
f 1590 1555 1509
f 285 283 320
f 285 284 283
f 318 284 285
f 363 364 419
f 363 419 360
f 360 319 363
f 319 362 363
f 361 417 358
f 361 317 360
f 358 317 361
f 360 419 361
f 419 417 361
f 476 474 418
f 475 474 476
f 476 537 475
f 423 480 424
f 424 480 484
f 477 476 418
f 614 735 734
f 734 613 614
f 841 735 718
f 835 714 838
f 1041 1040 951
f 1068 1069 962
f 1061 954 962
f 962 1069 1061
f 962 954 838
f 838 847 962
f 843 719 842
f 843 958 844
f 838 714 724
f 724 847 838
f 846 847 724
f 724 723 846
f 846 723 845
f 845 960 846
f 844 959 845
f 959 960 845
f 965 1064 957
f 1064 1065 957
f 1065 958 957
f 957 851 965
f 842 851 957
f 957 843 842
f 958 843 957
f 961 1067 1068
f 961 960 1067
f 1068 962 961
f 846 960 961
f 961 847 846
f 961 962 847
f 1345 1258 1257
f 1346 1258 1345
f 1230 1321 1231
f 1231 1131 1230
f 1130 1131 1231
f 1227 1130 1231
f 1231 1319 1227
f 1229 1228 1320
f 1228 1319 1320
f 1318 1229 1320
f 1320 1405 1318
f 1407 1405 1320
f 1322 1346 1407
f 1322 1347 1346
f 1321 1347 1322
f 1407 1320 1322
f 1322 1320 1319
f 1322 1231 1321
f 1319 1231 1322
f 1233 1138 1238
f 1238 1261 1233
f 1233 1261 1234
f 1233 1234 1134
f 1134 1138 1233
f 1074 1172 1075
f 1075 968 1074
f 738 617 623
f 732 617 739
f 628 627 748
f 624 736 625
f 736 746 625
f 632 628 750
f 867 868 750
f 750 868 869
f 863 864 744
f 861 741 860
f 859 740 874
f 859 874 986
f 986 972 859
f 860 741 859
f 741 740 859
f 1083 977 976
f 976 1082 1083
f 976 977 863
f 863 862 976
f 946 852 858
f 858 971 946
f 858 852 739
f 739 857 858
f 1273 1180 1179
f 1179 1180 1082
f 1081 1178 1179
f 1179 1082 1081
f 1178 1080 1177
f 1079 1078 1175
f 1175 1176 1079
f 1079 972 1078
f 1176 1177 1079
f 1079 1177 1080
f 1253 1157 1156
f 1156 1252 1253
f 1156 1155 1252
f 1156 1056 1155
f 1057 1056 1156
f 1156 1157 1057
f 1158 1157 1254
f 1254 1157 1253
f 1253 1341 1254
f 1254 1341 1342
f 1056 948 947
f 947 945 1055
f 1055 1056 947
f 833 945 947
f 834 833 947
f 947 948 834
f 1168 1260 1261
f 1261 1163 1168
f 1162 1260 1168
f 1168 1163 1071
f 1168 1070 1162
f 1071 1070 1168
f 1238 1138 1237
f 1237 1164 1238
f 1237 1165 1164
f 1783 1727 1728
f 1728 1660 1725
f 1728 1727 1660
f 1892 1891 1838
f 1841 1895 1842
f 1330 1242 1327
f 1330 1421 1242
f 1330 1327 1410
f 1410 1421 1330
f 1242 1421 1503
f 1584 1505 1503
f 1503 1583 1584
f 1503 1421 1502
f 1502 1583 1503
f 1045 1334 1247
f 1247 1148 1045
f 1247 1334 1150
f 1150 1148 1247
f 533 535 536
f 536 534 533
f 531 471 533
f 533 534 531
f 352 350 349
f 349 351 352
f 349 308 351
f 305 304 349
f 349 304 308
f 310 308 307
f 307 309 310
f 272 309 307
f 307 270 272
f 269 270 307
f 307 304 269
f 308 304 307
f 466 469 467
f 407 409 466
f 468 469 466
f 466 409 468
f 467 465 466
f 466 465 407
f 306 347 1410
f 1410 1327 306
f 306 1327 305
f 350 347 306
f 305 349 306
f 306 349 350
f 1981 2064 2025
f 2025 2064 2098
f 1981 2025 1949
f 1573 1572 1647
f 1414 691 1494
f 1136 1034 1033
f 1033 1135 1136
f 604 607 698
f 698 605 604
f 604 605 530
f 602 696 603
f 602 605 696
f 530 605 602
f 602 527 530
f 602 528 527
f 601 528 602
f 602 603 601
f 923 806 805
f 805 803 923
f 1577 1578 805
f 806 1577 805
f 805 1578 1656
f 922 803 804
f 804 925 922
f 809 925 804
f 1417 809 804
f 804 803 1572
f 1573 1417 804
f 804 1572 1573
f 812 813 928
f 928 925 812
f 694 813 812
f 807 694 812
f 812 925 809
f 1036 927 1035
f 1036 929 927
f 1038 929 1036
f 1036 1035 1139
f 1036 1140 1038
f 1139 1140 1036
f 2100 2068 2066
f 2066 2067 2100
f 2084 2104 2100
f 2100 2049 2084
f 2100 2067 2049
f 2029 1982 2028
f 2029 2068 1982
f 2029 2028 2066
f 2066 2068 2029
f 2137 2157 2150
f 2150 2130 2137
f 2150 2129 2130
f 1683 1606 1682
f 1682 1606 1602
f 1682 1751 1683
f 1682 1750 1751
f 1678 1210 1212
f 1595 1677 1212
f 1212 1677 1678
f 1212 1523 1595
f 1114 1523 1212
f 1212 1213 1114
f 1534 1535 1529
f 1529 1537 1534
f 1534 1536 1535
f 1534 1537 1605
f 1605 1536 1534
f 902 1529 1363
f 1529 1535 1525
f 1535 1010 1525
f 1525 1363 1529
f 1014 901 902
f 1116 1010 1115
f 1188 1014 1116
f 1685 1606 1684
f 1684 1606 1687
f 1687 1754 1684
f 1684 1755 1685
f 1684 1754 1755
f 1286 1285 1370
f 1451 1452 1370
f 1370 1284 1451
f 1530 1599 1600
f 1530 1450 1599
f 1530 1451 1369
f 1369 1450 1530
f 904 788 787
f 787 1013 904
f 903 1013 787
f 787 788 1286
f 786 1366 901
f 901 903 786
f 1371 1366 1365
f 903 787 1365
f 1286 1371 1365
f 1365 787 1286
f 905 676 789
f 905 792 676
f 988 792 905
f 1194 1195 1099
f 1099 1284 1194
f 1194 1285 1195
f 1194 1370 1285
f 1284 1370 1194
f 1449 1450 1368
f 1367 1449 1368
f 1369 1283 1368
f 1368 1450 1369
f 1694 1763 1762
f 1762 1763 1818
f 1818 1764 1762
f 1762 1693 1694
f 1695 1693 1762
f 1805 1764 1813
f 1813 1764 1820
f 1860 1805 1813
f 1813 1820 1860
f 1688 1622 1695
f 1695 1762 1757
f 1757 1762 1764
f 1757 1688 1695
f 1749 1688 1757
f 1757 1764 1805
f 1805 1749 1757
f 1538 1622 1607
f 1607 1599 1531
f 1531 1538 1607
f 1622 1688 1607
f 1529 1453 1454
f 1454 1533 1529
f 1453 1366 1454
f 1366 1452 1454
f 1454 1452 1533
f 1372 1366 1371
f 1372 1452 1366
f 1372 1371 1286
f 1286 1370 1372
f 1372 1370 1452
f 1594 1685 1686
f 1686 1675 1594
f 1685 1747 1686
f 1747 1675 1686
f 1795 1474 1850
f 1795 1472 1474
f 1519 1520 1442
f 1442 1518 1519
f 1178 1177 1271
f 1821 1876 1826
f 1826 1774 1821
f 1769 1774 1717
f 1717 1712 1769
f 1649 1712 1717
f 1726 1649 1717
f 2124 2125 2098
f 2098 2064 2124
f 2064 2063 2124
f 1980 1933 1979
f 1934 1933 1980
f 1981 1935 1980
f 1980 1880 1934
f 1980 1935 1880
f 2122 2063 2096
f 1979 1933 2022
f 1933 1978 2022
f 1932 1978 1933
f 1877 1889 1932
f 1780 1836 1653
f 2169 2154 2153
f 2153 2154 2134
f 2153 2134 2108
f 2108 2133 2153
f 2153 2184 2169
f 2168 2184 2153
f 2153 2152 2168
f 2153 2133 2152
f 2036 2035 2073
f 2073 2106 2036
f 2107 2075 2037
f 1991 2036 2037
f 1978 1991 2037
f 2037 2022 1978
f 1722 1723 1716
f 1655 1654 1722
f 1654 1723 1722
f 1653 1836 1822
f 1877 1716 1822
f 1822 1889 1877
f 1822 1836 1889
f 1828 1883 1884
f 1883 1885 1884
f 1884 1829 1828
f 1884 1885 1829
f 1988 1829 1941
f 1829 1885 1941
f 1941 1940 1988
f 1941 1885 1940
f 2052 2086 2051
f 2002 2003 2051
f 2051 2003 2052
f 2051 2048 2002
f 2088 2054 2089
f 2052 2054 2088
f 2088 2086 2052
f 2113 2130 2110
f 2113 2114 2130
f 2089 2114 2113
f 2113 2088 2089
f 2110 2088 2113
f 1738 1473 1909
f 1909 1518 1738
f 1738 1518 1473
f 1852 1519 1796
f 1796 1518 1852
f 1519 1518 1796
f 1908 1851 1850
f 1908 1850 1854
f 1909 1851 1908
f 1858 1855 1913
f 1858 1857 1855
f 1913 1914 1858
f 1914 1857 1858
f 1740 1804 1856
f 1856 1803 1740
f 1804 1811 1856
f 1811 1859 1856
f 1856 1859 1855
f 1855 1803 1856
f 1798 1797 1799
f 1799 1797 1803
f 1855 1798 1799
f 1799 1803 1855
f 1544 1462 1461
f 1459 1541 1461
f 1191 1281 1367
f 1191 1096 1101
f 1196 1197 1281
f 1196 1191 1101
f 1281 1191 1196
f 1196 1101 1100
f 1100 1102 1196
f 1103 1197 1196
f 1196 1102 1103
f 1287 1373 1281
f 1281 1197 1287
f 1288 1374 1287
f 1374 1373 1287
f 1198 1288 1287
f 1287 1197 1198
f 1293 1294 1203
f 1198 1202 1203
f 1203 1202 1293
f 1203 1288 1198
f 1203 1294 1288
f 1456 1531 1455
f 1456 1538 1531
f 1548 1538 1456
f 1456 1465 1548
f 1465 1464 1546
f 1621 1620 1546
f 1620 1465 1546
f 1374 1294 1381
f 1381 1464 1465
f 1381 1294 1380
f 1380 1464 1381
f 1380 1462 1463
f 1463 1464 1380
f 1463 1462 1545
f 1463 1546 1464
f 768 656 772
f 772 886 768
f 772 656 655
f 889 882 881
f 997 882 889
f 889 881 771
f 771 997 889
f 885 992 999
f 1101 1096 999
f 999 1096 885
f 999 882 1101
f 999 992 882
f 432 433 490
f 490 487 432
f 432 487 430
f 432 366 367
f 432 430 366
f 367 368 432
f 368 433 432
f 494 557 495
f 495 436 494
f 494 436 435
f 435 493 494
f 560 559 519
f 519 520 560
f 502 559 560
f 555 493 492
f 492 554 555
f 496 554 492
f 492 437 496
f 434 437 492
f 435 434 492
f 492 493 435
f 452 516 453
f 516 454 453
f 453 454 390
f 453 389 452
f 390 389 453
f 390 454 391
f 333 390 391
f 391 392 334
f 391 454 392
f 391 291 333
f 391 334 291
f 966 866 865
f 966 978 866
f 980 868 867
f 983 871 870
f 870 982 983
f 1187 1279 1175
f 1175 1078 1187
f 1278 1361 1279
f 1279 1187 1278
f 244 203 243
f 202 241 242
f 201 241 202
f 242 243 202
f 202 243 203
f 204 203 244
f 244 245 204
f 204 245 205
f 205 167 204
f 167 166 204
f 204 166 203
f 381 380 403
f 403 444 381
f 445 384 381
f 381 444 445
f 440 375 374
f 440 374 439
f 440 499 441
f 376 375 440
f 440 441 376
f 439 498 440
f 440 498 499
f 438 373 385
f 385 447 438
f 439 373 438
f 497 439 438
f 438 447 497
f 379 402 380
f 379 371 386
f 386 402 379
f 776 661 666
f 661 660 666
f 666 660 572
f 1625 1628 1551
f 1551 1386 1468
f 1484 1551 1468
f 1710 1639 1709
f 1641 1639 1565
f 1641 1707 1711
f 1638 1707 1641
f 1561 1638 1641
f 1641 1565 1561
f 1565 1639 1563
f 1563 1485 1565
f 1549 1550 1623
f 1549 1623 1616
f 1608 1460 1543
f 1543 1549 1616
f 1002 892 1005
f 1002 1105 1003
f 1468 1386 1384
f 1384 1297 1314
f 1384 1484 1468
f 568 894 775
f 775 894 564
f 1204 1295 1199
f 1199 1295 1290
f 1375 1289 1290
f 1200 1199 1290
f 1290 1289 1200
f 658 657 776
f 776 659 658
f 1383 1295 1296
f 1297 1384 1208
f 1005 894 895
f 895 1006 1005
f 568 777 895
f 895 894 568
f 895 777 776
f 1026 915 1023
f 1023 1128 1026
f 916 801 802
f 669 801 916
f 1024 1025 916
f 671 672 784
f 672 801 784
f 669 671 784
f 784 801 669
f 779 897 1007
f 1025 1127 1007
f 782 1025 1007
f 1007 897 782
f 783 667 782
f 782 897 783
f 117 667 783
f 783 668 117
f 917 900 669
f 669 916 917
f 917 916 1025
f 917 1025 782
f 782 900 917
f 785 782 670
f 785 900 782
f 785 670 669
f 669 900 785
f 1314 1297 1225
f 664 662 779
f 1217 1307 1220
f 1220 1122 1217
f 1217 1122 1119
f 1217 1119 1218
f 1218 1308 1217
f 1308 1307 1217
f 1022 1123 1023
f 1023 915 1022
f 915 914 1022
f 1121 1219 1123
f 1123 1022 1121
f 1021 1219 1121
f 1121 913 1021
f 1020 913 1121
f 1123 1219 1125
f 1125 1222 1124
f 1023 1123 1125
f 1125 1124 1023
f 799 797 912
f 912 913 1020
f 798 913 912
f 912 797 798
f 198 162 197
f 197 199 198
f 197 160 196
f 162 160 197
f 197 196 236
f 236 199 197
f 237 199 236
f 282 239 237
f 239 238 237
f 237 238 199
f 237 236 240
f 240 282 237
f 87 67 86
f 86 67 66
f 86 109 87
f 108 109 86
f 143 115 176
f 175 114 143
f 91 115 143
f 143 114 91
f 176 214 143
f 143 214 175
f 136 167 168
f 168 167 205
f 205 206 168
f 206 169 168
f 136 108 135
f 135 167 136
f 135 166 167
f 108 107 135
f 166 135 134
f 134 135 107
f 211 172 140
f 174 142 213
f 213 254 174
f 254 212 174
f 174 113 142
f 173 253 211
f 173 212 253
f 211 140 173
f 173 140 112
f 280 318 281
f 280 284 318
f 235 238 280
f 239 284 280
f 280 238 239
f 280 281 278
f 278 235 280
f 161 162 194
f 161 160 162
f 131 160 161
f 161 194 158
f 158 157 161
f 161 157 130
f 130 131 161
f 105 132 128
f 102 101 128
f 101 105 128
f 163 200 196
f 110 138 132
f 110 132 105
f 110 105 87
f 87 109 110
f 152 938 121
f 121 936 152
f 1338 1427 1337
f 1766 1698 1765
f 1767 1698 1766
f 1630 1668 1765
f 1765 1698 1630
f 1630 1590 1668
f 1555 1590 1630
f 1630 1631 1555
f 1630 1698 1767
f 1767 1631 1630
f 1476 1555 1556
f 1555 1631 1556
f 1556 1478 1476
f 1556 1631 1478
f 1475 1555 1476
f 1476 1391 1475
f 1509 1555 1475
f 1475 1391 1509
f 1215 1216 907
f 1215 1306 1216
f 943 1249 1215
f 321 285 320
f 322 325 362
f 318 285 322
f 322 319 318
f 322 362 319
f 364 363 324
f 362 325 324
f 324 363 362
f 425 424 484
f 420 417 419
f 418 417 420
f 420 477 418
f 542 483 481
f 836 951 952
f 952 951 1040
f 934 953 952
f 952 1040 934
f 838 954 950
f 950 835 838
f 954 1060 950
f 836 835 950
f 950 951 836
f 950 1060 1041
f 1041 951 950
f 719 843 720
f 844 721 720
f 720 843 844
f 722 845 723
f 722 721 844
f 844 845 722
f 1343 1433 1344
f 1344 1256 1343
f 1257 1256 1344
f 1344 1345 1257
f 1408 1405 1407
f 1407 1346 1408
f 1346 1345 1408
f 1406 1405 1408
f 1174 1077 1076
f 1076 1173 1174
f 1076 1172 1173
f 1076 1075 1172
f 731 832 730
f 731 852 832
f 739 852 731
f 731 732 739
f 746 747 626
f 626 625 746
f 747 627 626
f 751 629 633
f 749 628 748
f 749 750 628
f 867 750 749
f 748 866 749
f 749 866 867
f 745 623 622
f 622 744 745
f 738 623 745
f 745 744 864
f 745 856 738
f 745 864 856
f 743 861 862
f 743 862 863
f 863 744 743
f 872 873 754
f 634 754 635
f 974 861 860
f 971 858 970
f 970 858 857
f 1075 1076 970
f 970 1077 971
f 970 1076 1077
f 1342 1343 1255
f 1255 1254 1342
f 1343 1256 1255
f 1158 1254 1255
f 1255 1159 1158
f 1256 1159 1255
f 1165 1237 1166
f 1067 1165 1166
f 1167 1068 1166
f 1068 1067 1166
f 1781 1725 1726
f 1781 1728 1725
f 1726 1717 1781
f 1781 1717 1774
f 1729 1785 1730
f 1950 1997 1951
f 1147 1246 1045
f 1335 1334 1045
f 1045 1246 1335
f 535 533 473
f 472 475 473
f 475 535 473
f 473 470 472
f 471 470 473
f 473 533 471
f 2065 2098 2099
f 2065 2025 2098
f 2099 2082 2065
f 2065 2082 2043
f 2043 1995 1996
f 1996 1949 2025
f 1996 2065 2043
f 2025 2065 1996
f 1893 1949 1948
f 1948 1996 1995
f 1949 1996 1948
f 1981 1949 1894
f 1894 1935 1981
f 1894 1949 1893
f 1894 1876 1880
f 1880 1935 1894
f 1657 1722 1716
f 1656 1655 1657
f 1655 1722 1657
f 1411 1414 1493
f 1493 1571 1411
f 1414 1494 1493
f 1494 1571 1493
f 1411 1571 1646
f 1646 1643 1411
f 1646 1571 1494
f 1646 1712 1643
f 1715 1712 1646
f 1646 1772 1715
f 1137 1138 1034
f 1034 1136 1137
f 1141 1136 1135
f 1038 1140 1141
f 1141 1140 1142
f 1141 1037 1038
f 1141 1135 1037
f 803 805 1579
f 807 812 808
f 808 812 809
f 808 809 1495
f 808 1494 807
f 1495 1496 808
f 1496 1494 808
f 2104 2129 2103
f 2102 2070 2103
f 1681 1749 1750
f 1750 1682 1681
f 1681 1601 1600
f 1602 1601 1681
f 1681 1682 1602
f 1681 1688 1749
f 1303 1210 1302
f 1303 1212 1210
f 1213 1212 1303
f 1303 1304 1213
f 1094 1092 991
f 1214 1116 1115
f 1115 1113 1214
f 1113 1213 1214
f 1011 1014 902
f 1011 1116 1014
f 1010 1116 1011
f 902 1363 1011
f 1532 1452 1451
f 1451 1530 1532
f 1532 1530 1600
f 1533 1452 1532
f 1600 1601 1532
f 1601 1533 1532
f 1280 786 903
f 903 1365 1280
f 1015 789 904
f 1015 905 789
f 1680 1607 1688
f 1680 1681 1600
f 1688 1681 1680
f 1600 1599 1680
f 1599 1607 1680
f 1445 1388 1387
f 1445 1389 1388
f 1362 1361 1445
f 1445 1361 1389
f 1268 1269 1175
f 1175 1279 1268
f 1268 1279 1362
f 1362 1352 1268
f 1348 1273 1357
f 1521 1522 1443
f 1443 1520 1521
f 1443 1442 1520
f 1355 1442 1443
f 1473 1518 1441
f 1518 1442 1441
f 1270 1271 1177
f 1176 1269 1270
f 1270 1177 1176
f 1272 1179 1178
f 1178 1271 1272
f 1273 1179 1272
f 1272 1357 1273
f 1840 1826 1876
f 1840 1894 1893
f 1876 1894 1840
f 2024 2064 1981
f 1981 1980 2024
f 2146 2122 2121
f 2121 2122 2096
f 2145 2146 2121
f 2121 2134 2145
f 2108 2134 2121
f 2121 2096 2108
f 2097 2122 2123
f 2063 2122 2097
f 2123 2124 2097
f 2097 2124 2063
f 2096 2063 2062
f 2108 2096 2062
f 2062 2075 2108
f 2062 2037 2075
f 2022 2037 2062
f 1944 1991 1978
f 1978 1932 1944
f 1944 1932 1889
f 1652 921 1651
f 1653 921 1652
f 1888 1836 1720
f 1836 1780 1720
f 1651 1650 1720
f 1720 1652 1651
f 1720 1650 1028
f 1943 2035 1990
f 2035 2036 1990
f 1990 1889 1943
f 1990 1944 1889
f 1990 2036 1991
f 1991 1944 1990
f 2107 2037 2074
f 2074 2037 2036
f 2074 2106 2107
f 2074 2036 2106
f 1653 1822 1770
f 1770 1654 1653
f 1770 1723 1654
f 1716 1723 1770
f 1770 1822 1716
f 1912 1857 1909
f 1909 1908 1912
f 1855 1857 1912
f 1912 1854 1855
f 1912 1908 1854
f 1542 1614 1615
f 1615 1544 1542
f 1544 1461 1542
f 1613 1614 1542
f 1541 1613 1542
f 1542 1461 1541
f 1379 1461 1462
f 1380 1293 1379
f 1379 1462 1380
f 1379 1293 1378
f 1379 1378 1459
f 1459 1461 1379
f 1282 1191 1367
f 1621 1546 1547
f 886 772 890
f 891 887 890
f 887 886 890
f 556 493 555
f 556 494 493
f 557 494 556
f 556 555 646
f 556 646 647
f 647 557 556
f 644 554 558
f 558 554 496
f 558 496 502
f 502 560 558
f 1181 1182 1085
f 989 879 988
f 988 905 989
f 905 1015 989
f 878 762 877
f 988 879 878
f 877 906 878
f 906 988 878
f 991 1092 1073
f 1262 1304 1274
f 1274 1181 1262
f 1182 1181 1274
f 855 854 757
f 865 854 855
f 855 966 865
f 867 978 979
f 979 980 867
f 981 982 869
f 869 868 981
f 868 980 981
f 872 871 984
f 871 983 984
f 984 873 872
f 1085 1182 1086
f 1086 980 1085
f 1086 981 980
f 1360 1361 1277
f 1361 1278 1277
f 1006 895 1008
f 1386 1551 1470
f 1470 1628 1553
f 1470 1551 1628
f 1553 1626 1470
f 1626 1469 1470
f 1400 1384 1314
f 1484 1384 1400
f 1313 1400 1314
f 1399 1400 1313
f 1314 1225 1313
f 1313 1225 1224
f 1315 1399 1313
f 1226 1224 1128
f 1226 1221 1315
f 1315 1313 1226
f 1226 1313 1224
f 1226 1124 1221
f 1128 1124 1226
f 1128 1224 1126
f 1024 1026 1126
f 1126 1026 1128
f 1126 1127 1024
f 1126 1225 1127
f 1224 1225 1126
f 1708 1641 1711
f 1708 1709 1639
f 1639 1641 1708
f 1485 1563 1483
f 1399 1401 1483
f 1483 1401 1485
f 1483 1400 1399
f 1484 1400 1483
f 1551 1484 1564
f 1564 1639 1640
f 1564 1563 1639
f 1484 1483 1564
f 1564 1483 1563
f 1564 1640 1625
f 1625 1551 1564
f 1466 1543 1460
f 1549 1543 1466
f 1466 1383 1467
f 1467 1550 1466
f 1550 1549 1466
f 1608 1543 1617
f 1617 1543 1616
f 652 655 651
f 651 653 652
f 652 772 655
f 651 564 774
f 774 653 651
f 564 892 774
f 1105 1002 1104
f 1104 1199 1200
f 1200 1105 1104
f 1104 1002 1005
f 568 775 654
f 654 775 564
f 1005 1006 1109
f 1377 1290 1295
f 1377 1466 1460
f 1375 1290 1377
f 1377 1457 1375
f 1377 1460 1457
f 567 658 659
f 567 777 568
f 567 659 777
f 657 658 567
f 568 216 567
f 1299 1384 1386
f 1299 1208 1384
f 915 1026 918
f 802 800 918
f 800 915 918
f 918 916 802
f 918 1026 1024
f 1024 916 918
f 779 1007 1110
f 1110 1007 1127
f 1127 1225 1110
f 896 778 668
f 668 783 896
f 779 778 896
f 896 897 779
f 896 783 897
f 663 571 662
f 662 664 663
f 572 571 663
f 663 664 572
f 779 899 780
f 780 664 779
f 780 899 572
f 572 664 780
f 66 54 65
f 56 68 65
f 65 54 56
f 106 88 111
f 108 86 85
f 85 107 108
f 85 86 66
f 85 106 107
f 66 65 85
f 169 138 137
f 137 168 169
f 136 168 137
f 138 110 137
f 137 109 136
f 137 110 109
f 166 134 165
f 203 166 165
f 165 202 203
f 141 173 112
f 113 174 141
f 141 174 212
f 212 173 141
f 141 112 89
f 89 113 141
f 129 160 131
f 129 131 104
f 129 104 102
f 102 128 129
f 160 129 159
f 132 138 159
f 138 163 159
f 196 160 159
f 159 163 196
f 159 128 132
f 159 129 128
f 170 138 169
f 170 163 138
f 200 163 170
f 207 208 170
f 170 208 200
f 170 206 207
f 170 169 206
f 1510 1590 1509
f 1509 1427 1510
f 1048 936 1047
f 1048 1047 1150
f 1305 1391 1306
f 1306 1215 1305
f 1337 1391 1305
f 1305 1249 1337
f 1305 1215 1249
f 1117 1215 907
f 943 1215 1117
f 325 322 323
f 285 321 323
f 323 322 285
f 485 425 484
f 426 425 485
f 485 484 538
f 538 537 485
f 419 364 428
f 428 420 419
f 428 427 477
f 477 420 428
f 483 542 545
f 545 542 614
f 545 614 613
f 545 544 483
f 545 613 544
f 735 614 711
f 711 718 735
f 714 835 712
f 712 835 836
f 836 713 712
f 837 713 836
f 836 952 837
f 953 841 837
f 837 952 953
f 1434 1344 1433
f 1406 1408 1434
f 1345 1344 1434
f 1434 1408 1345
f 1489 1406 1434
f 1434 1433 1489
f 755 633 632
f 632 750 755
f 751 633 755
f 755 750 869
f 755 869 870
f 870 751 755
f 621 744 622
f 621 743 744
f 742 619 741
f 741 861 742
f 861 743 742
f 634 631 753
f 753 754 634
f 631 630 753
f 872 754 753
f 753 871 872
f 741 619 618
f 618 740 741
f 756 635 754
f 874 740 756
f 756 618 635
f 740 618 756
f 756 873 874
f 756 754 873
f 973 1079 1080
f 1080 974 973
f 972 1079 973
f 973 974 860
f 860 859 973
f 973 859 972
f 975 1080 1081
f 975 974 1080
f 1081 1082 975
f 1082 976 975
f 975 976 862
f 862 861 975
f 861 974 975
f 969 970 857
f 969 857 856
f 856 968 969
f 968 1075 969
f 1075 970 969
f 1826 1840 1784
f 1774 1826 1784
f 1784 1781 1774
f 2041 1995 2076
f 2076 2038 2041
f 2041 1948 1995
f 1994 1948 2041
f 2038 1993 2041
f 1954 1999 1952
f 1953 1897 1952
f 1952 1897 1954
f 1846 1902 1899
f 1901 1902 1846
f 1901 1897 1953
f 1843 1897 1901
f 1786 1842 1788
f 1841 1842 1786
f 1786 1785 1841
f 1786 1730 1785
f 1729 1730 1662
f 1584 1661 1662
f 1661 1729 1662
f 1730 1786 1664
f 1664 1662 1730
f 1998 2045 2046
f 2044 2045 1998
f 2046 1999 1998
f 1998 1999 1954
f 1998 1997 2044
f 1998 1951 1997
f 1898 1998 1954
f 1951 1998 1898
f 1898 1897 1843
f 1954 1897 1898
f 1423 1419 1242
f 1242 1503 1423
f 1423 1503 1505
f 1423 1505 1328
f 1328 1419 1423
f 1331 1328 1243
f 1331 1419 1328
f 1243 1242 1331
f 1242 1419 1331
f 1328 1505 1422
f 1044 1145 1146
f 1145 1147 1146
f 1146 1045 1044
f 1146 1147 1045
f 1245 1147 1145
f 1246 1147 1245
f 1245 1335 1246
f 1588 1665 1587
f 1587 1506 1588
f 1506 1424 1425
f 1335 1245 1425
f 1334 1335 1425
f 1425 1424 1334
f 1846 1899 1790
f 1843 1901 1790
f 1790 1901 1846
f 1666 1665 1588
f 1588 1731 1666
f 1947 1948 1994
f 1891 1892 1947
f 1947 1892 1893
f 1893 1948 1947
f 1716 1771 1713
f 1823 1716 1877
f 1823 1771 1716
f 1494 1645 1714
f 1714 1646 1494
f 1772 1646 1714
f 1570 1494 1496
f 1570 1645 1494
f 1934 1880 1879
f 1879 1933 1934
f 1824 1823 1879
f 1235 1137 1136
f 1136 1141 1235
f 1235 1142 1167
f 1235 1141 1142
f 1580 1579 805
f 1580 805 1656
f 1580 1647 1572
f 1656 1657 1580
f 1580 1657 1647
f 2129 2150 2128
f 2128 2103 2129
f 2128 2127 2102
f 2102 2103 2128
f 2104 2103 2071
f 2071 2100 2104
f 2068 2100 2071
f 1982 2068 2071
f 2071 2033 1982
f 2070 2033 2071
f 2071 2103 2070
f 1304 1303 1358
f 1012 1094 1013
f 1012 1013 901
f 901 1014 1012
f 1095 1014 1188
f 1092 1094 1095
f 1095 1012 1014
f 1094 1012 1095
f 1188 1116 1263
f 1116 1214 1263
f 1263 1304 1262
f 1213 1304 1263
f 1263 1214 1213
f 1093 1094 991
f 1013 1094 1093
f 904 1013 1093
f 1093 1015 904
f 1355 1443 1356
f 1357 1272 1356
f 1356 1271 1355
f 1356 1272 1271
f 1514 1515 1435
f 1435 1515 1436
f 1436 1348 1435
f 1348 1357 1435
f 1440 1472 1473
f 1473 1441 1440
f 1354 1442 1355
f 1354 1441 1442
f 1354 1270 1269
f 1355 1271 1354
f 1271 1270 1354
f 2023 2063 2064
f 2064 2024 2023
f 2023 2062 2063
f 2023 1980 1979
f 2023 2024 1980
f 1979 2022 2023
f 2022 2062 2023
f 1888 1720 1835
f 1833 1888 1835
f 1835 1779 1833
f 1724 1720 1780
f 1724 1780 1653
f 1778 1777 1833
f 1833 1779 1778
f 1191 1282 1192
f 1097 1096 1192
f 1096 1191 1192
f 1193 1097 1192
f 1619 1618 1691
f 1691 1692 1619
f 1619 1692 1621
f 1621 1547 1619
f 891 890 773
f 773 890 772
f 773 893 891
f 1003 893 773
f 773 1002 1003
f 892 1002 773
f 773 774 892
f 653 774 773
f 772 652 773
f 773 652 653
f 644 558 588
f 588 560 520
f 588 558 560
f 588 587 644
f 518 587 588
f 457 518 588
f 588 520 457
f 1170 1263 1262
f 1188 1263 1170
f 1170 1095 1188
f 1092 1095 1170
f 990 1093 991
f 990 989 1015
f 1015 1093 990
f 1084 1181 1085
f 1085 980 1084
f 980 979 1084
f 1182 1274 1275
f 1275 1274 1304
f 1304 1358 1275
f 966 855 875
f 873 984 985
f 986 874 985
f 874 873 985
f 1276 1277 1184
f 1009 899 779
f 779 1110 1009
f 650 564 563
f 650 654 564
f 650 563 568
f 568 654 650
f 1005 1109 1108
f 1108 1109 1204
f 1108 1104 1005
f 1108 1204 1199
f 1199 1104 1108
f 1204 1109 1205
f 1296 1295 1205
f 1295 1204 1205
f 1382 1377 1295
f 1466 1377 1382
f 1295 1383 1382
f 1383 1466 1382
f 1297 1208 1206
f 1206 1208 1112
f 1206 1225 1297
f 1206 1110 1225
f 1112 1009 1206
f 1206 1009 1110
f 111 139 133
f 133 106 111
f 133 165 134
f 133 134 107
f 107 106 133
f 84 85 65
f 84 68 88
f 84 65 68
f 88 106 84
f 106 85 84
f 1427 1338 1428
f 1428 1510 1427
f 1737 1736 1669
f 1736 1668 1669
f 1669 1791 1737
f 1668 1590 1669
f 942 939 937
f 937 1053 942
f 824 939 942
f 942 1053 824
f 1153 1053 937
f 1152 824 1153
f 824 1053 1153
f 1336 1424 1506
f 1016 794 909
f 1016 909 943
f 943 1117 1016
f 907 794 1016
f 1016 1117 907
f 426 485 478
f 478 427 426
f 477 427 478
f 476 477 478
f 537 476 478
f 478 485 537
f 614 542 611
f 611 711 614
f 713 837 717
f 841 718 717
f 717 837 841
f 619 742 620
f 743 621 620
f 620 742 743
f 752 753 630
f 752 630 629
f 752 629 751
f 871 753 752
f 870 871 752
f 752 751 870
f 1839 1784 1840
f 1893 1892 1839
f 1839 1840 1893
f 1839 1892 1838
f 1733 1790 1789
f 1789 1790 1899
f 1951 1898 1896
f 1950 1951 1896
f 1788 1842 1896
f 1896 1895 1950
f 1896 1842 1895
f 1588 1585 1663
f 1663 1731 1588
f 1585 1664 1663
f 1329 1328 1333
f 1328 1422 1333
f 1422 1245 1333
f 1586 1422 1505
f 1662 1664 1586
f 1586 1505 1584
f 1584 1662 1586
f 1244 1145 1241
f 1244 1245 1145
f 1504 1245 1422
f 1422 1586 1504
f 1585 1425 1504
f 1504 1425 1245
f 1504 1664 1585
f 1504 1586 1664
f 1588 1506 1507
f 1506 1425 1507
f 1507 1585 1588
f 1507 1425 1585
f 1734 1733 1665
f 1665 1666 1734
f 1734 1790 1733
f 1843 1790 1734
f 1734 1787 1843
f 1734 1666 1731
f 1731 1787 1734
f 1573 1647 1648
f 1648 1713 1573
f 1716 1713 1648
f 1648 1657 1716
f 1647 1657 1648
f 1877 1932 1878
f 1878 1823 1877
f 1878 1932 1933
f 1933 1879 1878
f 1878 1879 1823
f 1644 1714 1645
f 1645 1570 1644
f 1772 1714 1644
f 1644 1496 1573
f 1644 1570 1496
f 1644 1824 1772
f 1644 1823 1824
f 1771 1823 1644
f 1573 1713 1644
f 1644 1713 1771
f 1825 1879 1880
f 1825 1880 1821
f 1821 1769 1825
f 1137 1235 1236
f 1236 1237 1138
f 1138 1137 1236
f 1236 1166 1237
f 1167 1166 1236
f 1236 1235 1167
f 2149 2157 2166
f 2166 2127 2149
f 2127 2128 2149
f 2149 2150 2157
f 2149 2128 2150
f 1360 1277 1359
f 1359 1277 1276
f 1302 1360 1359
f 1276 1275 1359
f 1359 1275 1358
f 1359 1303 1302
f 1359 1358 1303
f 1444 1522 1514
f 1514 1435 1444
f 1444 1443 1522
f 1444 1435 1357
f 1357 1356 1444
f 1444 1356 1443
f 1439 1352 1362
f 1362 1445 1439
f 1387 1474 1439
f 1439 1445 1387
f 1474 1472 1439
f 1472 1440 1439
f 1352 1439 1353
f 1353 1439 1440
f 1353 1354 1269
f 1353 1440 1441
f 1441 1354 1353
f 1269 1268 1353
f 1353 1268 1352
f 1779 1835 1719
f 1719 1835 1720
f 1719 1778 1779
f 1777 1778 1719
f 1719 1720 1028
f 1652 1720 1721
f 1720 1724 1721
f 1653 1652 1721
f 1721 1724 1653
f 1181 1084 1169
f 1169 1084 1073
f 1262 1181 1169
f 1169 1170 1262
f 1169 1073 1092
f 1092 1170 1169
f 880 875 879
f 879 989 880
f 989 990 880
f 1072 979 978
f 1072 1084 979
f 1073 1084 1072
f 879 875 763
f 762 878 763
f 763 878 879
f 757 762 763
f 763 855 757
f 763 875 855
f 986 985 1090
f 1183 1086 1182
f 1182 1275 1183
f 1183 1275 1276
f 1276 1184 1183
f 776 781 898
f 898 895 776
f 898 1008 895
f 899 1009 898
f 898 1009 1008
f 572 899 898
f 898 781 572
f 665 666 572
f 572 781 665
f 776 666 665
f 665 781 776
f 1298 1383 1296
f 1296 1205 1298
f 1298 1205 1207
f 1298 1299 1386
f 1208 1299 1298
f 1298 1207 1208
f 1006 1008 1111
f 1111 1109 1006
f 1111 1205 1109
f 1207 1205 1111
f 1111 1009 1112
f 1008 1009 1111
f 1112 1208 1111
f 1208 1207 1111
f 164 139 171
f 164 133 139
f 165 133 164
f 164 171 201
f 201 202 164
f 202 165 164
f 1590 1510 1591
f 1591 1669 1590
f 1337 1249 1250
f 1250 1338 1337
f 1250 1249 1152
f 1152 1153 1250
f 1426 1336 1506
f 1426 1428 1338
f 1338 1250 1426
f 1426 1250 1336
f 937 936 1151
f 1845 1899 1900
f 1845 1789 1899
f 1900 1791 1845
f 1791 1789 1845
f 1732 1663 1664
f 1732 1786 1788
f 1732 1664 1786
f 1788 1731 1732
f 1731 1663 1732
f 1844 1731 1788
f 1844 1787 1731
f 1788 1896 1844
f 1844 1896 1898
f 1844 1898 1843
f 1843 1787 1844
f 1329 1333 1332
f 1332 1333 1245
f 1245 1244 1332
f 1241 1329 1332
f 1332 1244 1241
f 1824 1879 1773
f 1879 1825 1773
f 1715 1772 1773
f 1772 1824 1773
f 1773 1825 1769
f 1769 1712 1773
f 1773 1712 1715
f 875 880 967
f 966 875 967
f 978 966 967
f 967 1072 978
f 1091 1187 1078
f 986 1090 1091
f 1091 972 986
f 1078 972 1091
f 1186 1278 1187
f 1187 1091 1186
f 1186 1091 1090
f 1186 1277 1278
f 1089 985 984
f 1089 1090 985
f 1383 1298 1385
f 1385 1469 1467
f 1467 1383 1385
f 1385 1298 1386
f 1386 1470 1385
f 1385 1470 1469
f 1508 1587 1665
f 1506 1587 1508
f 1508 1426 1506
f 1510 1428 1508
f 1428 1426 1508
f 936 1048 1049
f 1049 1151 936
f 1049 1048 1150
f 1150 1151 1049
f 1248 1151 1150
f 1150 1334 1248
f 1334 1424 1248
f 1424 1336 1248
f 1248 1250 1153
f 1336 1250 1248
f 1248 1153 937
f 937 1151 1248
f 987 967 880
f 991 1073 987
f 1073 1072 987
f 1072 967 987
f 987 990 991
f 987 880 990
f 1088 984 983
f 1088 1089 984
f 1088 983 982
f 1185 1186 1090
f 1090 1089 1185
f 1185 1184 1277
f 1277 1186 1185
f 1185 1088 1184
f 1089 1088 1185
f 1589 1508 1665
f 1510 1508 1589
f 1087 1088 982
f 982 981 1087
f 981 1086 1087
f 1086 1183 1087
f 1087 1183 1184
f 1184 1088 1087
f 1665 1733 1667
f 1667 1589 1665
f 1669 1591 1667
f 1667 1591 1510
f 1510 1589 1667
f 1735 1789 1791
f 1791 1669 1735
f 1669 1667 1735
f 1733 1789 1735
f 1735 1667 1733
f 1517 1906 1956
f 1956 1566 1517
f 1429 1339 1267
f 1267 1351 1429
f 1251 1267 1339
f 1174 1267 1251
f 1566 1956 1486
f 1486 1956 2001
f 1904 1848 1903
f 1471 1848 1904
f 579 675 674
f 674 578 579
f 34 6 5
f 27 6 34
f 592 49 589
f 590 49 592
f 14 593 17
f 17 593 685
f 1429 1351 1438
f 1438 1511 1429
f 1517 1566 1438
f 1566 1511 1438
f 730 832 708
f 832 830 708
f 2141 2144 2143
f 2143 2120 2141
f 431 550 489
f 488 550 431
f 510 579 578
f 578 509 510
f 549 550 488
f 549 639 550
f 549 638 760
f 760 639 549
f 4 3 524
f 524 3 596
f 251 250 210
f 210 250 209
f 93 72 669
f 1706 1705 1637
f 1637 1704 1706
f 50 37 594
f 594 37 51
f 96 705 707
f 707 705 706
f 707 77 96
f 704 703 827
f 827 703 826
f 944 830 832
f 944 832 946
f 1174 1251 1154
f 1154 1077 1174
f 188 1051 186
f 186 1051 1150
f 1043 1145 1044
f 224 1145 1043
f 465 467 530
f 530 527 465
f 464 526 1415
f 464 465 527
f 404 465 464
f 1113 1115 1527
f 1498 1500 1497
f 1415 1498 1497
f 404 464 1497
f 1497 464 1415
f 346 404 1497
f 1418 346 1497
f 1318 1881 1937
f 1827 1227 1883
f 1828 1827 1883
f 2136 2119 2140
f 2117 2119 2136
f 769 648 768
f 292 648 769
f 486 431 489
f 429 431 486
f 503 651 258
f 651 256 258
f 671 72 576
f 671 669 72
f 75 76 682
f 60 75 682
f 482 544 543
f 483 544 482
f 482 422 481
f 481 483 482
f 1054 944 946
f 946 971 1054
f 1077 1154 1054
f 971 1077 1054
f 1242 1324 1327
f 268 1324 1242
f 543 544 612
f 612 609 543
f 609 612 606
f 606 612 700
f 1411 597 1414
f 1414 597 1413
f 1402 1316 1982
f 2028 1982 2027
f 2027 1982 1316
f 674 675 790
f 675 791 790
f 1528 1113 1527
f 1527 1593 1528
f 1190 1285 788
f 788 1285 1286
f 1679 1671 1209
f 1209 1596 1679
f 1568 1642 1581
f 1581 1642 1659
f 920 1576 1654
f 1654 806 920
f 1578 1577 1655
f 1578 1655 1656
f 2000 1956 1906
f 1906 1957 2000
f 1759 1758 1814
f 1690 1758 1759
f 885 448 387
f 885 387 450
f 577 510 995
f 1099 577 995
f 995 509 884
f 995 510 509
f 565 655 656
f 656 566 565
f 27 34 40
f 34 41 40
f 40 57 56
f 40 41 57
f 661 776 178
f 178 180 661
f 73 74 672
f 145 147 662
f 685 593 688
f 593 686 688
f 1562 1482 1560
f 1560 1635 1562
f 172 210 209
f 209 171 172
f 825 98 122
f 270 1240 226
f 270 1042 1240
f 532 606 700
f 700 607 532
f 347 1420 1410
f 347 1239 1420
f 1487 2026 2067
f 2067 2066 1487
f 759 790 791
f 791 876 759
f 760 638 759
f 759 876 760
f 1741 1800 1742
f 1742 1800 1801
f 2039 2078 2077
f 2076 2078 2039
f 1416 598 525
f 525 599 1416
f 1658 1581 1659
f 1658 1659 1726
f 2090 2116 2115
f 2091 2116 2090
f 2114 2090 2115
f 2089 2090 2114
f 2117 2136 2111
f 2111 2136 2135
f 1853 1521 1520
f 1520 1519 1853
f 1388 1670 1797
f 1387 1388 1797
f 994 995 884
f 1098 995 994
f 882 766 881
f 882 329 766
f 388 329 882
f 690 672 74
f 74 508 690
f 118 507 667
f 667 117 118
f 145 662 571
f 571 570 145
f 1560 1482 1480
f 1482 1397 1480
f 1223 1312 1222
f 1222 1312 1311
f 33 23 19
f 33 22 5
f 4 24 33
f 1 2 33
f 33 3 4
f 19 20 33
f 14 17 33
f 35 36 33
f 33 24 35
f 33 20 21
f 21 22 33
f 5 6 33
f 33 15 16
f 33 18 3
f 33 30 44
f 36 23 33
f 10 11 33
f 33 9 10
f 17 15 33
f 33 12 1
f 33 31 14
f 44 43 33
f 2 13 33
f 6 7 33
f 26 12 33
f 33 25 26
f 42 31 33
f 33 43 42
f 28 29 33
f 16 32 33
f 33 46 47
f 33 7 8
f 8 9 33
f 33 11 25
f 29 30 33
f 33 13 28
f 33 32 45
f 45 46 33
f 112 88 89
f 111 88 112
f 1494 691 807
f 604 532 607
f 529 532 604
f 530 467 604
f 467 529 604
f 1851 1472 1795
f 1850 1851 1795
f 2051 2086 2085
f 2051 2085 2048
f 2085 2086 2088
f 2110 2085 2088
f 1456 1373 1374
f 1455 1373 1456
f 1381 1456 1374
f 1465 1456 1381
f 1121 1022 914
f 1121 914 1020
f 1223 1222 1125
f 1125 1219 1223
f 1020 914 912
f 912 914 799
f 89 88 68
f 69 89 68
f 56 57 68
f 57 69 68
f 111 112 140
f 140 139 111
f 140 172 171
f 171 139 140
f 1047 936 121
f 121 938 1047
f 1011 1525 1010
f 1363 1525 1011
f 1280 1365 1366
f 1366 786 1280
f 1282 1368 1283
f 1367 1368 1282
f 1546 1463 1547
f 1547 1463 1545
f 567 569 657
f 177 569 567
f 567 216 177
f 1728 1781 1784
f 1783 1728 1784
f 1946 1994 2041
f 2041 1993 1946
f 2175 2176 1901
f 2046 2045 1901
f 1901 2187 2175
f 1817 1814 1901
f 1702 1768 1901
f 2013 2012 1901
f 1901 1696 1710
f 1901 1706 1703
f 1901 2124 2123
f 2161 2144 1901
f 2123 2122 1901
f 1612 1611 1901
f 1901 1766 1765
f 1703 1701 1901
f 1901 2141 2118
f 2081 2082 1901
f 2178 2162 1901
f 1901 1700 1702
f 1901 2080 2081
f 2020 2016 1901
f 1901 2014 2013
f 1901 2163 2161
f 1977 1976 1901
f 1901 2011 1977
f 1901 1931 1930
f 1901 1758 1689
f 1901 1708 1711
f 1711 1707 1901
f 1765 1793 1901
f 2077 2078 1901
f 1901 2079 2077
f 1901 1792 1794
f 1901 2021 2020
f 2144 2141 1901
f 2183 2191 1901
f 2169 2184 1901
f 1901 2177 2178
f 1901 2012 2011
f 1901 1609 1608
f 1814 1758 1901
f 1901 1869 1817
f 1901 1623 1624
f 1705 1706 1901
f 1901 1701 1700
f 1901 2083 2079
f 1901 1874 1872
f 1901 2154 2169
f 1901 2016 2015
f 2015 2014 1901
f 1901 2061 2021
f 2191 2187 1901
f 1901 2184 2183
f 1901 2162 2163
f 1901 2176 2177
f 1976 1931 1901
f 2118 2093 1901
f 1689 1614 1901
f 1901 1707 1705
f 1901 1847 1900
f 1953 1952 1901
f 1872 1871 1901
f 1930 1929 1901
f 2078 2080 1901
f 1901 2045 2083
f 1901 2082 2099
f 1901 2093 2061
f 1901 1611 1610
f 1610 1609 1901
f 1901 1613 1612
f 1629 1628 1901
f 1616 1623 1901
f 1624 1627 1901
f 1794 1847 1901
f 1901 1626 1629
f 1901 1768 1767
f 1901 1999 2046
f 1901 1929 1928
f 1901 1871 1870
f 1928 1874 1901
f 2099 2125 1901
f 2145 2154 1901
f 1901 2146 2145
f 1870 1869 1901
f 1901 1614 1613
f 1901 1628 1697
f 1697 1696 1901
f 1627 1626 1901
f 1793 1792 1901
f 2125 2124 1901
f 1901 2122 2146
f 1710 1709 1901
f 1767 1766 1901
f 1608 1617 1901
f 1900 1899 1901
f 1709 1708 1901
f 1901 1617 1616
f 1901 1952 1999
f 1901 1899 1902
f 1947 1994 1946
f 1946 1891 1947
f 803 1579 1580
f 1572 803 1580
f 1192 1282 1283
f 1192 1283 1193
f 1619 1547 1545
f 1545 1618 1619
f 423 424 620
f 725 726 620
f 620 369 370
f 376 382 620
f 481 422 620
f 620 379 380
f 620 243 242
f 620 615 624
f 246 245 620
f 730 708 620
f 620 716 725
f 620 250 251
f 242 241 620
f 385 373 620
f 620 708 709
f 709 710 620
f 620 728 729
f 620 368 367
f 370 377 620
f 622 623 620
f 367 366 620
f 320 286 620
f 632 633 620
f 251 287 620
f 620 421 423
f 325 323 620
f 620 710 715
f 715 716 620
f 727 728 620
f 620 726 727
f 378 368 620
f 620 377 378
f 383 372 620
f 620 382 383
f 429 486 620
f 620 366 429
f 620 241 250
f 620 628 632
f 620 326 365
f 380 381 620
f 422 421 620
f 729 719 620
f 620 626 627
f 624 625 620
f 486 546 620
f 249 248 620
f 620 286 249
f 620 247 246
f 620 384 385
f 620 375 376
f 620 287 326
f 365 371 620
f 620 425 426
f 718 711 620
f 620 720 721
f 620 724 714
f 721 722 620
f 546 615 620
f 372 369 620
f 248 247 620
f 620 245 244
f 374 375 620
f 620 373 374
f 620 321 320
f 364 324 620
f 620 542 481
f 723 724 620
f 620 623 617
f 617 732 620
f 627 628 620
f 620 731 730
f 620 631 634
f 629 630 620
f 244 243 620
f 620 381 384
f 371 379 620
f 634 635 620
f 620 324 325
f 424 425 620
f 426 427 620
f 620 428 364
f 620 611 542
f 719 720 620
f 620 722 723
f 732 731 620
f 625 626 620
f 714 712 620
f 620 633 629
f 620 621 622
f 620 323 321
f 427 428 620
f 620 618 619
f 620 712 713
f 620 630 631
f 620 717 718
f 635 618 620
f 711 611 620
f 713 717 620
f 1783 1784 1839
f 1838 1783 1839
f 1719 919 1776
f 1776 1777 1719
f 1028 919 1719

